Workbook

Sheet RESUMEN
E2: TOTAL GLOBAL JULIO/AGOSTO | G2: TOTAL GLOBAL RACIONES JULIO/AGOSTO
E3: =K9 -> 29697840 | G3: =J9 -> 945908
B6: 46266
B7: 1a. Semana de septiembre y período de agosto pendiente de liquidar (RACIONES SERVIDAS) | D7: 2a. Semana (RACIONES SERVIDAS) | F7: 3a. Semana (RACIONES SERVIDAS) | H7: 4a. Semana (RACIONES SERVIDAS) | J7: TOTAL GLOBAL
B8: Cantidad de raciones servidas | C8: Ejecución Financiera | D8: Cantidad de raciones servidas | E8: Ejecución Financiera | F8: Cantidad de racione servidas | G8: Ejecución Financiera | H8: Cantidad de racione servidas | I8: Ejecución Financiera | J8: Acumulado Raciones | K8: Acumulado Ejecución
B9: =SEPTIEMBRE!O185+SEPTIEMBRE!U185 -> 431352 | C9: =SEPTIEMBRE!R185+SEPTIEMBRE!X185 -> 13503433 | D9: =SEPTIEMBRE!AA185 -> 143697 | E9: =SEPTIEMBRE!AD185 -> 4503499.5 | F9: =SEPTIEMBRE!AG185 -> 233164 | G9: =SEPTIEMBRE!AJ185 -> 7343504.3 | H9: =SEPTIEMBRE!AM185 -> 137695 | I9: =SEPTIEMBRE!AP185 -> 4347402.8 | J9: =B9+D9+F9+H9 -> 945908 | K9: =C9+E9+G9+I9 -> 29697840

Sheet SEPTIEMBRE
E2: CONTRATO ABIERTO, LICITACIÓN Y COMPRA DIRECTA
D3: EJECUCIÓN SEPTIEMBRE 2026
E4: Nuevas Aperturas
E5: suspendidos
E6: Comedores con Corte anticipado | H6: Resaltados en rojo marcan incumplimiento
AQ7: Resumen septiembre 2026 (del 01 al 30 de septiembre 2026
M8: (pendiente de liquidar de agosto) | S8: PRIMERA SEMANA (del 1 al 11 de Septiembre) | Y8: SEGUNDA SEMANA (del 14 al 18 de septiembre) | AE8: TERCERA SEMANA (del 21 al 25 de septiembre) | AK8: CUARTA SEMANA (del 28 al 30 de septiembre) | AQ8: TOTAL RACIONES SERVIDAS | AT8: EJECUCIÓN FINANCIERA GLOBAL
A9: No. | B9: DEPARTAMENTO | C9: MUNICIPIO | D9: COMEDOR SOCIAL | E9: MODALIDAD | F9: DESAYUNO | G9: ALMUERZO | H9: DESAYUNO | I9: ALMUERZO | J9: MODALIDAD DE CONTRATACION | K9: REGION O LOTE | L9: PROVEEDOR | M9: DESAYUNO | N9: ALMUERZO | O9: TOTAL | P9: DESAYUNO | Q9: ALMUERZO | R9: TOTAL | S9: DESAYUNO | T9: ALMUERZO | U9: TOTAL | V9: DESAYUNO | W9: ALMUERZO | X9: TOTAL | Y9: DESAYUNO | Z9: ALMUERZO | AA9: TOTAL | AB9: DESAYUNO | AC9: ALMUERZO | AD9: TOTAL | AE9: DESAYUNO | AF9: ALMUERZO | AG9: TOTAL | AH9: DESAYUNO | AI9: ALMUERZO | AJ9: TOTAL | AK9: DESAYUNO | AL9: ALMUERZO | AM9: TOTAL | AN9: DESAYUNO | AO9: ALMUERZO | AP9: TOTAL | AQ9: DESAYUNO | AR9: ALMUERZO | AS9: TOTAL | AT9: DESAYUNO | AU9: ALMUERZO | AV9: TOTAL
A10: 1 | B10: ALTA VERAPAZ | C10: CAHABÓN | D10: CAHABÓN | E10: FIJO | F10: 130 | G10: 200 | H10: 31.27 | I10: 34.45 | J10: CONTRATO ABIERTO | L10: BANQUETES DE GUATEMALA, S.A. | O10: =M10+N10 -> 0 | P10: =M10*H10 -> 0 | Q10: =N10*I10 -> 0 | R10: =P10+Q10 -> 0 | S10: 1040 | T10: 1800 | U10: =S10+T10 -> 2840 | V10: =S10*H10 -> 32520.8 | W10: =T10*I10 -> 62010 | X10: =V10+W10 -> 94530.8 | Y10: 390 | Z10: 600 | AA10: =Y10+Z10 -> 990 | AB10: =Y10*H10 -> 12195.3 | AC10: =Z10*I10 -> 20670 | AD10: =AB10+AC10 -> 32865.3 | AE10: 650 | AF10: 1000 | AG10: =AE10+AF10 -> 1650 | AH10: =AE10*H10 -> 20325.5 | AI10: =AF10*I10 -> 34450 | AJ10: =AH10+AI10 -> 54775.5 | AK10: 390 | AL10: 600 | AM10: =AK10+AL10 -> 990 | AN10: =AK10*H10 -> 12195.3 | AO10: =AL10*I10 -> 20670 | AP10: =AN10+AO10 -> 32865.3 | AQ10: =S10+Y10+AE10+AK10+M10 -> 2470 | AR10: =T10+Z10+AF10+AL10+N10 -> 4000 | AS10: =AQ10+AR10 -> 6470 | AT10: =V10+AB10+AH10+AN10+P10 -> 77236.9 | AU10: =W10+AC10+AI10+AO10+Q10 -> 137800 | AV10: =AT10+AU10 -> 215036.9 | AX10: =X10+AD10+AJ10+AP10+R10 -> 215036.9
A11: 2 | B11: ALTA VERAPAZ | C11: CHAHAL | D11: CHAHAL | E11: FIJO | F11: 150 | G11: 225 | H11: 31.27 | I11: 34.45 | J11: CONTRATO ABIERTO | L11: BANQUETES DE GUATEMALA, S.A. | O11: =M11+N11 -> 0 | P11: =M11*H11 -> 0 | Q11: =N11*I11 -> 0 | R11: =P11+Q11 -> 0 | S11: 1350 | T11: 2025 | U11: =S11+T11 -> 3375 | V11: =S11*H11 -> 42214.5 | W11: =T11*I11 -> 69761.25 | X11: =V11+W11 -> 111975.75 | Y11: 450 | Z11: 675 | AA11: =Y11+Z11 -> 1125 | AB11: =Y11*H11 -> 14071.5 | AC11: =Z11*I11 -> 23253.75 | AD11: =AB11+AC11 -> 37325.25 | AE11: 750 | AF11: 1125 | AG11: =AE11+AF11 -> 1875 | AH11: =AE11*H11 -> 23452.5 | AI11: =AF11*I11 -> 38756.25 | AJ11: =AH11+AI11 -> 62208.75 | AK11: 450 | AL11: 675 | AM11: =AK11+AL11 -> 1125 | AN11: =AK11*H11 -> 14071.5 | AO11: =AL11*I11 -> 23253.75 | AP11: =AN11+AO11 -> 37325.25 | AQ11: =S11+Y11+AE11+AK11+M11 -> 3000 | AR11: =T11+Z11+AF11+AL11+N11 -> 4500 | AS11: =AQ11+AR11 -> 7500 | AT11: =V11+AB11+AH11+AN11+P11 -> 93810 | AU11: =W11+AC11+AI11+AO11+Q11 -> 155025 | AV11: =AT11+AU11 -> 248835 | AX11: =X11+AD11+AJ11+AP11+R11 -> 248835
A12: 3 | B12: ALTA VERAPAZ | C12: CHISEC | D12: CHISEC | E12: FIJO | F12: 100 | G12: 150 | H12: 31.27 | I12: 34.45 | J12: CONTRATO ABIERTO | L12: BANQUETES DE GUATEMALA, S.A. | O12: =M12+N12 -> 0 | P12: =M12*H12 -> 0 | Q12: =N12*I12 -> 0 | R12: =P12+Q12 -> 0 | S12: 900 | T12: 1350 | U12: =S12+T12 -> 2250 | V12: =S12*H12 -> 28143 | W12: =T12*I12 -> 46507.5 | X12: =V12+W12 -> 74650.5 | Y12: 300 | Z12: 450 | AA12: =Y12+Z12 -> 750 | AB12: =Y12*H12 -> 9381 | AC12: =Z12*I12 -> 15502.5 | AD12: =AB12+AC12 -> 24883.5 | AE12: 500 | AF12: 750 | AG12: =AE12+AF12 -> 1250 | AH12: =AE12*H12 -> 15635 | AI12: =AF12*I12 -> 25837.5 | AJ12: =AH12+AI12 -> 41472.5 | AK12: 300 | AL12: 450 | AM12: =AK12+AL12 -> 750 | AN12: =AK12*H12 -> 9381 | AO12: =AL12*I12 -> 15502.5 | AP12: =AN12+AO12 -> 24883.5 | AQ12: =S12+Y12+AE12+AK12+M12 -> 2000 | AR12: =T12+Z12+AF12+AL12+N12 -> 3000 | AS12: =AQ12+AR12 -> 5000 | AT12: =V12+AB12+AH12+AN12+P12 -> 62540 | AU12: =W12+AC12+AI12+AO12+Q12 -> 103350 | AV12: =AT12+AU12 -> 165890 | AX12: =X12+AD12+AJ12+AP12+R12 -> 165890
A13: 4 | B13: ALTA VERAPAZ | C13: COBÁN | D13: COBÁN | E13: FIJO | F13: 150 | G13: 200 | H13: 23 | I13: 27 | J13: LICITACION | K13: LOTE 4 | L13: PROVEEDORA DE ALIMENTOS EL ROSARIO | O13: =M13+N13 -> 0 | P13: =M13*H13 -> 0 | Q13: =N13*I13 -> 0 | R13: =P13+Q13 -> 0 | S13: 1350 | T13: 1800 | U13: =S13+T13 -> 3150 | V13: =S13*H13 -> 31050 | W13: =T13*I13 -> 48600 | X13: =V13+W13 -> 79650 | Y13: 450 | Z13: 600 | AA13: =Y13+Z13 -> 1050 | AB13: =Y13*H13 -> 10350 | AC13: =Z13*I13 -> 16200 | AD13: =AB13+AC13 -> 26550 | AE13: 750 | AF13: 1000 | AG13: =AE13+AF13 -> 1750 | AH13: =AE13*H13 -> 17250 | AI13: =AF13*I13 -> 27000 | AJ13: =AH13+AI13 -> 44250 | AK13: 450 | AL13: 600 | AM13: =AK13+AL13 -> 1050 | AN13: =AK13*H13 -> 10350 | AO13: =AL13*I13 -> 16200 | AP13: =AN13+AO13 -> 26550 | AQ13: =S13+Y13+AE13+AK13+M13 -> 3000 | AR13: =T13+Z13+AF13+AL13+N13 -> 4000 | AS13: =AQ13+AR13 -> 7000 | AT13: =V13+AB13+AH13+AN13+P13 -> 69000 | AU13: =W13+AC13+AI13+AO13+Q13 -> 108000 | AV13: =AT13+AU13 -> 177000 | AX13: =X13+AD13+AJ13+AP13+R13 -> 177000
A14: 5 | B14: ALTA VERAPAZ | C14: FRAY BARTOLOMÉ DE LAS CASAS | D14: FRAY BARTOLOMÉ DE LAS CASAS | E14: FIJO | F14: 150 | G14: 250 | H14: 24 | I14: 28 | J14: LICITACION | K14: LOTE 5 | L14: PROVEEDORA DE ALIMENTOS EL ROSARIO | O14: =M14+N14 -> 0 | P14: =M14*H14 -> 0 | Q14: =N14*I14 -> 0 | R14: =P14+Q14 -> 0 | S14: 1305 | T14: 2211 | U14: =S14+T14 -> 3516 | V14: =S14*H14 -> 31320 | W14: =T14*I14 -> 61908 | X14: =V14+W14 -> 93228 | Y14: 450 | Z14: 750 | AA14: =Y14+Z14 -> 1200 | AB14: =Y14*H14 -> 10800 | AC14: =Z14*I14 -> 21000 | AD14: =AB14+AC14 -> 31800 | AE14: 750 | AF14: 1200 | AG14: =AE14+AF14 -> 1950 | AH14: =AE14*H14 -> 18000 | AI14: =AF14*I14 -> 33600 | AJ14: =AH14+AI14 -> 51600 | AK14: 450 | AL14: 750 | AM14: =AK14+AL14 -> 1200 | AN14: =AK14*H14 -> 10800 | AO14: =AL14*I14 -> 21000 | AP14: =AN14+AO14 -> 31800 | AQ14: =S14+Y14+AE14+AK14+M14 -> 2955 | AR14: =T14+Z14+AF14+AL14+N14 -> 4911 | AS14: =AQ14+AR14 -> 7866 | AT14: =V14+AB14+AH14+AN14+P14 -> 70920 | AU14: =W14+AC14+AI14+AO14+Q14 -> 137508 | AV14: =AT14+AU14 -> 208428 | AX14: =X14+AD14+AJ14+AP14+R14 -> 208428
A15: 6 | B15: ALTA VERAPAZ | C15: PANZÓS | D15: PANZÓS | E15: FIJO | F15: 150 | G15: 250 | H15: 23 | I15: 27 | J15: LICITACION | K15: LOTE 6 | L15: PROVEEDORA DE ALIMENTOS EL ROSARIO | O15: =M15+N15 -> 0 | P15: =M15*H15 -> 0 | Q15: =N15*I15 -> 0 | R15: =P15+Q15 -> 0 | S15: 1350 | T15: 2250 | U15: =S15+T15 -> 3600 | V15: =S15*H15 -> 31050 | W15: =T15*I15 -> 60750 | X15: =V15+W15 -> 91800 | Y15: 450 | Z15: 750 | AA15: =Y15+Z15 -> 1200 | AB15: =Y15*H15 -> 10350 | AC15: =Z15*I15 -> 20250 | AD15: =AB15+AC15 -> 30600 | AE15: 750 | AF15: 1240 | AG15: =AE15+AF15 -> 1990 | AH15: =AE15*H15 -> 17250 | AI15: =AF15*I15 -> 33480 | AJ15: =AH15+AI15 -> 50730 | AK15: 450 | AL15: 750 | AM15: =AK15+AL15 -> 1200 | AN15: =AK15*H15 -> 10350 | AO15: =AL15*I15 -> 20250 | AP15: =AN15+AO15 -> 30600 | AQ15: =S15+Y15+AE15+AK15+M15 -> 3000 | AR15: =T15+Z15+AF15+AL15+N15 -> 4990 | AS15: =AQ15+AR15 -> 7990 | AT15: =V15+AB15+AH15+AN15+P15 -> 69000 | AU15: =W15+AC15+AI15+AO15+Q15 -> 134730 | AV15: =AT15+AU15 -> 203730 | AX15: =X15+AD15+AJ15+AP15+R15 -> 203730
A16: 7 | B16: ALTA VERAPAZ | C16: RAXRUHÁ | D16: RAXRUHÁ | E16: FIJO | F16: 100 | G16: 150 | H16: 31.27 | I16: 34.45 | J16: CONTRATO ABIERTO | L16: BANQUETES DE GUATEMALA, S.A. | O16: =M16+N16 -> 0 | P16: =M16*H16 -> 0 | Q16: =N16*I16 -> 0 | R16: =P16+Q16 -> 0 | S16: 900 | T16: 1350 | U16: =S16+T16 -> 2250 | V16: =S16*H16 -> 28143 | W16: =T16*I16 -> 46507.5 | X16: =V16+W16 -> 74650.5 | Y16: 300 | Z16: 450 | AA16: =Y16+Z16 -> 750 | AB16: =Y16*H16 -> 9381 | AC16: =Z16*I16 -> 15502.5 | AD16: =AB16+AC16 -> 24883.5 | AE16: 500 | AF16: 750 | AG16: =AE16+AF16 -> 1250 | AH16: =AE16*H16 -> 15635 | AI16: =AF16*I16 -> 25837.5 | AJ16: =AH16+AI16 -> 41472.5 | AK16: 300 | AL16: 450 | AM16: =AK16+AL16 -> 750 | AN16: =AK16*H16 -> 9381 | AO16: =AL16*I16 -> 15502.5 | AP16: =AN16+AO16 -> 24883.5 | AQ16: =S16+Y16+AE16+AK16+M16 -> 2000 | AR16: =T16+Z16+AF16+AL16+N16 -> 3000 | AS16: =AQ16+AR16 -> 5000 | AT16: =V16+AB16+AH16+AN16+P16 -> 62540 | AU16: =W16+AC16+AI16+AO16+Q16 -> 103350 | AV16: =AT16+AU16 -> 165890 | AX16: =X16+AD16+AJ16+AP16+R16 -> 165890
A17: 8 | B17: ALTA VERAPAZ | C17: SAN AGUSTÍN LANQUÍN | D17: SAN AGUSTÍN LANQUÍN | E17: MÓVIL | F17: 150 | G17: 250 | H17: 31.27 | I17: 34.45 | J17: CONTRATO ABIERTO | L17: BANQUETES DE GUATEMALA, S.A. | O17: =M17+N17 -> 0 | P17: =M17*H17 -> 0 | Q17: =N17*I17 -> 0 | R17: =P17+Q17 -> 0 | S17: 1313 | T17: 2249 | U17: =S17+T17 -> 3562 | V17: =S17*H17 -> 41057.51 | W17: =T17*I17 -> 77478.05 | X17: =V17+W17 -> 118535.56 | Y17: 450 | Z17: 705 | AA17: =Y17+Z17 -> 1155 | AB17: =Y17*H17 -> 14071.5 | AC17: =Z17*I17 -> 24287.25 | AD17: =AB17+AC17 -> 38358.75 | AE17: 750 | AF17: 1210 | AG17: =AE17+AF17 -> 1960 | AH17: =AE17*H17 -> 23452.5 | AI17: =AF17*I17 -> 41684.5 | AJ17: =AH17+AI17 -> 65137 | AK17: 450 | AL17: 750 | AM17: =AK17+AL17 -> 1200 | AN17: =AK17*H17 -> 14071.5 | AO17: =AL17*I17 -> 25837.5 | AP17: =AN17+AO17 -> 39909 | AQ17: =S17+Y17+AE17+AK17+M17 -> 2963 | AR17: =T17+Z17+AF17+AL17+N17 -> 4914 | AS17: =AQ17+AR17 -> 7877 | AT17: =V17+AB17+AH17+AN17+P17 -> 92653.01 | AU17: =W17+AC17+AI17+AO17+Q17 -> 169287.3 | AV17: =AT17+AU17 -> 261940.31 | AX17: =X17+AD17+AJ17+AP17+R17 -> 261940.31
A18: 9 | B18: ALTA VERAPAZ | C18: SAN CRISTÓBAL VERAPAZ | D18: SAN CRISTÓBAL VERAPAZ | E18: FIJO | F18: 100 | G18: 150 | H18: 31.27 | I18: 34.45 | J18: CONTRATO ABIERTO | L18: BANQUETES DE GUATEMALA, S.A. | O18: =M18+N18 -> 0 | P18: =M18*H18 -> 0 | Q18: =N18*I18 -> 0 | R18: =P18+Q18 -> 0 | S18: 900 | T18: 1350 | U18: =S18+T18 -> 2250 | V18: =S18*H18 -> 28143 | W18: =T18*I18 -> 46507.5 | X18: =V18+W18 -> 74650.5 | Y18: 300 | Z18: 450 | AA18: =Y18+Z18 -> 750 | AB18: =Y18*H18 -> 9381 | AC18: =Z18*I18 -> 15502.5 | AD18: =AB18+AC18 -> 24883.5 | AE18: 500 | AF18: 750 | AG18: =AE18+AF18 -> 1250 | AH18: =AE18*H18 -> 15635 | AI18: =AF18*I18 -> 25837.5 | AJ18: =AH18+AI18 -> 41472.5 | AK18: 300 | AL18: 450 | AM18: =AK18+AL18 -> 750 | AN18: =AK18*H18 -> 9381 | AO18: =AL18*I18 -> 15502.5 | AP18: =AN18+AO18 -> 24883.5 | AQ18: =S18+Y18+AE18+AK18+M18 -> 2000 | AR18: =T18+Z18+AF18+AL18+N18 -> 3000 | AS18: =AQ18+AR18 -> 5000 | AT18: =V18+AB18+AH18+AN18+P18 -> 62540 | AU18: =W18+AC18+AI18+AO18+Q18 -> 103350 | AV18: =AT18+AU18 -> 165890 | AX18: =X18+AD18+AJ18+AP18+R18 -> 165890
A19: 10 | B19: ALTA VERAPAZ | C19: SAN JUAN CHAMELCO | D19: SAN JUAN CHAMELCO | E19: FIJO | F19: 100 | G19: 150 | H19: 23 | I19: 27 | J19: LICITACION | K19: LOTE 9 | L19: PROVEEDORA DE ALIMENTOS EL ROSARIO | O19: =M19+N19 -> 0 | P19: =M19*H19 -> 0 | Q19: =N19*I19 -> 0 | R19: =P19+Q19 -> 0 | S19: 900 | T19: 1350 | U19: =S19+T19 -> 2250 | V19: =S19*H19 -> 20700 | W19: =T19*I19 -> 36450 | X19: =V19+W19 -> 57150 | Y19: 300 | Z19: 450 | AA19: =Y19+Z19 -> 750 | AB19: =Y19*H19 -> 6900 | AC19: =Z19*I19 -> 12150 | AD19: =AB19+AC19 -> 19050 | AE19: 500 | AF19: 750 | AG19: =AE19+AF19 -> 1250 | AH19: =AE19*H19 -> 11500 | AI19: =AF19*I19 -> 20250 | AJ19: =AH19+AI19 -> 31750 | AK19: 300 | AL19: 450 | AM19: =AK19+AL19 -> 750 | AN19: =AK19*H19 -> 6900 | AO19: =AL19*I19 -> 12150 | AP19: =AN19+AO19 -> 19050 | AQ19: =S19+Y19+AE19+AK19+M19 -> 2000 | AR19: =T19+Z19+AF19+AL19+N19 -> 3000 | AS19: =AQ19+AR19 -> 5000 | AT19: =V19+AB19+AH19+AN19+P19 -> 46000 | AU19: =W19+AC19+AI19+AO19+Q19 -> 81000 | AV19: =AT19+AU19 -> 127000 | AX19: =X19+AD19+AJ19+AP19+R19 -> 127000
A20: 11 | B20: ALTA VERAPAZ | C20: SAN MIGUEL TUCURÚ | D20: SAN MIGUEL TUCURÚ | E20: FIJO | F20: 75 | G20: 125 | H20: 31.27 | I20: 34.45 | J20: CONTRATO ABIERTO | L20: BANQUETES DE GUATEMALA, S.A. | O20: =M20+N20 -> 0 | P20: =M20*H20 -> 0 | Q20: =N20*I20 -> 0 | R20: =P20+Q20 -> 0 | S20: 675 | T20: 1125 | U20: =S20+T20 -> 1800 | V20: =S20*H20 -> 21107.25 | W20: =T20*I20 -> 38756.25 | X20: =V20+W20 -> 59863.5 | Y20: 225 | Z20: 375 | AA20: =Y20+Z20 -> 600 | AB20: =Y20*H20 -> 7035.75 | AC20: =Z20*I20 -> 12918.75 | AD20: =AB20+AC20 -> 19954.5 | AE20: 225 | AF20: 250 | AG20: =AE20+AF20 -> 475 | AH20: =AE20*H20 -> 7035.75 | AI20: =AF20*I20 -> 8612.5 | AJ20: =AH20+AI20 -> 15648.25 | AK20: 225 | AL20: 375 | AM20: =AK20+AL20 -> 600 | AN20: =AK20*H20 -> 7035.75 | AO20: =AL20*I20 -> 12918.75 | AP20: =AN20+AO20 -> 19954.5 | AQ20: =S20+Y20+AE20+AK20+M20 -> 1350 | AR20: =T20+Z20+AF20+AL20+N20 -> 2125 | AS20: =AQ20+AR20 -> 3475 | AT20: =V20+AB20+AH20+AN20+P20 -> 42214.5 | AU20: =W20+AC20+AI20+AO20+Q20 -> 73206.25 | AV20: =AT20+AU20 -> 115420.75 | AX20: =X20+AD20+AJ20+AP20+R20 -> 115420.75
A21: 12 | B21: ALTA VERAPAZ | C21: SANTA CATALINA LA TINTA | D21: SANTA CATALINA LA TINTA | E21: FIJO | F21: 150 | G21: 250 | H21: 31.27 | I21: 34.45 | J21: CONTRATO ABIERTO | L21: BANQUETES DE GUATEMALA, S.A. | O21: =M21+N21 -> 0 | P21: =M21*H21 -> 0 | Q21: =N21*I21 -> 0 | R21: =P21+Q21 -> 0 | S21: 1302 | T21: 2250 | U21: =S21+T21 -> 3552 | V21: =S21*H21 -> 40713.54 | W21: =T21*I21 -> 77512.5 | X21: =V21+W21 -> 118226.04 | Y21: 430 | Z21: 650 | AA21: =Y21+Z21 -> 1080 | AB21: =Y21*H21 -> 13446.1 | AC21: =Z21*I21 -> 22392.5 | AD21: =AB21+AC21 -> 35838.6 | AE21: 727 | AF21: 877 | AG21: =AE21+AF21 -> 1604 | AH21: =AE21*H21 -> 22733.29 | AI21: =AF21*I21 -> 30212.65 | AJ21: =AH21+AI21 -> 52945.94 | AK21: 450 | AL21: 716 | AM21: =AK21+AL21 -> 1166 | AN21: =AK21*H21 -> 14071.5 | AO21: =AL21*I21 -> 24666.2 | AP21: =AN21+AO21 -> 38737.7 | AQ21: =S21+Y21+AE21+AK21+M21 -> 2909 | AR21: =T21+Z21+AF21+AL21+N21 -> 4493 | AS21: =AQ21+AR21 -> 7402 | AT21: =V21+AB21+AH21+AN21+P21 -> 90964.43 | AU21: =W21+AC21+AI21+AO21+Q21 -> 154783.85 | AV21: =AT21+AU21 -> 245748.28 | AX21: =X21+AD21+AJ21+AP21+R21 -> 245748.28
A22: 13 | B22: ALTA VERAPAZ | C22: SENAHÚ | D22: SENAHÚ | E22: FIJO | F22: 150 | G22: 200 | H22: 23 | I22: 27 | J22: LICITACION | K22: LOTE 12 | L22: PROVEEDORA DE ALIMENTOS EL ROSARIO | O22: =M22+N22 -> 0 | P22: =M22*H22 -> 0 | Q22: =N22*I22 -> 0 | R22: =P22+Q22 -> 0 | S22: 1350 | T22: 1785 | U22: =S22+T22 -> 3135 | V22: =S22*H22 -> 31050 | W22: =T22*I22 -> 48195 | X22: =V22+W22 -> 79245 | Y22: 450 | Z22: 600 | AA22: =Y22+Z22 -> 1050 | AB22: =Y22*H22 -> 10350 | AC22: =Z22*I22 -> 16200 | AD22: =AB22+AC22 -> 26550 | AE22: 750 | AF22: 1000 | AG22: =AE22+AF22 -> 1750 | AH22: =AE22*H22 -> 17250 | AI22: =AF22*I22 -> 27000 | AJ22: =AH22+AI22 -> 44250 | AK22: 450 | AL22: 600 | AM22: =AK22+AL22 -> 1050 | AN22: =AK22*H22 -> 10350 | AO22: =AL22*I22 -> 16200 | AP22: =AN22+AO22 -> 26550 | AQ22: =S22+Y22+AE22+AK22+M22 -> 3000 | AR22: =T22+Z22+AF22+AL22+N22 -> 3985 | AS22: =AQ22+AR22 -> 6985 | AT22: =V22+AB22+AH22+AN22+P22 -> 69000 | AU22: =W22+AC22+AI22+AO22+Q22 -> 107595 | AV22: =AT22+AU22 -> 176595 | AX22: =X22+AD22+AJ22+AP22+R22 -> 176595
A23: 14 | B23: ALTA VERAPAZ | C23: TAMAHÚ | D23: TAMAHÚ | E23: MÓVIL TEMPORAL | F23: 150 | G23: 200 | H23: 31.27 | I23: 34.45 | J23: CONTRATO ABIERTO | L23: BANQUETES DE GUATEMALA, S.A. | O23: =M23+N23 -> 0 | P23: =M23*H23 -> 0 | Q23: =N23*I23 -> 0 | R23: =P23+Q23 -> 0 | S23: 1311 | T23: 1737 | U23: =S23+T23 -> 3048 | V23: =S23*H23 -> 40994.97 | W23: =T23*I23 -> 59839.65 | X23: =V23+W23 -> 100834.62 | Y23: 450 | Z23: 541 | AA23: =Y23+Z23 -> 991 | AB23: =Y23*H23 -> 14071.5 | AC23: =Z23*I23 -> 18637.45 | AD23: =AB23+AC23 -> 32708.95 | AE23: 750 | AF23: 1000 | AG23: =AE23+AF23 -> 1750 | AH23: =AE23*H23 -> 23452.5 | AI23: =AF23*I23 -> 34450 | AJ23: =AH23+AI23 -> 57902.5 | AK23: 450 | AL23: 600 | AM23: =AK23+AL23 -> 1050 | AN23: =AK23*H23 -> 14071.5 | AO23: =AL23*I23 -> 20670 | AP23: =AN23+AO23 -> 34741.5 | AQ23: =S23+Y23+AE23+AK23+M23 -> 2961 | AR23: =T23+Z23+AF23+AL23+N23 -> 3878 | AS23: =AQ23+AR23 -> 6839 | AT23: =V23+AB23+AH23+AN23+P23 -> 92590.47 | AU23: =W23+AC23+AI23+AO23+Q23 -> 133597.1 | AV23: =AT23+AU23 -> 226187.57 | AX23: =X23+AD23+AJ23+AP23+R23 -> 226187.57
A24: 15 | B24: BAJA VERAPAZ | C24: CUBULCO | D24: CUBULCO | E24: FIJO | F24: 100 | G24: 150 | H24: 31.27 | I24: 34.45 | J24: CONTRATO ABIERTO | L24: BANQUETES DE GUATEMALA, S.A. | O24: =M24+N24 -> 0 | P24: =M24*H24 -> 0 | Q24: =N24*I24 -> 0 | R24: =P24+Q24 -> 0 | S24: 542 | T24: 600 | U24: =S24+T24 -> 1142 | V24: =S24*H24 -> 16948.34 | W24: =T24*I24 -> 20670 | X24: =V24+W24 -> 37618.34 | Y24: 300 | Z24: 450 | AA24: =Y24+Z24 -> 750 | AB24: =Y24*H24 -> 9381 | AC24: =Z24*I24 -> 15502.5 | AD24: =AB24+AC24 -> 24883.5 | AE24: 374 | AF24: 750 | AG24: =AE24+AF24 -> 1124 | AH24: =AE24*H24 -> 11694.98 | AI24: =AF24*I24 -> 25837.5 | AJ24: =AH24+AI24 -> 37532.48 | AK24: 300 | AL24: 450 | AM24: =AK24+AL24 -> 750 | AN24: =AK24*H24 -> 9381 | AO24: =AL24*I24 -> 15502.5 | AP24: =AN24+AO24 -> 24883.5 | AQ24: =S24+Y24+AE24+AK24+M24 -> 1516 | AR24: =T24+Z24+AF24+AL24+N24 -> 2250 | AS24: =AQ24+AR24 -> 3766 | AT24: =V24+AB24+AH24+AN24+P24 -> 47405.32 | AU24: =W24+AC24+AI24+AO24+Q24 -> 77512.5 | AV24: =AT24+AU24 -> 124917.82 | AX24: =X24+AD24+AJ24+AP24+R24 -> 124917.82
A25: 16 | B25: BAJA VERAPAZ | C25: CUBULCO | D25: CUBULCO MÓVIL | E25: MÓVIL TEMPORAL | F25: 150 | G25: 200 | H25: 31.27 | I25: 34.45 | J25: CONTRATO ABIERTO | L25: BANQUETES DE GUATEMALA, S.A. | O25: =M25+N25 -> 0 | P25: =M25*H25 -> 0 | Q25: =N25*I25 -> 0 | R25: =P25+Q25 -> 0 | S25: 745 | T25: 800 | U25: =S25+T25 -> 1545 | V25: =S25*H25 -> 23296.15 | W25: =T25*I25 -> 27560 | X25: =V25+W25 -> 50856.15 | Y25: 450 | Z25: 285 | AA25: =Y25+Z25 -> 735 | AB25: =Y25*H25 -> 14071.5 | AC25: =Z25*I25 -> 9818.25 | AD25: =AB25+AC25 -> 23889.75 | AE25: 150 | AF25: 760 | AG25: =AE25+AF25 -> 910 | AH25: =AE25*H25 -> 4690.5 | AI25: =AF25*I25 -> 26182 | AJ25: =AH25+AI25 -> 30872.5 | AK25: 0 | AL25: 400 | AM25: =AK25+AL25 -> 400 | AN25: =AK25*H25 -> 0 | AO25: =AL25*I25 -> 13780 | AP25: =AN25+AO25 -> 13780 | AQ25: =S25+Y25+AE25+AK25+M25 -> 1345 | AR25: =T25+Z25+AF25+AL25+N25 -> 2245 | AS25: =AQ25+AR25 -> 3590 | AT25: =V25+AB25+AH25+AN25+P25 -> 42058.15 | AU25: =W25+AC25+AI25+AO25+Q25 -> 77340.25 | AV25: =AT25+AU25 -> 119398.4 | AX25: =X25+AD25+AJ25+AP25+R25 -> 119398.4
A26: 17 | B26: BAJA VERAPAZ | C26: PURULHÁ | D26: PURULHÁ | E26: FIJO | F26: 100 | G26: 175 | H26: 31.27 | I26: 34.45 | J26: CONTRATO ABIERTO | L26: BANQUETES DE GUATEMALA, S.A. | O26: =M26+N26 -> 0 | P26: =M26*H26 -> 0 | Q26: =N26*I26 -> 0 | R26: =P26+Q26 -> 0 | S26: 900 | T26: 1575 | U26: =S26+T26 -> 2475 | V26: =S26*H26 -> 28143 | W26: =T26*I26 -> 54258.75 | X26: =V26+W26 -> 82401.75 | Y26: 300 | Z26: 567 | AA26: =Y26+Z26 -> 867 | AB26: =Y26*H26 -> 9381 | AC26: =Z26*I26 -> 19533.15 | AD26: =AB26+AC26 -> 28914.15 | AE26: 500 | AF26: 794 | AG26: =AE26+AF26 -> 1294 | AH26: =AE26*H26 -> 15635 | AI26: =AF26*I26 -> 27353.3 | AJ26: =AH26+AI26 -> 42988.3 | AK26: 300 | AL26: 600 | AM26: =AK26+AL26 -> 900 | AN26: =AK26*H26 -> 9381 | AO26: =AL26*I26 -> 20670 | AP26: =AN26+AO26 -> 30051 | AQ26: =S26+Y26+AE26+AK26+M26 -> 2000 | AR26: =T26+Z26+AF26+AL26+N26 -> 3536 | AS26: =AQ26+AR26 -> 5536 | AT26: =V26+AB26+AH26+AN26+P26 -> 62540 | AU26: =W26+AC26+AI26+AO26+Q26 -> 121815.2 | AV26: =AT26+AU26 -> 184355.2 | AX26: =X26+AD26+AJ26+AP26+R26 -> 184355.2
A27: 18 | B27: BAJA VERAPAZ | C27: PURULHÁ | D27: PURULHÁ | E27: MÓVIL | F27: 150 | G27: 250 | H27: 23 | I27: 27 | J27: LICITACION | K27: LOTE 13 | L27: PROVEEDORA DE ALIMENTOS EL ROSARIO | O27: =M27+N27 -> 0 | P27: =M27*H27 -> 0 | Q27: =N27*I27 -> 0 | R27: =P27+Q27 -> 0 | S27: 1324 | T27: 1999 | U27: =S27+T27 -> 3323 | V27: =S27*H27 -> 30452 | W27: =T27*I27 -> 53973 | X27: =V27+W27 -> 84425 | Y27: 450 | Z27: 750 | AA27: =Y27+Z27 -> 1200 | AB27: =Y27*H27 -> 10350 | AC27: =Z27*I27 -> 20250 | AD27: =AB27+AC27 -> 30600 | AE27: 654 | AF27: 865 | AG27: =AE27+AF27 -> 1519 | AH27: =AE27*H27 -> 15042 | AI27: =AF27*I27 -> 23355 | AJ27: =AH27+AI27 -> 38397 | AK27: 450 | AL27: 712 | AM27: =AK27+AL27 -> 1162 | AN27: =AK27*H27 -> 10350 | AO27: =AL27*I27 -> 19224 | AP27: =AN27+AO27 -> 29574 | AQ27: =S27+Y27+AE27+AK27+M27 -> 2878 | AR27: =T27+Z27+AF27+AL27+N27 -> 4326 | AS27: =AQ27+AR27 -> 7204 | AT27: =V27+AB27+AH27+AN27+P27 -> 66194 | AU27: =W27+AC27+AI27+AO27+Q27 -> 116802 | AV27: =AT27+AU27 -> 182996 | AX27: =X27+AD27+AJ27+AP27+R27 -> 182996
A28: 19 | B28: BAJA VERAPAZ | C28: SALAMÁ | D28: SALAMA (CASCO URBANO) | E28: MÓVIL TEMPORAL | F28: 175 | G28: 225 | H28: 28.5 | I28: 29.5 | J28: COMPRA DIRECTA | L28: TECNO SUMINISTROS, S.A. | O28: =M28+N28 -> 0 | P28: =M28*H28 -> 0 | Q28: =N28*I28 -> 0 | R28: =P28+Q28 -> 0 | S28: 1575 | T28: 2025 | U28: =S28+T28 -> 3600 | V28: =S28*H28 -> 44887.5 | W28: =T28*I28 -> 59737.5 | X28: =V28+W28 -> 104625 | Y28: 525 | Z28: 675 | AA28: =Y28+Z28 -> 1200 | AB28: =Y28*H28 -> 14962.5 | AC28: =Z28*I28 -> 19912.5 | AD28: =AB28+AC28 -> 34875 | AE28: 0 | AF28: 0 | AG28: =AE28+AF28 -> 0 | AH28: =AE28*H28 -> 0 | AI28: =AF28*I28 -> 0 | AJ28: =AH28+AI28 -> 0 | AK28: 0 | AL28: 0 | AM28: =AK28+AL28 -> 0 | AN28: =AK28*H28 -> 0 | AO28: =AL28*I28 -> 0 | AP28: =AN28+AO28 -> 0 | AQ28: =S28+Y28+AE28+AK28+M28 -> 2100 | AR28: =T28+Z28+AF28+AL28+N28 -> 2700 | AS28: =AQ28+AR28 -> 4800 | AT28: =V28+AB28+AH28+AN28+P28 -> 59850 | AU28: =W28+AC28+AI28+AO28+Q28 -> 79650 | AV28: =AT28+AU28 -> 139500 | AX28: =X28+AD28+AJ28+AP28+R28 -> 139500
A29: 20 | B29: BAJA VERAPAZ | C29: SALAMA | D29: SALAMA 2 (CHILASCÓ) | E29: MÓVIL TEMPORAL | F29: 200 | G29: 300 | H29: 28.5 | I29: 29.5 | J29: COMPRA DIRECTA | L29: TECNO SUMINISTROS, S.A. | O29: =M29+N29 -> 0 | P29: =M29*H29 -> 0 | Q29: =N29*I29 -> 0 | R29: =P29+Q29 -> 0 | S29: 1800 | T29: 2700 | U29: =S29+T29 -> 4500 | V29: =S29*H29 -> 51300 | W29: =T29*I29 -> 79650 | X29: =V29+W29 -> 130950 | Y29: 600 | Z29: 900 | AA29: =Y29+Z29 -> 1500 | AB29: =Y29*H29 -> 17100 | AC29: =Z29*I29 -> 26550 | AD29: =AB29+AC29 -> 43650 | AE29: 1000 | AF29: 1500 | AG29: =AE29+AF29 -> 2500 | AH29: =AE29*H29 -> 28500 | AI29: =AF29*I29 -> 44250 | AJ29: =AH29+AI29 -> 72750 | AK29: 200 | AL29: 300 | AM29: =AK29+AL29 -> 500 | AN29: =AK29*H29 -> 5700 | AO29: =AL29*I29 -> 8850 | AP29: =AN29+AO29 -> 14550 | AQ29: =S29+Y29+AE29+AK29+M29 -> 3600 | AR29: =T29+Z29+AF29+AL29+N29 -> 5400 | AS29: =AQ29+AR29 -> 9000 | AT29: =V29+AB29+AH29+AN29+P29 -> 102600 | AU29: =W29+AC29+AI29+AO29+Q29 -> 159300 | AV29: =AT29+AU29 -> 261900 | AX29: =X29+AD29+AJ29+AP29+R29 -> 261900
A30: 21 | B30: BAJA VERAPAZ | C30: SAN JERÓNIMO | D30: SAN JERÓNIMO | E30: FIJO | F30: 100 | G30: 200 | H30: 23 | I30: 27 | J30: LICITACION | K30: LOTE 14 | L30: PROVEEDORA DE ALIMENTOS EL ROSARIO | O30: =M30+N30 -> 0 | P30: =M30*H30 -> 0 | Q30: =N30*I30 -> 0 | R30: =P30+Q30 -> 0 | S30: 900 | T30: 1800 | U30: =S30+T30 -> 2700 | V30: =S30*H30 -> 20700 | W30: =T30*I30 -> 48600 | X30: =V30+W30 -> 69300 | Y30: 300 | Z30: 600 | AA30: =Y30+Z30 -> 900 | AB30: =Y30*H30 -> 6900 | AC30: =Z30*I30 -> 16200 | AD30: =AB30+AC30 -> 23100 | AE30: 500 | AF30: 1000 | AG30: =AE30+AF30 -> 1500 | AH30: =AE30*H30 -> 11500 | AI30: =AF30*I30 -> 27000 | AJ30: =AH30+AI30 -> 38500 | AK30: 0 | AL30: 0 | AM30: =AK30+AL30 -> 0 | AN30: =AK30*H30 -> 0 | AO30: =AL30*I30 -> 0 | AP30: =AN30+AO30 -> 0 | AQ30: =S30+Y30+AE30+AK30+M30 -> 1700 | AR30: =T30+Z30+AF30+AL30+N30 -> 3400 | AS30: =AQ30+AR30 -> 5100 | AT30: =V30+AB30+AH30+AN30+P30 -> 39100 | AU30: =W30+AC30+AI30+AO30+Q30 -> 91800 | AV30: =AT30+AU30 -> 130900 | AX30: =X30+AD30+AJ30+AP30+R30 -> 130900
A31: 22 | B31: BAJA VERAPAZ | C31: SAN MIGUEL CHICAJ | D31: SAN MIGUEL CHICAJ | E31: MÓVIL | F31: 150 | G31: 250 | H31: 31.27 | I31: 34.45 | J31: CONTRATO ABIERTO | L31: BANQUETES DE GUATEMALA, S.A. | O31: =M31+N31 -> 0 | P31: =M31*H31 -> 0 | Q31: =N31*I31 -> 0 | R31: =P31+Q31 -> 0 | S31: 900 | T31: 1250 | U31: =S31+T31 -> 2150 | V31: =S31*H31 -> 28143 | W31: =T31*I31 -> 43062.5 | X31: =V31+W31 -> 71205.5 | Y31: 450 | Z31: 750 | AA31: =Y31+Z31 -> 1200 | AB31: =Y31*H31 -> 14071.5 | AC31: =Z31*I31 -> 25837.5 | AD31: =AB31+AC31 -> 39909 | AE31: 750 | AF31: 1250 | AG31: =AE31+AF31 -> 2000 | AH31: =AE31*H31 -> 23452.5 | AI31: =AF31*I31 -> 43062.5 | AJ31: =AH31+AI31 -> 66515 | AK31: 300 | AL31: 500 | AM31: =AK31+AL31 -> 800 | AN31: =AK31*H31 -> 9381 | AO31: =AL31*I31 -> 17225 | AP31: =AN31+AO31 -> 26606 | AQ31: =S31+Y31+AE31+AK31+M31 -> 2400 | AR31: =T31+Z31+AF31+AL31+N31 -> 3750 | AS31: =AQ31+AR31 -> 6150 | AT31: =V31+AB31+AH31+AN31+P31 -> 75048 | AU31: =W31+AC31+AI31+AO31+Q31 -> 129187.5 | AV31: =AT31+AU31 -> 204235.5 | AX31: =X31+AD31+AJ31+AP31+R31 -> 204235.5
A32: 23 | B32: CHIMALTENANGO | C32: ACATENANGO | D32: ACATENANGO | E32: FIJO | F32: 150 | G32: 200 | H32: 30.09 | I32: 33.15 | J32: CONTRATO ABIERTO | K32: REGION 5 | L32: BANQUETES DE GUATEMALA, S.A. | O32: =M32+N32 -> 0 | P32: =M32*H32 -> 0 | Q32: =N32*I32 -> 0 | R32: =P32+Q32 -> 0 | S32: 1350 | T32: 1800 | U32: =S32+T32 -> 3150 | V32: =S32*H32 -> 40621.5 | W32: =T32*I32 -> 59670 | X32: =V32+W32 -> 100291.5 | Y32: 450 | Z32: 600 | AA32: =Y32+Z32 -> 1050 | AB32: =Y32*H32 -> 13540.5 | AC32: =Z32*I32 -> 19890 | AD32: =AB32+AC32 -> 33430.5 | AE32: 750 | AF32: 1000 | AG32: =AE32+AF32 -> 1750 | AH32: =AE32*H32 -> 22567.5 | AI32: =AF32*I32 -> 33150 | AJ32: =AH32+AI32 -> 55717.5 | AK32: 450 | AL32: 600 | AM32: =AK32+AL32 -> 1050 | AN32: =AK32*H32 -> 13540.5 | AO32: =AL32*I32 -> 19890 | AP32: =AN32+AO32 -> 33430.5 | AQ32: =S32+Y32+AE32+AK32+M32 -> 3000 | AR32: =T32+Z32+AF32+AL32+N32 -> 4000 | AS32: =AQ32+AR32 -> 7000 | AT32: =V32+AB32+AH32+AN32+P32 -> 90270 | AU32: =W32+AC32+AI32+AO32+Q32 -> 132600 | AV32: =AT32+AU32 -> 222870 | AX32: =X32+AD32+AJ32+AP32+R32 -> 222870
A33: 24 | B33: CHIMALTENANGO | C33: EL TEJAR | D33: EL TEJAR | E33: FIJO | F33: 150 | G33: 200 | H33: 30.09 | I33: 33.15 | J33: CONTRATO ABIERTO | K33: REGION 5 | L33: BANQUETES DE GUATEMALA, S.A. | O33: =M33+N33 -> 0 | P33: =M33*H33 -> 0 | Q33: =N33*I33 -> 0 | R33: =P33+Q33 -> 0 | S33: 1350 | T33: 1795 | U33: =S33+T33 -> 3145 | V33: =S33*H33 -> 40621.5 | W33: =T33*I33 -> 59504.25 | X33: =V33+W33 -> 100125.75 | Y33: 450 | Z33: 600 | AA33: =Y33+Z33 -> 1050 | AB33: =Y33*H33 -> 13540.5 | AC33: =Z33*I33 -> 19890 | AD33: =AB33+AC33 -> 33430.5 | AE33: 750 | AF33: 1000 | AG33: =AE33+AF33 -> 1750 | AH33: =AE33*H33 -> 22567.5 | AI33: =AF33*I33 -> 33150 | AJ33: =AH33+AI33 -> 55717.5 | AK33: 450 | AL33: 600 | AM33: =AK33+AL33 -> 1050 | AN33: =AK33*H33 -> 13540.5 | AO33: =AL33*I33 -> 19890 | AP33: =AN33+AO33 -> 33430.5 | AQ33: =S33+Y33+AE33+AK33+M33 -> 3000 | AR33: =T33+Z33+AF33+AL33+N33 -> 3995 | AS33: =AQ33+AR33 -> 6995 | AT33: =V33+AB33+AH33+AN33+P33 -> 90270 | AU33: =W33+AC33+AI33+AO33+Q33 -> 132434.25 | AV33: =AT33+AU33 -> 222704.25 | AX33: =X33+AD33+AJ33+AP33+R33 -> 222704.25
A34: 25 | B34: CHIMALTENANGO | C34: PATZÚN | D34: PATZÚN | E34: FIJO | F34: 100 | G34: 175 | H34: 26 | I34: 27.5 | J34: LICITACION | K34: LOTE 16 | L34: TECNO SUMINISTROS, S.A. | O34: =M34+N34 -> 0 | P34: =M34*H34 -> 0 | Q34: =N34*I34 -> 0 | R34: =P34+Q34 -> 0 | S34: 900 | T34: 1575 | U34: =S34+T34 -> 2475 | V34: =S34*H34 -> 23400 | W34: =T34*I34 -> 43312.5 | X34: =V34+W34 -> 66712.5 | Y34: 300 | Z34: 525 | AA34: =Y34+Z34 -> 825 | AB34: =Y34*H34 -> 7800 | AC34: =Z34*I34 -> 14437.5 | AD34: =AB34+AC34 -> 22237.5 | AE34: 500 | AF34: 875 | AG34: =AE34+AF34 -> 1375 | AH34: =AE34*H34 -> 13000 | AI34: =AF34*I34 -> 24062.5 | AJ34: =AH34+AI34 -> 37062.5 | AK34: 300 | AL34: 525 | AM34: =AK34+AL34 -> 825 | AN34: =AK34*H34 -> 7800 | AO34: =AL34*I34 -> 14437.5 | AP34: =AN34+AO34 -> 22237.5 | AQ34: =S34+Y34+AE34+AK34+M34 -> 2000 | AR34: =T34+Z34+AF34+AL34+N34 -> 3500 | AS34: =AQ34+AR34 -> 5500 | AT34: =V34+AB34+AH34+AN34+P34 -> 52000 | AU34: =W34+AC34+AI34+AO34+Q34 -> 96250 | AV34: =AT34+AU34 -> 148250 | AX34: =X34+AD34+AJ34+AP34+R34 -> 148250
A35: 26 | B35: CHIMALTENANGO | C35: SAN MIGUEL POCHUTA | D35: SAN MIGUEL POCHUTA | E35: FIJO | F35: 100 | G35: 200 | H35: 26 | I35: 27.5 | J35: LICITACION | K35: LOTE 16 | L35: TECNO SUMINISTROS, S.A. | O35: =M35+N35 -> 0 | P35: =M35*H35 -> 0 | Q35: =N35*I35 -> 0 | R35: =P35+Q35 -> 0 | S35: 900 | T35: 1800 | U35: =S35+T35 -> 2700 | V35: =S35*H35 -> 23400 | W35: =T35*I35 -> 49500 | X35: =V35+W35 -> 72900 | Y35: 300 | Z35: 600 | AA35: =Y35+Z35 -> 900 | AB35: =Y35*H35 -> 7800 | AC35: =Z35*I35 -> 16500 | AD35: =AB35+AC35 -> 24300 | AE35: 500 | AF35: 1000 | AG35: =AE35+AF35 -> 1500 | AH35: =AE35*H35 -> 13000 | AI35: =AF35*I35 -> 27500 | AJ35: =AH35+AI35 -> 40500 | AK35: 0 | AL35: 0 | AM35: =AK35+AL35 -> 0 | AN35: =AK35*H35 -> 0 | AO35: =AL35*I35 -> 0 | AP35: =AN35+AO35 -> 0 | AQ35: =S35+Y35+AE35+AK35+M35 -> 1700 | AR35: =T35+Z35+AF35+AL35+N35 -> 3400 | AS35: =AQ35+AR35 -> 5100 | AT35: =V35+AB35+AH35+AN35+P35 -> 44200 | AU35: =W35+AC35+AI35+AO35+Q35 -> 93500 | AV35: =AT35+AU35 -> 137700 | AX35: =X35+AD35+AJ35+AP35+R35 -> 137700
A36: 27 | B36: CHIMALTENANGO | C36: SAN PEDRO YEPOCAPA | D36: SAN PEDRO YEPOCAPA | E36: MÓVIL | F36: 150 | G36: 200 | H36: 26 | I36: 27.5 | J36: LICITACION | K36: LOTE 16 | L36: TECNO SUMINISTROS, S.A. | O36: =M36+N36 -> 0 | P36: =M36*H36 -> 0 | Q36: =N36*I36 -> 0 | R36: =P36+Q36 -> 0 | S36: 1350 | T36: 1800 | U36: =S36+T36 -> 3150 | V36: =S36*H36 -> 35100 | W36: =T36*I36 -> 49500 | X36: =V36+W36 -> 84600 | Y36: 450 | Z36: 600 | AA36: =Y36+Z36 -> 1050 | AB36: =Y36*H36 -> 11700 | AC36: =Z36*I36 -> 16500 | AD36: =AB36+AC36 -> 28200 | AE36: 750 | AF36: 1000 | AG36: =AE36+AF36 -> 1750 | AH36: =AE36*H36 -> 19500 | AI36: =AF36*I36 -> 27500 | AJ36: =AH36+AI36 -> 47000 | AK36: 450 | AL36: 600 | AM36: =AK36+AL36 -> 1050 | AN36: =AK36*H36 -> 11700 | AO36: =AL36*I36 -> 16500 | AP36: =AN36+AO36 -> 28200 | AQ36: =S36+Y36+AE36+AK36+M36 -> 3000 | AR36: =T36+Z36+AF36+AL36+N36 -> 4000 | AS36: =AQ36+AR36 -> 7000 | AT36: =V36+AB36+AH36+AN36+P36 -> 78000 | AU36: =W36+AC36+AI36+AO36+Q36 -> 110000 | AV36: =AT36+AU36 -> 188000 | AX36: =X36+AD36+AJ36+AP36+R36 -> 188000
A37: 28 | B37: CHIQUIMULA | C37: CHIQUIMULA | D37: CHIQUIMULA | E37: MÓVIL TEMPORAL | F37: 150 | G37: 200 | H37: 31.27 | I37: 34.45 | J37: CONTRATO ABIERTO | K37: REGION 3 | L37: BANQUETES DE GUATEMALA, S.A. | O37: =M37+N37 -> 0 | P37: =M37*H37 -> 0 | Q37: =N37*I37 -> 0 | R37: =P37+Q37 -> 0 | S37: 900 | T37: 1000 | U37: =S37+T37 -> 1900 | V37: =S37*H37 -> 28143 | W37: =T37*I37 -> 34450 | X37: =V37+W37 -> 62593 | Y37: 450 | Z37: 400 | AA37: =Y37+Z37 -> 850 | AB37: =Y37*H37 -> 14071.5 | AC37: =Z37*I37 -> 13780 | AD37: =AB37+AC37 -> 27851.5 | AE37: 600 | AF37: 1000 | AG37: =AE37+AF37 -> 1600 | AH37: =AE37*H37 -> 18762 | AI37: =AF37*I37 -> 34450 | AJ37: =AH37+AI37 -> 53212 | AK37: 450 | AL37: 600 | AM37: =AK37+AL37 -> 1050 | AN37: =AK37*H37 -> 14071.5 | AO37: =AL37*I37 -> 20670 | AP37: =AN37+AO37 -> 34741.5 | AQ37: =S37+Y37+AE37+AK37+M37 -> 2400 | AR37: =T37+Z37+AF37+AL37+N37 -> 3000 | AS37: =AQ37+AR37 -> 5400 | AT37: =V37+AB37+AH37+AN37+P37 -> 75048 | AU37: =W37+AC37+AI37+AO37+Q37 -> 103350 | AV37: =AT37+AU37 -> 178398 | AX37: =X37+AD37+AJ37+AP37+R37 -> 178398
A38: 29 | B38: CHIQUIMULA | C38: CAMOTÁN | D38: CAMOTÁN | E38: FIJO | F38: 100 | G38: 150 | H38: 25 | I38: 28 | J38: LICITACION | K38: LOTE 17 | L38: PROVEEDORA DE ALIMENTOS EL ROSARIO | O38: =M38+N38 -> 0 | P38: =M38*H38 -> 0 | Q38: =N38*I38 -> 0 | R38: =P38+Q38 -> 0 | S38: 900 | T38: 1350 | U38: =S38+T38 -> 2250 | V38: =S38*H38 -> 22500 | W38: =T38*I38 -> 37800 | X38: =V38+W38 -> 60300 | Y38: 300 | Z38: 448 | AA38: =Y38+Z38 -> 748 | AB38: =Y38*H38 -> 7500 | AC38: =Z38*I38 -> 12544 | AD38: =AB38+AC38 -> 20044 | AE38: 500 | AF38: 750 | AG38: =AE38+AF38 -> 1250 | AH38: =AE38*H38 -> 12500 | AI38: =AF38*I38 -> 21000 | AJ38: =AH38+AI38 -> 33500 | AK38: 300 | AL38: 450 | AM38: =AK38+AL38 -> 750 | AN38: =AK38*H38 -> 7500 | AO38: =AL38*I38 -> 12600 | AP38: =AN38+AO38 -> 20100 | AQ38: =S38+Y38+AE38+AK38+M38 -> 2000 | AR38: =T38+Z38+AF38+AL38+N38 -> 2998 | AS38: =AQ38+AR38 -> 4998 | AT38: =V38+AB38+AH38+AN38+P38 -> 50000 | AU38: =W38+AC38+AI38+AO38+Q38 -> 83944 | AV38: =AT38+AU38 -> 133944 | AX38: =X38+AD38+AJ38+AP38+R38 -> 133944
A39: 30 | B39: CHIQUIMULA | C39: IPALA | D39: IPALA | E39: FIJO | F39: 100 | G39: 150 | H39: 31.27 | I39: 34.45 | J39: CONTRATO ABIERTO | K39: REGION 3 | L39: BANQUETES DE GUATEMALA, S.A. | O39: =M39+N39 -> 0 | P39: =M39*H39 -> 0 | Q39: =N39*I39 -> 0 | R39: =P39+Q39 -> 0 | S39: 900 | T39: 1342 | U39: =S39+T39 -> 2242 | V39: =S39*H39 -> 28143 | W39: =T39*I39 -> 46231.9 | X39: =V39+W39 -> 74374.9 | Y39: 300 | Z39: 450 | AA39: =Y39+Z39 -> 750 | AB39: =Y39*H39 -> 9381 | AC39: =Z39*I39 -> 15502.5 | AD39: =AB39+AC39 -> 24883.5 | AE39: 500 | AF39: 750 | AG39: =AE39+AF39 -> 1250 | AH39: =AE39*H39 -> 15635 | AI39: =AF39*I39 -> 25837.5 | AJ39: =AH39+AI39 -> 41472.5 | AK39: 300 | AL39: 450 | AM39: =AK39+AL39 -> 750 | AN39: =AK39*H39 -> 9381 | AO39: =AL39*I39 -> 15502.5 | AP39: =AN39+AO39 -> 24883.5 | AQ39: =S39+Y39+AE39+AK39+M39 -> 2000 | AR39: =T39+Z39+AF39+AL39+N39 -> 2992 | AS39: =AQ39+AR39 -> 4992 | AT39: =V39+AB39+AH39+AN39+P39 -> 62540 | AU39: =W39+AC39+AI39+AO39+Q39 -> 103074.4 | AV39: =AT39+AU39 -> 165614.4 | AX39: =X39+AD39+AJ39+AP39+R39 -> 165614.4
A40: 31 | B40: CHIQUIMULA | C40: JOCOTÁN | D40: JOCOTÁN | E40: FIJO | F40: 125 | G40: 200 | H40: 25 | I40: 28 | J40: LICITACION | K40: LOTE 17 | L40: PROVEEDORA DE ALIMENTOS EL ROSARIO | O40: =M40+N40 -> 0 | P40: =M40*H40 -> 0 | Q40: =N40*I40 -> 0 | R40: =P40+Q40 -> 0 | S40: 1125 | T40: 1790 | U40: =S40+T40 -> 2915 | V40: =S40*H40 -> 28125 | W40: =T40*I40 -> 50120 | X40: =V40+W40 -> 78245 | Y40: 375 | Z40: 600 | AA40: =Y40+Z40 -> 975 | AB40: =Y40*H40 -> 9375 | AC40: =Z40*I40 -> 16800 | AD40: =AB40+AC40 -> 26175 | AE40: 625 | AF40: 995 | AG40: =AE40+AF40 -> 1620 | AH40: =AE40*H40 -> 15625 | AI40: =AF40*I40 -> 27860 | AJ40: =AH40+AI40 -> 43485 | AK40: 375 | AL40: 596 | AM40: =AK40+AL40 -> 971 | AN40: =AK40*H40 -> 9375 | AO40: =AL40*I40 -> 16688 | AP40: =AN40+AO40 -> 26063 | AQ40: =S40+Y40+AE40+AK40+M40 -> 2500 | AR40: =T40+Z40+AF40+AL40+N40 -> 3981 | AS40: =AQ40+AR40 -> 6481 | AT40: =V40+AB40+AH40+AN40+P40 -> 62500 | AU40: =W40+AC40+AI40+AO40+Q40 -> 111468 | AV40: =AT40+AU40 -> 173968 | AX40: =X40+AD40+AJ40+AP40+R40 -> 173968
A41: 32 | B41: CHIQUIMULA | C41: OLOPA | D41: OLOPA | E41: FIJO | F41: 75 | G41: 125 | H41: 25 | I41: 28 | J41: LICITACION | K41: LOTE 17 | L41: PROVEEDORA DE ALIMENTOS EL ROSARIO | O41: =M41+N41 -> 0 | P41: =M41*H41 -> 0 | Q41: =N41*I41 -> 0 | R41: =P41+Q41 -> 0 | S41: 675 | T41: 1103 | U41: =S41+T41 -> 1778 | V41: =S41*H41 -> 16875 | W41: =T41*I41 -> 30884 | X41: =V41+W41 -> 47759 | Y41: 225 | Z41: 355 | AA41: =Y41+Z41 -> 580 | AB41: =Y41*H41 -> 5625 | AC41: =Z41*I41 -> 9940 | AD41: =AB41+AC41 -> 15565 | AE41: 375 | AF41: 584 | AG41: =AE41+AF41 -> 959 | AH41: =AE41*H41 -> 9375 | AI41: =AF41*I41 -> 16352 | AJ41: =AH41+AI41 -> 25727 | AK41: 225 | AL41: 343 | AM41: =AK41+AL41 -> 568 | AN41: =AK41*H41 -> 5625 | AO41: =AL41*I41 -> 9604 | AP41: =AN41+AO41 -> 15229 | AQ41: =S41+Y41+AE41+AK41+M41 -> 1500 | AR41: =T41+Z41+AF41+AL41+N41 -> 2385 | AS41: =AQ41+AR41 -> 3885 | AT41: =V41+AB41+AH41+AN41+P41 -> 37500 | AU41: =W41+AC41+AI41+AO41+Q41 -> 66780 | AV41: =AT41+AU41 -> 104280 | AX41: =X41+AD41+AJ41+AP41+R41 -> 104280
A42: 33 | B42: CHIQUIMULA | C42: SAN JUAN ERMITA | D42: SAN JUAN ERMITA | E42: MÓVIL TEMPORAL | F42: 150 | G42: 200 | H42: 31.27 | I42: 34.45 | J42: CONTRATO ABIERTO | K42: REGION 3 | L42: BANQUETES DE GUATEMALA, S.A. | O42: =M42+N42 -> 0 | P42: =M42*H42 -> 0 | Q42: =N42*I42 -> 0 | R42: =P42+Q42 -> 0 | S42: 900 | T42: 912 | U42: =S42+T42 -> 1812 | V42: =S42*H42 -> 28143 | W42: =T42*I42 -> 31418.4 | X42: =V42+W42 -> 59561.4 | Y42: 438 | Z42: 375 | AA42: =Y42+Z42 -> 813 | AB42: =Y42*H42 -> 13696.26 | AC42: =Z42*I42 -> 12918.75 | AD42: =AB42+AC42 -> 26615.01 | AE42: 588 | AF42: 953 | AG42: =AE42+AF42 -> 1541 | AH42: =AE42*H42 -> 18386.76 | AI42: =AF42*I42 -> 32830.85 | AJ42: =AH42+AI42 -> 51217.61 | AK42: 450 | AL42: 575 | AM42: =AK42+AL42 -> 1025 | AN42: =AK42*H42 -> 14071.5 | AO42: =AL42*I42 -> 19808.75 | AP42: =AN42+AO42 -> 33880.25 | AQ42: =S42+Y42+AE42+AK42+M42 -> 2376 | AR42: =T42+Z42+AF42+AL42+N42 -> 2815 | AS42: =AQ42+AR42 -> 5191 | AT42: =V42+AB42+AH42+AN42+P42 -> 74297.52 | AU42: =W42+AC42+AI42+AO42+Q42 -> 96976.75 | AV42: =AT42+AU42 -> 171274.27 | AX42: =X42+AD42+AJ42+AP42+R42 -> 171274.27
A43: 34 | B43: EL PROGRESO | C43: EL JÍCARO | D43: EL JÍCARO | E43: FIJO | F43: 100 | G43: 200 | H43: 26 | I43: 27.5 | J43: LICITACION | K43: LOTE 18 | L43: TECNO SUMINISTROS, S.A. | O43: =M43+N43 -> 0 | P43: =M43*H43 -> 0 | Q43: =N43*I43 -> 0 | R43: =P43+Q43 -> 0 | S43: 900 | T43: 1800 | U43: =S43+T43 -> 2700 | V43: =S43*H43 -> 23400 | W43: =T43*I43 -> 49500 | X43: =V43+W43 -> 72900 | Y43: 300 | Z43: 600 | AA43: =Y43+Z43 -> 900 | AB43: =Y43*H43 -> 7800 | AC43: =Z43*I43 -> 16500 | AD43: =AB43+AC43 -> 24300 | AE43: 500 | AF43: 1000 | AG43: =AE43+AF43 -> 1500 | AH43: =AE43*H43 -> 13000 | AI43: =AF43*I43 -> 27500 | AJ43: =AH43+AI43 -> 40500 | AK43: 300 | AL43: 600 | AM43: =AK43+AL43 -> 900 | AN43: =AK43*H43 -> 7800 | AO43: =AL43*I43 -> 16500 | AP43: =AN43+AO43 -> 24300 | AQ43: =S43+Y43+AE43+AK43+M43 -> 2000 | AR43: =T43+Z43+AF43+AL43+N43 -> 4000 | AS43: =AQ43+AR43 -> 6000 | AT43: =V43+AB43+AH43+AN43+P43 -> 52000 | AU43: =W43+AC43+AI43+AO43+Q43 -> 110000 | AV43: =AT43+AU43 -> 162000 | AX43: =X43+AD43+AJ43+AP43+R43 -> 162000
... A79: 70 | B79: HUEHUETENANGO | C79: SAN PEDRO NECTA | D79: SAN PEDRO NECTA | E79: FIJO | F79: 100 | G79: 175 | H79: 33.63 | I79: 37.05 | J79: CONTRATO ABIERTO | K79: REGION 8 | L79: BANQUETES DE GUATEMALA, S.A. | O79: =M79+N79 -> 0 | P79: =M79*H79 -> 0 | Q79: =N79*I79 -> 0 | R79: =P79+Q79 -> 0 | S79: 900 | T79: 1575 | U79: =S79+T79 -> 2475 | V79: =S79*H79 -> 30267 | W79: =T79*I79 -> 58353.75 | X79: =V79+W79 -> 88620.75 | Y79: 300 | Z79: 525 | AA79: =Y79+Z79 -> 825 | AB79: =Y79*H79 -> 10089 | AC79: =Z79*I79 -> 19451.25 | AD79: =AB79+AC79 -> 29540.25 | AE79: 500 | AF79: 750 | AG79: =AE79+AF79 -> 1250 | AH79: =AE79*H79 -> 16815 | AI79: =AF79*I79 -> 27787.5 | AJ79: =AH79+AI79 -> 44602.5 | AK79: 300 | AL79: 450 | AM79: =AK79+AL79 -> 750 | AN79: =AK79*H79 -> 10089 | AO79: =AL79*I79 -> 16672.5 | AP79: =AN79+AO79 -> 26761.5 | AQ79: =S79+Y79+AE79+AK79+M79 -> 2000 | AR79: =T79+Z79+AF79+AL79+N79 -> 3300 | AS79: =AQ79+AR79 -> 5300 | AT79: =V79+AB79+AH79+AN79+P79 -> 67260 | AU79: =W79+AC79+AI79+AO79+Q79 -> 122265 | AV79: =AT79+AU79 -> 189525 | AX79: =X79+AD79+AJ79+AP79+R79 -> 189525
A80: 71 | B80: HUEHUETENANGO | C80: SAN PEDRO SOLOMA | D80: SAN PEDRO SOLOMA | E80: FIJO | F80: 150-125 | G80: 200-175 | H80: 33.63 | I80: 37.05 | J80: CONTRATO ABIERTO | K80: REGION 8 | L80: BANQUETES DE GUATEMALA, S.A. | O80: =M80+N80 -> 0 | P80: =M80*H80 -> 0 | Q80: =N80*I80 -> 0 | R80: =P80+Q80 -> 0 | S80: 1175 | T80: 1625 | U80: =S80+T80 -> 2800 | V80: =S80*H80 -> 39515.25 | W80: =T80*I80 -> 60206.25 | X80: =V80+W80 -> 99721.5 | Y80: 375 | Z80: 525 | AA80: =Y80+Z80 -> 900 | AB80: =Y80*H80 -> 12611.25 | AC80: =Z80*I80 -> 19451.25 | AD80: =AB80+AC80 -> 32062.5 | AE80: 625 | AF80: 875 | AG80: =AE80+AF80 -> 1500 | AH80: =AE80*H80 -> 21018.75 | AI80: =AF80*I80 -> 32418.75 | AJ80: =AH80+AI80 -> 53437.5 | AK80: 375 | AL80: 525 | AM80: =AK80+AL80 -> 900 | AN80: =AK80*H80 -> 12611.25 | AO80: =AL80*I80 -> 19451.25 | AP80: =AN80+AO80 -> 32062.5 | AQ80: =S80+Y80+AE80+AK80+M80 -> 2550 | AR80: =T80+Z80+AF80+AL80+N80 -> 3550 | AS80: =AQ80+AR80 -> 6100 | AT80: =V80+AB80+AH80+AN80+P80 -> 85756.5 | AU80: =W80+AC80+AI80+AO80+Q80 -> 131527.5 | AV80: =AT80+AU80 -> 217284 | AX80: =X80+AD80+AJ80+AP80+R80 -> 217284
A81: 72 | B81: HUEHUETENANGO | C81: SAN RAFAEL PÉTZAL | D81: SAN RAFAEL PÉTZAL | E81: FIJO | F81: 100 | G81: 150 | H81: 33.63 | I81: 37.05 | J81: CONTRATO ABIERTO | K81: REGION 8 | L81: BANQUETES DE GUATEMALA, S.A. | O81: =M81+N81 -> 0 | P81: =M81*H81 -> 0 | Q81: =N81*I81 -> 0 | R81: =P81+Q81 -> 0 | S81: 900 | T81: 1350 | U81: =S81+T81 -> 2250 | V81: =S81*H81 -> 30267 | W81: =T81*I81 -> 50017.5 | X81: =V81+W81 -> 80284.5 | Y81: 300 | Z81: 450 | AA81: =Y81+Z81 -> 750 | AB81: =Y81*H81 -> 10089 | AC81: =Z81*I81 -> 16672.5 | AD81: =AB81+AC81 -> 26761.5 | AE81: 500 | AF81: 750 | AG81: =AE81+AF81 -> 1250 | AH81: =AE81*H81 -> 16815 | AI81: =AF81*I81 -> 27787.5 | AJ81: =AH81+AI81 -> 44602.5 | AK81: 300 | AL81: 450 | AM81: =AK81+AL81 -> 750 | AN81: =AK81*H81 -> 10089 | AO81: =AL81*I81 -> 16672.5 | AP81: =AN81+AO81 -> 26761.5 | AQ81: =S81+Y81+AE81+AK81+M81 -> 2000 | AR81: =T81+Z81+AF81+AL81+N81 -> 3000 | AS81: =AQ81+AR81 -> 5000 | AT81: =V81+AB81+AH81+AN81+P81 -> 67260 | AU81: =W81+AC81+AI81+AO81+Q81 -> 111150 | AV81: =AT81+AU81 -> 178410 | AX81: =X81+AD81+AJ81+AP81+R81 -> 178410
A82: 73 | B82: HUEHUETENANGO | C82: SAN SEBASTIÁN HUEHUETENANGO | D82: SAN SEBASTIÁN HUEHUETENANGO | E82: MÓVIL TEMPORAL | F82: 150 | G82: 200 | H82: 33.63 | I82: 37.05 | J82: CONTRATO ABIERTO | K82: REGION 8 | L82: BANQUETES DE GUATEMALA, S.A. | O82: =M82+N82 -> 0 | P82: =M82*H82 -> 0 | Q82: =N82*I82 -> 0 | R82: =P82+Q82 -> 0 | S82: 1350 | T82: 1800 | U82: =S82+T82 -> 3150 | V82: =S82*H82 -> 45400.5 | W82: =T82*I82 -> 66690 | X82: =V82+W82 -> 112090.5 | Y82: 450 | Z82: 600 | AA82: =Y82+Z82 -> 1050 | AB82: =Y82*H82 -> 15133.5 | AC82: =Z82*I82 -> 22230 | AD82: =AB82+AC82 -> 37363.5 | AE82: 750 | AF82: 1000 | AG82: =AE82+AF82 -> 1750 | AH82: =AE82*H82 -> 25222.5 | AI82: =AF82*I82 -> 37050 | AJ82: =AH82+AI82 -> 62272.5 | AK82: 450 | AL82: 600 | AM82: =AK82+AL82 -> 1050 | AN82: =AK82*H82 -> 15133.5 | AO82: =AL82*I82 -> 22230 | AP82: =AN82+AO82 -> 37363.5 | AQ82: =S82+Y82+AE82+AK82+M82 -> 3000 | AR82: =T82+Z82+AF82+AL82+N82 -> 4000 | AS82: =AQ82+AR82 -> 7000 | AT82: =V82+AB82+AH82+AN82+P82 -> 100890 | AU82: =W82+AC82+AI82+AO82+Q82 -> 148200 | AV82: =AT82+AU82 -> 249090 | AX82: =X82+AD82+AJ82+AP82+R82 -> 249090
A83: 74 | B83: HUEHUETENANGO | C83: SANTA BÁRBARA | D83: SANTA BÁRBARA | E83: FIJO | F83: 75 | G83: 125 | H83: 33.63 | I83: 37.05 | J83: CONTRATO ABIERTO | K83: REGION 8 | L83: BANQUETES DE GUATEMALA, S.A. | O83: =M83+N83 -> 0 | P83: =M83*H83 -> 0 | Q83: =N83*I83 -> 0 | R83: =P83+Q83 -> 0 | S83: 675 | T83: 1125 | U83: =S83+T83 -> 1800 | V83: =S83*H83 -> 22700.25 | W83: =T83*I83 -> 41681.25 | X83: =V83+W83 -> 64381.5 | Y83: 225 | Z83: 375 | AA83: =Y83+Z83 -> 600 | AB83: =Y83*H83 -> 7566.75 | AC83: =Z83*I83 -> 13893.75 | AD83: =AB83+AC83 -> 21460.5 | AE83: 375 | AF83: 625 | AG83: =AE83+AF83 -> 1000 | AH83: =AE83*H83 -> 12611.25 | AI83: =AF83*I83 -> 23156.25 | AJ83: =AH83+AI83 -> 35767.5 | AK83: 225 | AL83: 375 | AM83: =AK83+AL83 -> 600 | AN83: =AK83*H83 -> 7566.75 | AO83: =AL83*I83 -> 13893.75 | AP83: =AN83+AO83 -> 21460.5 | AQ83: =S83+Y83+AE83+AK83+M83 -> 1500 | AR83: =T83+Z83+AF83+AL83+N83 -> 2500 | AS83: =AQ83+AR83 -> 4000 | AT83: =V83+AB83+AH83+AN83+P83 -> 50445 | AU83: =W83+AC83+AI83+AO83+Q83 -> 92625 | AV83: =AT83+AU83 -> 143070 | AX83: =X83+AD83+AJ83+AP83+R83 -> 143070
A84: 75 | B84: HUEHUETENANGO | C84: SANTIAGO CHIMALTENANGO | D84: SANTIAGO CHIMALTENANGO | E84: FIJO | F84: 100 | G84: 175 | H84: 33.63 | I84: 37.05 | J84: CONTRATO ABIERTO | K84: REGION 8 | L84: BANQUETES DE GUATEMALA, S.A. | O84: =M84+N84 -> 0 | P84: =M84*H84 -> 0 | Q84: =N84*I84 -> 0 | R84: =P84+Q84 -> 0 | S84: 600 | T84: 1050 | U84: =S84+T84 -> 1650 | V84: =S84*H84 -> 20178 | W84: =T84*I84 -> 38902.5 | X84: =V84+W84 -> 59080.5 | Y84: 0 | Z84: 0 | AA84: =Y84+Z84 -> 0 | AB84: =Y84*H84 -> 0 | AC84: =Z84*I84 -> 0 | AD84: =AB84+AC84 -> 0 | AE84: 0 | AF84: 0 | AG84: =AE84+AF84 -> 0 | AH84: =AE84*H84 -> 0 | AI84: =AF84*I84 -> 0 | AJ84: =AH84+AI84 -> 0 | AK84: 0 | AL84: 0 | AM84: =AK84+AL84 -> 0 | AN84: =AK84*H84 -> 0 | AO84: =AL84*I84 -> 0 | AP84: =AN84+AO84 -> 0 | AQ84: =S84+Y84+AE84+AK84+M84 -> 600 | AR84: =T84+Z84+AF84+AL84+N84 -> 1050 | AS84: =AQ84+AR84 -> 1650 | AT84: =V84+AB84+AH84+AN84+P84 -> 20178 | AU84: =W84+AC84+AI84+AO84+Q84 -> 38902.5 | AV84: =AT84+AU84 -> 59080.5 | AX84: =X84+AD84+AJ84+AP84+R84 -> 59080.5
A85: 76 | B85: IZABAL | C85: EL ESTOR | D85: EL ESTOR | E85: FIJO | F85: 130 | G85: 180 | H85: 31.27 | I85: 34.45 | J85: CONTRATO ABIERTO | K85: REGION 3 | L85: BANQUETES DE GUATEMALA, S.A. | O85: =M85+N85 -> 0 | P85: =M85*H85 -> 0 | Q85: =N85*I85 -> 0 | R85: =P85+Q85 -> 0 | S85: 1170 | T85: 1620 | U85: =S85+T85 -> 2790 | V85: =S85*H85 -> 36585.9 | W85: =T85*I85 -> 55809 | X85: =V85+W85 -> 92394.9 | Y85: 390 | Z85: 540 | AA85: =Y85+Z85 -> 930 | AB85: =Y85*H85 -> 12195.3 | AC85: =Z85*I85 -> 18603 | AD85: =AB85+AC85 -> 30798.3 | AE85: 650 | AF85: 900 | AG85: =AE85+AF85 -> 1550 | AH85: =AE85*H85 -> 20325.5 | AI85: =AF85*I85 -> 31005 | AJ85: =AH85+AI85 -> 51330.5 | AK85: 390 | AL85: 540 | AM85: =AK85+AL85 -> 930 | AN85: =AK85*H85 -> 12195.3 | AO85: =AL85*I85 -> 18603 | AP85: =AN85+AO85 -> 30798.3 | AQ85: =S85+Y85+AE85+AK85+M85 -> 2600 | AR85: =T85+Z85+AF85+AL85+N85 -> 3600 | AS85: =AQ85+AR85 -> 6200 | AT85: =V85+AB85+AH85+AN85+P85 -> 81302 | AU85: =W85+AC85+AI85+AO85+Q85 -> 124020 | AV85: =AT85+AU85 -> 205322 | AX85: =X85+AD85+AJ85+AP85+R85 -> 205322
A86: 77 | B86: IZABAL | C86: EL ESTOR | D86: PLAYA PATAXTE | E86: FIJO | F86: 125 | G86: 150 | H86: 31.27 | I86: 34.45 | J86: CONTRATO ABIERTO | K86: REGION 3 | L86: BANQUETES DE GUATEMALA, S.A. | O86: =M86+N86 -> 0 | P86: =M86*H86 -> 0 | Q86: =N86*I86 -> 0 | R86: =P86+Q86 -> 0 | S86: 1125 | T86: 1350 | U86: =S86+T86 -> 2475 | V86: =S86*H86 -> 35178.75 | W86: =T86*I86 -> 46507.5 | X86: =V86+W86 -> 81686.25 | Y86: 375 | Z86: 450 | AA86: =Y86+Z86 -> 825 | AB86: =Y86*H86 -> 11726.25 | AC86: =Z86*I86 -> 15502.5 | AD86: =AB86+AC86 -> 27228.75 | AE86: 625 | AF86: 750 | AG86: =AE86+AF86 -> 1375 | AH86: =AE86*H86 -> 19543.75 | AI86: =AF86*I86 -> 25837.5 | AJ86: =AH86+AI86 -> 45381.25 | AK86: 375 | AL86: 450 | AM86: =AK86+AL86 -> 825 | AN86: =AK86*H86 -> 11726.25 | AO86: =AL86*I86 -> 15502.5 | AP86: =AN86+AO86 -> 27228.75 | AQ86: =S86+Y86+AE86+AK86+M86 -> 2500 | AR86: =T86+Z86+AF86+AL86+N86 -> 3000 | AS86: =AQ86+AR86 -> 5500 | AT86: =V86+AB86+AH86+AN86+P86 -> 78175 | AU86: =W86+AC86+AI86+AO86+Q86 -> 103350 | AV86: =AT86+AU86 -> 181525 | AX86: =X86+AD86+AJ86+AP86+R86 -> 181525
A87: 78 | B87: IZABAL | C87: LIVINGSTÓN | D87: FRONTERAS RIO DULCE | E87: MÓVIL | F87: 80 | G87: 130 | H87: 31.27 | I87: 34.45 | J87: CONTRATO ABIERTO | K87: REGION 3 | L87: BANQUETES DE GUATEMALA, S.A. | O87: =M87+N87 -> 0 | P87: =M87*H87 -> 0 | Q87: =N87*I87 -> 0 | R87: =P87+Q87 -> 0 | S87: 720 | T87: 1170 | U87: =S87+T87 -> 1890 | V87: =S87*H87 -> 22514.4 | W87: =T87*I87 -> 40306.5 | X87: =V87+W87 -> 62820.9 | Y87: 240 | Z87: 390 | AA87: =Y87+Z87 -> 630 | AB87: =Y87*H87 -> 7504.8 | AC87: =Z87*I87 -> 13435.5 | AD87: =AB87+AC87 -> 20940.3 | AE87: 400 | AF87: 650 | AG87: =AE87+AF87 -> 1050 | AH87: =AE87*H87 -> 12508 | AI87: =AF87*I87 -> 22392.5 | AJ87: =AH87+AI87 -> 34900.5 | AK87: 240 | AL87: 390 | AM87: =AK87+AL87 -> 630 | AN87: =AK87*H87 -> 7504.8 | AO87: =AL87*I87 -> 13435.5 | AP87: =AN87+AO87 -> 20940.3 | AQ87: =S87+Y87+AE87+AK87+M87 -> 1600 | AR87: =T87+Z87+AF87+AL87+N87 -> 2600 | AS87: =AQ87+AR87 -> 4200 | AT87: =V87+AB87+AH87+AN87+P87 -> 50032 | AU87: =W87+AC87+AI87+AO87+Q87 -> 89570 | AV87: =AT87+AU87 -> 139602 | AX87: =X87+AD87+AJ87+AP87+R87 -> 139602
A88: 79 | B88: IZABAL | C88: LOS AMATES | D88: LOS AMATES | E88: FIJO | F88: 100 | G88: 150 | H88: 31.27 | I88: 34.45 | J88: CONTRATO ABIERTO | K88: REGION 3 | L88: BANQUETES DE GUATEMALA, S.A. | O88: =M88+N88 -> 0 | P88: =M88*H88 -> 0 | Q88: =N88*I88 -> 0 | R88: =P88+Q88 -> 0 | S88: 900 | T88: 1350 | U88: =S88+T88 -> 2250 | V88: =S88*H88 -> 28143 | W88: =T88*I88 -> 46507.5 | X88: =V88+W88 -> 74650.5 | Y88: 300 | Z88: 450 | AA88: =Y88+Z88 -> 750 | AB88: =Y88*H88 -> 9381 | AC88: =Z88*I88 -> 15502.5 | AD88: =AB88+AC88 -> 24883.5 | AE88: 500 | AF88: 750 | AG88: =AE88+AF88 -> 1250 | AH88: =AE88*H88 -> 15635 | AI88: =AF88*I88 -> 25837.5 | AJ88: =AH88+AI88 -> 41472.5 | AK88: 300 | AL88: 450 | AM88: =AK88+AL88 -> 750 | AN88: =AK88*H88 -> 9381 | AO88: =AL88*I88 -> 15502.5 | AP88: =AN88+AO88 -> 24883.5 | AQ88: =S88+Y88+AE88+AK88+M88 -> 2000 | AR88: =T88+Z88+AF88+AL88+N88 -> 3000 | AS88: =AQ88+AR88 -> 5000 | AT88: =V88+AB88+AH88+AN88+P88 -> 62540 | AU88: =W88+AC88+AI88+AO88+Q88 -> 103350 | AV88: =AT88+AU88 -> 165890 | AX88: =X88+AD88+AJ88+AP88+R88 -> 165890
A89: 80 | B89: IZABAL | C89: MORALES | D89: MORALES | E89: FIJO | F89: 100 | G89: 150 | H89: 23 | I89: 28 | J89: LICITACION | K89: LOTE 35 | L89: PROVEEDORA DE ALIMENTOS EL ROSARIO | O89: =M89+N89 -> 0 | P89: =M89*H89 -> 0 | Q89: =N89*I89 -> 0 | R89: =P89+Q89 -> 0 | S89: 900 | T89: 1350 | U89: =S89+T89 -> 2250 | V89: =S89*H89 -> 20700 | W89: =T89*I89 -> 37800 | X89: =V89+W89 -> 58500 | Y89: 300 | Z89: 450 | AA89: =Y89+Z89 -> 750 | AB89: =Y89*H89 -> 6900 | AC89: =Z89*I89 -> 12600 | AD89: =AB89+AC89 -> 19500 | AE89: 500 | AF89: 750 | AG89: =AE89+AF89 -> 1250 | AH89: =AE89*H89 -> 11500 | AI89: =AF89*I89 -> 21000 | AJ89: =AH89+AI89 -> 32500 | AK89: 300 | AL89: 450 | AM89: =AK89+AL89 -> 750 | AN89: =AK89*H89 -> 6900 | AO89: =AL89*I89 -> 12600 | AP89: =AN89+AO89 -> 19500 | AQ89: =S89+Y89+AE89+AK89+M89 -> 2000 | AR89: =T89+Z89+AF89+AL89+N89 -> 3000 | AS89: =AQ89+AR89 -> 5000 | AT89: =V89+AB89+AH89+AN89+P89 -> 46000 | AU89: =W89+AC89+AI89+AO89+Q89 -> 84000 | AV89: =AT89+AU89 -> 130000 | AX89: =X89+AD89+AJ89+AP89+R89 -> 130000
A90: 81 | B90: IZABAL | C90: PUERTO BARRIOS | D90: ENTRE RÍOS | E90: FIJO | F90: 100 | G90: 125 | H90: 31.27 | I90: 34.45 | J90: CONTRATO ABIERTO | K90: REGION 3 | L90: BANQUETES DE GUATEMALA, S.A. | O90: =M90+N90 -> 0 | P90: =M90*H90 -> 0 | Q90: =N90*I90 -> 0 | R90: =P90+Q90 -> 0 | S90: 900 | T90: 1125 | U90: =S90+T90 -> 2025 | V90: =S90*H90 -> 28143 | W90: =T90*I90 -> 38756.25 | X90: =V90+W90 -> 66899.25 | Y90: 300 | Z90: 375 | AA90: =Y90+Z90 -> 675 | AB90: =Y90*H90 -> 9381 | AC90: =Z90*I90 -> 12918.75 | AD90: =AB90+AC90 -> 22299.75 | AE90: 500 | AF90: 625 | AG90: =AE90+AF90 -> 1125 | AH90: =AE90*H90 -> 15635 | AI90: =AF90*I90 -> 21531.25 | AJ90: =AH90+AI90 -> 37166.25 | AK90: 300 | AL90: 375 | AM90: =AK90+AL90 -> 675 | AN90: =AK90*H90 -> 9381 | AO90: =AL90*I90 -> 12918.75 | AP90: =AN90+AO90 -> 22299.75 | AQ90: =S90+Y90+AE90+AK90+M90 -> 2000 | AR90: =T90+Z90+AF90+AL90+N90 -> 2500 | AS90: =AQ90+AR90 -> 4500 | AT90: =V90+AB90+AH90+AN90+P90 -> 62540 | AU90: =W90+AC90+AI90+AO90+Q90 -> 86125 | AV90: =AT90+AU90 -> 148665 | AX90: =X90+AD90+AJ90+AP90+R90 -> 148665
A91: 82 | B91: JALAPA | C91: JALAPA | D91: JALAPA | E91: MÓVIL TEMPORAL | F91: 350 | G91: 400 | H91: 30.09 | I91: 33.15 | J91: CONTRATO ABIERTO | L91: BANQUETES DE GUATEMALA, S.A. | O91: =M91+N91 -> 0 | P91: =M91*H91 -> 0 | Q91: =N91*I91 -> 0 | R91: =P91+Q91 -> 0 | S91: 3150 | T91: 3600 | U91: =S91+T91 -> 6750 | V91: =S91*H91 -> 94783.5 | W91: =T91*I91 -> 119340 | X91: =V91+W91 -> 214123.5 | Y91: 1050 | Z91: 1200 | AA91: =Y91+Z91 -> 2250 | AB91: =Y91*H91 -> 31594.5 | AC91: =Z91*I91 -> 39780 | AD91: =AB91+AC91 -> 71374.5 | AE91: 1750 | AF91: 2000 | AG91: =AE91+AF91 -> 3750 | AH91: =AE91*H91 -> 52657.5 | AI91: =AF91*I91 -> 66300 | AJ91: =AH91+AI91 -> 118957.5 | AK91: 1050 | AL91: 1200 | AM91: =AK91+AL91 -> 2250 | AN91: =AK91*H91 -> 31594.5 | AO91: =AL91*I91 -> 39780 | AP91: =AN91+AO91 -> 71374.5 | AQ91: =S91+Y91+AE91+AK91+M91 -> 7000 | AR91: =T91+Z91+AF91+AL91+N91 -> 8000 | AS91: =AQ91+AR91 -> 15000 | AT91: =V91+AB91+AH91+AN91+P91 -> 210630 | AU91: =W91+AC91+AI91+AO91+Q91 -> 265200 | AV91: =AT91+AU91 -> 475830 | AX91: =X91+AD91+AJ91+AP91+R91 -> 475830
A92: 83 | B92: JALAPA | C92: MATAQUESCUINTLA | D92: MATAQUESCUINTLA | E92: FIJO | F92: 75 | G92: 150 | H92: 30.09 | I92: 33.15 | J92: CONTRATO ABIERTO | L92: BANQUETES DE GUATEMALA, S.A. | O92: =M92+N92 -> 0 | P92: =M92*H92 -> 0 | Q92: =N92*I92 -> 0 | R92: =P92+Q92 -> 0 | S92: 600 | T92: 1350 | U92: =S92+T92 -> 1950 | V92: =S92*H92 -> 18054 | W92: =T92*I92 -> 44752.5 | X92: =V92+W92 -> 62806.5 | Y92: 225 | Z92: 300 | AA92: =Y92+Z92 -> 525 | AB92: =Y92*H92 -> 6770.25 | AC92: =Z92*I92 -> 9945 | AD92: =AB92+AC92 -> 16715.25 | AE92: 375 | AF92: 750 | AG92: =AE92+AF92 -> 1125 | AH92: =AE92*H92 -> 11283.75 | AI92: =AF92*I92 -> 24862.5 | AJ92: =AH92+AI92 -> 36146.25 | AK92: 225 | AL92: 450 | AM92: =AK92+AL92 -> 675 | AN92: =AK92*H92 -> 6770.25 | AO92: =AL92*I92 -> 14917.5 | AP92: =AN92+AO92 -> 21687.75 | AQ92: =S92+Y92+AE92+AK92+M92 -> 1425 | AR92: =T92+Z92+AF92+AL92+N92 -> 2850 | AS92: =AQ92+AR92 -> 4275 | AT92: =V92+AB92+AH92+AN92+P92 -> 42878.25 | AU92: =W92+AC92+AI92+AO92+Q92 -> 94477.5 | AV92: =AT92+AU92 -> 137355.75 | AX92: =X92+AD92+AJ92+AP92+R92 -> 137355.75
A93: 84 | B93: JALAPA | C93: MONJAS | D93: MONJAS | E93: MÓVIL TEMPORAL | F93: 150 | G93: 200 | H93: 30.09 | I93: 33.15 | J93: CONTRATO ABIERTO | L93: BANQUETES DE GUATEMALA, S.A. | O93: =M93+N93 -> 0 | P93: =M93*H93 -> 0 | Q93: =N93*I93 -> 0 | R93: =P93+Q93 -> 0 | S93: 900 | T93: 1350 | U93: =S93+T93 -> 2250 | V93: =S93*H93 -> 27081 | W93: =T93*I93 -> 44752.5 | X93: =V93+W93 -> 71833.5 | Y93: 300 | Z93: 450 | AA93: =Y93+Z93 -> 750 | AB93: =Y93*H93 -> 9027 | AC93: =Z93*I93 -> 14917.5 | AD93: =AB93+AC93 -> 23944.5 | AE93: 500 | AF93: 750 | AG93: =AE93+AF93 -> 1250 | AH93: =AE93*H93 -> 15045 | AI93: =AF93*I93 -> 24862.5 | AJ93: =AH93+AI93 -> 39907.5 | AK93: 300 | AL93: 450 | AM93: =AK93+AL93 -> 750 | AN93: =AK93*H93 -> 9027 | AO93: =AL93*I93 -> 14917.5 | AP93: =AN93+AO93 -> 23944.5 | AQ93: =S93+Y93+AE93+AK93+M93 -> 2000 | AR93: =T93+Z93+AF93+AL93+N93 -> 3000 | AS93: =AQ93+AR93 -> 5000 | AT93: =V93+AB93+AH93+AN93+P93 -> 60180 | AU93: =W93+AC93+AI93+AO93+Q93 -> 99450 | AV93: =AT93+AU93 -> 159630 | AX93: =X93+AD93+AJ93+AP93+R93 -> 159630
A94: 85 | B94: JALAPA | C94: SAN CARLOS ALZATATE | D94: SAN CARLOS ALZATATE | E94: FIJO | F94: 100 | G94: 150 | H94: 30.09 | I94: 33.15 | J94: CONTRATO ABIERTO | L94: BANQUETES DE GUATEMALA, S.A. | O94: =M94+N94 -> 0 | P94: =M94*H94 -> 0 | Q94: =N94*I94 -> 0 | R94: =P94+Q94 -> 0 | S94: 900 | T94: 1350 | U94: =S94+T94 -> 2250 | V94: =S94*H94 -> 27081 | W94: =T94*I94 -> 44752.5 | X94: =V94+W94 -> 71833.5 | Y94: 300 | Z94: 450 | AA94: =Y94+Z94 -> 750 | AB94: =Y94*H94 -> 9027 | AC94: =Z94*I94 -> 14917.5 | AD94: =AB94+AC94 -> 23944.5 | AE94: 500 | AF94: 750 | AG94: =AE94+AF94 -> 1250 | AH94: =AE94*H94 -> 15045 | AI94: =AF94*I94 -> 24862.5 | AJ94: =AH94+AI94 -> 39907.5 | AK94: 300 | AL94: 450 | AM94: =AK94+AL94 -> 750 | AN94: =AK94*H94 -> 9027 | AO94: =AL94*I94 -> 14917.5 | AP94: =AN94+AO94 -> 23944.5 | AQ94: =S94+Y94+AE94+AK94+M94 -> 2000 | AR94: =T94+Z94+AF94+AL94+N94 -> 3000 | AS94: =AQ94+AR94 -> 5000 | AT94: =V94+AB94+AH94+AN94+P94 -> 60180 | AU94: =W94+AC94+AI94+AO94+Q94 -> 99450 | AV94: =AT94+AU94 -> 159630 | AX94: =X94+AD94+AJ94+AP94+R94 -> 159630
A95: 86 | B95: JALAPA | C95: SAN LUIS JILOTEPEQUE | D95: SAN LUIS JILOTEPEQUE | E95: FIJO | F95: 100 | G95: 150 | H95: 30.09 | I95: 33.15 | J95: CONTRATO ABIERTO | L95: BANQUETES DE GUATEMALA, S.A. | O95: =M95+N95 -> 0 | P95: =M95*H95 -> 0 | Q95: =N95*I95 -> 0 | R95: =P95+Q95 -> 0 | S95: 900 | T95: 1350 | U95: =S95+T95 -> 2250 | V95: =S95*H95 -> 27081 | W95: =T95*I95 -> 44752.5 | X95: =V95+W95 -> 71833.5 | Y95: 300 | Z95: 450 | AA95: =Y95+Z95 -> 750 | AB95: =Y95*H95 -> 9027 | AC95: =Z95*I95 -> 14917.5 | AD95: =AB95+AC95 -> 23944.5 | AE95: 500 | AF95: 750 | AG95: =AE95+AF95 -> 1250 | AH95: =AE95*H95 -> 15045 | AI95: =AF95*I95 -> 24862.5 | AJ95: =AH95+AI95 -> 39907.5 | AK95: 300 | AL95: 450 | AM95: =AK95+AL95 -> 750 | AN95: =AK95*H95 -> 9027 | AO95: =AL95*I95 -> 14917.5 | AP95: =AN95+AO95 -> 23944.5 | AQ95: =S95+Y95+AE95+AK95+M95 -> 2000 | AR95: =T95+Z95+AF95+AL95+N95 -> 3000 | AS95: =AQ95+AR95 -> 5000 | AT95: =V95+AB95+AH95+AN95+P95 -> 60180 | AU95: =W95+AC95+AI95+AO95+Q95 -> 99450 | AV95: =AT95+AU95 -> 159630 | AX95: =X95+AD95+AJ95+AP95+R95 -> 159630
A96: 87 | B96: JALAPA | C96: SAN MANUEL CHAPARRÓN | D96: SAN MANUEL CHAPARRÓN | E96: FIJO | F96: 100 | G96: 150 | H96: 30.09 | I96: 33.15 | J96: CONTRATO ABIERTO | L96: BANQUETES DE GUATEMALA, S.A. | O96: =M96+N96 -> 0 | P96: =M96*H96 -> 0 | Q96: =N96*I96 -> 0 | R96: =P96+Q96 -> 0 | S96: 900 | T96: 1350 | U96: =S96+T96 -> 2250 | V96: =S96*H96 -> 27081 | W96: =T96*I96 -> 44752.5 | X96: =V96+W96 -> 71833.5 | Y96: 300 | Z96: 450 | AA96: =Y96+Z96 -> 750 | AB96: =Y96*H96 -> 9027 | AC96: =Z96*I96 -> 14917.5 | AD96: =AB96+AC96 -> 23944.5 | AE96: 500 | AF96: 750 | AG96: =AE96+AF96 -> 1250 | AH96: =AE96*H96 -> 15045 | AI96: =AF96*I96 -> 24862.5 | AJ96: =AH96+AI96 -> 39907.5 | AK96: 300 | AL96: 450 | AM96: =AK96+AL96 -> 750 | AN96: =AK96*H96 -> 9027 | AO96: =AL96*I96 -> 14917.5 | AP96: =AN96+AO96 -> 23944.5 | AQ96: =S96+Y96+AE96+AK96+M96 -> 2000 | AR96: =T96+Z96+AF96+AL96+N96 -> 3000 | AS96: =AQ96+AR96 -> 5000 | AT96: =V96+AB96+AH96+AN96+P96 -> 60180 | AU96: =W96+AC96+AI96+AO96+Q96 -> 99450 | AV96: =AT96+AU96 -> 159630 | AX96: =X96+AD96+AJ96+AP96+R96 -> 159630
A97: 88 | B97: JALAPA | C97: SAN PEDRO PÍNULA | D97: SAN PEDRO PÍNULA | E97: FIJO | F97: 160 | G97: 210 | H97: 30.09 | I97: 33.15 | J97: CONTRATO ABIERTO | L97: BANQUETES DE GUATEMALA, S.A. | O97: =M97+N97 -> 0 | P97: =M97*H97 -> 0 | Q97: =N97*I97 -> 0 | R97: =P97+Q97 -> 0 | S97: 1440 | T97: 1890 | U97: =S97+T97 -> 3330 | V97: =S97*H97 -> 43329.6 | W97: =T97*I97 -> 62653.5 | X97: =V97+W97 -> 105983.1 | Y97: 480 | Z97: 630 | AA97: =Y97+Z97 -> 1110 | AB97: =Y97*H97 -> 14443.2 | AC97: =Z97*I97 -> 20884.5 | AD97: =AB97+AC97 -> 35327.7 | AE97: 800 | AF97: 1050 | AG97: =AE97+AF97 -> 1850 | AH97: =AE97*H97 -> 24072 | AI97: =AF97*I97 -> 34807.5 | AJ97: =AH97+AI97 -> 58879.5 | AK97: 480 | AL97: 630 | AM97: =AK97+AL97 -> 1110 | AN97: =AK97*H97 -> 14443.2 | AO97: =AL97*I97 -> 20884.5 | AP97: =AN97+AO97 -> 35327.7 | AQ97: =S97+Y97+AE97+AK97+M97 -> 3200 | AR97: =T97+Z97+AF97+AL97+N97 -> 4200 | AS97: =AQ97+AR97 -> 7400 | AT97: =V97+AB97+AH97+AN97+P97 -> 96288 | AU97: =W97+AC97+AI97+AO97+Q97 -> 139230 | AV97: =AT97+AU97 -> 235518 | AX97: =X97+AD97+AJ97+AP97+R97 -> 235518
A98: 89 | B98: JUTIAPA | C98: COMAPA | D98: COMAPA | E98: FIJO | F98: 75 | G98: 150 | H98: 30.09 | I98: 33.15 | J98: CONTRATO ABIERTO | L98: BANQUETES DE GUATEMALA, S.A. | O98: =M98+N98 -> 0 | P98: =M98*H98 -> 0 | Q98: =N98*I98 -> 0 | R98: =P98+Q98 -> 0 | S98: 675 | T98: 1350 | U98: =S98+T98 -> 2025 | V98: =S98*H98 -> 20310.75 | W98: =T98*I98 -> 44752.5 | X98: =V98+W98 -> 65063.25 | Y98: 225 | Z98: 450 | AA98: =Y98+Z98 -> 675 | AB98: =Y98*H98 -> 6770.25 | AC98: =Z98*I98 -> 14917.5 | AD98: =AB98+AC98 -> 21687.75 | AE98: 375 | AF98: 750 | AG98: =AE98+AF98 -> 1125 | AH98: =AE98*H98 -> 11283.75 | AI98: =AF98*I98 -> 24862.5 | AJ98: =AH98+AI98 -> 36146.25 | AK98: 225 | AL98: 450 | AM98: =AK98+AL98 -> 675 | AN98: =AK98*H98 -> 6770.25 | AO98: =AL98*I98 -> 14917.5 | AP98: =AN98+AO98 -> 21687.75 | AQ98: =S98+Y98+AE98+AK98+M98 -> 1500 | AR98: =T98+Z98+AF98+AL98+N98 -> 3000 | AS98: =AQ98+AR98 -> 4500 | AT98: =V98+AB98+AH98+AN98+P98 -> 45135 | AU98: =W98+AC98+AI98+AO98+Q98 -> 99450 | AV98: =AT98+AU98 -> 144585 | AX98: =X98+AD98+AJ98+AP98+R98 -> 144585
A99: 90 | B99: JUTIAPA | C99: CONGUACO | D99: CONGUACO | E99: FIJO | F99: 100 | G99: 200 | H99: 30.09 | I99: 33.15 | J99: CONTRATO ABIERTO | L99: BANQUETES DE GUATEMALA, S.A. | O99: =M99+N99 -> 0 | P99: =M99*H99 -> 0 | Q99: =N99*I99 -> 0 | R99: =P99+Q99 -> 0 | S99: 0 | T99: 0 | U99: =S99+T99 -> 0 | V99: =S99*H99 -> 0 | W99: =T99*I99 -> 0 | X99: =V99+W99 -> 0 | Y99: 0 | Z99: 0 | AA99: =Y99+Z99 -> 0 | AB99: =Y99*H99 -> 0 | AC99: =Z99*I99 -> 0 | AD99: =AB99+AC99 -> 0 | AE99: 0 | AF99: 0 | AG99: =AE99+AF99 -> 0 | AH99: =AE99*H99 -> 0 | AI99: =AF99*I99 -> 0 | AJ99: =AH99+AI99 -> 0 | AK99: 0 | AL99: 0 | AM99: =AK99+AL99 -> 0 | AN99: =AK99*H99 -> 0 | AO99: =AL99*I99 -> 0 | AP99: =AN99+AO99 -> 0 | AQ99: =S99+Y99+AE99+AK99+M99 -> 0 | AR99: =T99+Z99+AF99+AL99+N99 -> 0 | AS99: =AQ99+AR99 -> 0 | AT99: =V99+AB99+AH99+AN99+P99 -> 0 | AU99: =W99+AC99+AI99+AO99+Q99 -> 0 | AV99: =AT99+AU99 -> 0 | AX99: =X99+AD99+AJ99+AP99+R99 -> 0
A100: 91 | B100: JUTIAPA | C100: EL ADELANTO | D100: EL ADELANTO | E100: FIJO | F100: 100 | G100: 150 | H100: 30.09 | I100: 33.15 | J100: CONTRATO ABIERTO | L100: BANQUETES DE GUATEMALA, S.A. | O100: =M100+N100 -> 0 | P100: =M100*H100 -> 0 | Q100: =N100*I100 -> 0 | R100: =P100+Q100 -> 0 | S100: 900 | T100: 1350 | U100: =S100+T100 -> 2250 | V100: =S100*H100 -> 27081 | W100: =T100*I100 -> 44752.5 | X100: =V100+W100 -> 71833.5 | Y100: 0 | Z100: 0 | AA100: =Y100+Z100 -> 0 | AB100: =Y100*H100 -> 0 | AC100: =Z100*I100 -> 0 | AD100: =AB100+AC100 -> 0 | AE100: 500 | AF100: 750 | AG100: =AE100+AF100 -> 1250 | AH100: =AE100*H100 -> 15045 | AI100: =AF100*I100 -> 24862.5 | AJ100: =AH100+AI100 -> 39907.5 | AK100: 300 | AL100: 450 | AM100: =AK100+AL100 -> 750 | AN100: =AK100*H100 -> 9027 | AO100: =AL100*I100 -> 14917.5 | AP100: =AN100+AO100 -> 23944.5 | AQ100: =S100+Y100+AE100+AK100+M100 -> 1700 | AR100: =T100+Z100+AF100+AL100+N100 -> 2550 | AS100: =AQ100+AR100 -> 4250 | AT100: =V100+AB100+AH100+AN100+P100 -> 51153 | AU100: =W100+AC100+AI100+AO100+Q100 -> 84532.5 | AV100: =AT100+AU100 -> 135685.5 | AX100: =X100+AD100+AJ100+AP100+R100 -> 135685.5
A101: 92 | B101: JUTIAPA | C101: JALPATAGUA | D101: JALPATAGUA | E101: FIJO | F101: 100 | G101: 150 | H101: 30.09 | I101: 33.15 | J101: CONTRATO ABIERTO | L101: BANQUETES DE GUATEMALA, S.A. | O101: =M101+N101 -> 0 | P101: =M101*H101 -> 0 | Q101: =N101*I101 -> 0 | R101: =P101+Q101 -> 0 | S101: 900 | T101: 1350 | U101: =S101+T101 -> 2250 | V101: =S101*H101 -> 27081 | W101: =T101*I101 -> 44752.5 | X101: =V101+W101 -> 71833.5 | Y101: 300 | Z101: 450 | AA101: =Y101+Z101 -> 750 | AB101: =Y101*H101 -> 9027 | AC101: =Z101*I101 -> 14917.5 | AD101: =AB101+AC101 -> 23944.5 | AE101: 500 | AF101: 750 | AG101: =AE101+AF101 -> 1250 | AH101: =AE101*H101 -> 15045 | AI101: =AF101*I101 -> 24862.5 | AJ101: =AH101+AI101 -> 39907.5 | AK101: 300 | AL101: 450 | AM101: =AK101+AL101 -> 750 | AN101: =AK101*H101 -> 9027 | AO101: =AL101*I101 -> 14917.5 | AP101: =AN101+AO101 -> 23944.5 | AQ101: =S101+Y101+AE101+AK101+M101 -> 2000 | AR101: =T101+Z101+AF101+AL101+N101 -> 3000 | AS101: =AQ101+AR101 -> 5000 | AT101: =V101+AB101+AH101+AN101+P101 -> 60180 | AU101: =W101+AC101+AI101+AO101+Q101 -> 99450 | AV101: =AT101+AU101 -> 159630 | AX101: =X101+AD101+AJ101+AP101+R101 -> 159630
A102: 93 | B102: JUTIAPA | C102: MOYUTA | D102: MOYUTA | E102: FIJO | F102: 100 | G102: 150 | H102: 30.09 | I102: 33.15 | J102: CONTRATO ABIERTO | L102: BANQUETES DE GUATEMALA, S.A. | O102: =M102+N102 -> 0 | P102: =M102*H102 -> 0 | Q102: =N102*I102 -> 0 | R102: =P102+Q102 -> 0 | S102: 900 | T102: 1350 | U102: =S102+T102 -> 2250 | V102: =S102*H102 -> 27081 | W102: =T102*I102 -> 44752.5 | X102: =V102+W102 -> 71833.5 | Y102: 300 | Z102: 450 | AA102: =Y102+Z102 -> 750 | AB102: =Y102*H102 -> 9027 | AC102: =Z102*I102 -> 14917.5 | AD102: =AB102+AC102 -> 23944.5 | AE102: 500 | AF102: 750 | AG102: =AE102+AF102 -> 1250 | AH102: =AE102*H102 -> 15045 | AI102: =AF102*I102 -> 24862.5 | AJ102: =AH102+AI102 -> 39907.5 | AK102: 300 | AL102: 450 | AM102: =AK102+AL102 -> 750 | AN102: =AK102*H102 -> 9027 | AO102: =AL102*I102 -> 14917.5 | AP102: =AN102+AO102 -> 23944.5 | AQ102: =S102+Y102+AE102+AK102+M102 -> 2000 | AR102: =T102+Z102+AF102+AL102+N102 -> 3000 | AS102: =AQ102+AR102 -> 5000 | AT102: =V102+AB102+AH102+AN102+P102 -> 60180 | AU102: =W102+AC102+AI102+AO102+Q102 -> 99450 | AV102: =AT102+AU102 -> 159630 | AX102: =X102+AD102+AJ102+AP102+R102 -> 159630
... A116: 107 | B116: PETÉN | C116: LAS CRUCES | D116: LAS CRUCES | E116: FIJO | F116: 100 | G116: 150 | H116: 33.63 | I116: 37.05 | J116: CONTRATO ABIERTO | L116: BANQUETES DE GUATEMALA, S.A. | O116: =M116+N116 -> 0 | P116: =M116*H116 -> 0 | Q116: =N116*I116 -> 0 | R116: =P116+Q116 -> 0 | S116: 900 | T116: 1350 | U116: =S116+T116 -> 2250 | V116: =S116*H116 -> 30267 | W116: =T116*I116 -> 50017.5 | X116: =V116+W116 -> 80284.5 | Y116: 300 | Z116: 450 | AA116: =Y116+Z116 -> 750 | AB116: =Y116*H116 -> 10089 | AC116: =Z116*I116 -> 16672.5 | AD116: =AB116+AC116 -> 26761.5 | AE116: 500 | AF116: 750 | AG116: =AE116+AF116 -> 1250 | AH116: =AE116*H116 -> 16815 | AI116: =AF116*I116 -> 27787.5 | AJ116: =AH116+AI116 -> 44602.5 | AK116: 300 | AL116: 450 | AM116: =AK116+AL116 -> 750 | AN116: =AK116*H116 -> 10089 | AO116: =AL116*I116 -> 16672.5 | AP116: =AN116+AO116 -> 26761.5 | AQ116: =S116+Y116+AE116+AK116+M116 -> 2000 | AR116: =T116+Z116+AF116+AL116+N116 -> 3000 | AS116: =AQ116+AR116 -> 5000 | AT116: =V116+AB116+AH116+AN116+P116 -> 67260 | AU116: =W116+AC116+AI116+AO116+Q116 -> 111150 | AV116: =AT116+AU116 -> 178410 | AX116: =X116+AD116+AJ116+AP116+R116 -> 178410
A117: 108 | B117: QUETZALTENANGO | C117: CAJOLÁ | D117: CAJOLÁ | E117: FIJO | F117: 100 | G117: 150 | H117: 23 | I117: 27 | J117: LICITACION | K117: LOTE 42 | L117: PROVEEDORA DE ALIMENTOS EL ROSARIO | O117: =M117+N117 -> 0 | P117: =M117*H117 -> 0 | Q117: =N117*I117 -> 0 | R117: =P117+Q117 -> 0 | S117: 900 | T117: 1350 | U117: =S117+T117 -> 2250 | V117: =S117*H117 -> 20700 | W117: =T117*I117 -> 36450 | X117: =V117+W117 -> 57150 | Y117: 300 | Z117: 450 | AA117: =Y117+Z117 -> 750 | AB117: =Y117*H117 -> 6900 | AC117: =Z117*I117 -> 12150 | AD117: =AB117+AC117 -> 19050 | AE117: 500 | AF117: 750 | AG117: =AE117+AF117 -> 1250 | AH117: =AE117*H117 -> 11500 | AI117: =AF117*I117 -> 20250 | AJ117: =AH117+AI117 -> 31750 | AK117: 300 | AL117: 450 | AM117: =AK117+AL117 -> 750 | AN117: =AK117*H117 -> 6900 | AO117: =AL117*I117 -> 12150 | AP117: =AN117+AO117 -> 19050 | AQ117: =S117+Y117+AE117+AK117+M117 -> 2000 | AR117: =T117+Z117+AF117+AL117+N117 -> 3000 | AS117: =AQ117+AR117 -> 5000 | AT117: =V117+AB117+AH117+AN117+P117 -> 46000 | AU117: =W117+AC117+AI117+AO117+Q117 -> 81000 | AV117: =AT117+AU117 -> 127000 | AX117: =X117+AD117+AJ117+AP117+R117 -> 127000
A118: 109 | B118: QUETZALTENANGO | C118: SAN FRANCISCO LA UNIÓN | D118: SAN FRANCISCO LA UNIÓN | E118: MÓVIL TEMPORAL | F118: 150 | G118: 200 | H118: 33.04 | I118: 36.4 | J118: CONTRATO ABIERTO | K118: REGION 6 | L118: BANQUETES DE GUATEMALA, S.A. | O118: =M118+N118 -> 0 | P118: =M118*H118 -> 0 | Q118: =N118*I118 -> 0 | R118: =P118+Q118 -> 0 | S118: 1350 | T118: 1800 | U118: =S118+T118 -> 3150 | V118: =S118*H118 -> 44604 | W118: =T118*I118 -> 65520 | X118: =V118+W118 -> 110124 | Y118: 450 | Z118: 600 | AA118: =Y118+Z118 -> 1050 | AB118: =Y118*H118 -> 14868 | AC118: =Z118*I118 -> 21840 | AD118: =AB118+AC118 -> 36708 | AE118: 750 | AF118: 1000 | AG118: =AE118+AF118 -> 1750 | AH118: =AE118*H118 -> 24780 | AI118: =AF118*I118 -> 36400 | AJ118: =AH118+AI118 -> 61180 | AK118: 450 | AL118: 600 | AM118: =AK118+AL118 -> 1050 | AN118: =AK118*H118 -> 14868 | AO118: =AL118*I118 -> 21840 | AP118: =AN118+AO118 -> 36708 | AQ118: =S118+Y118+AE118+AK118+M118 -> 3000 | AR118: =T118+Z118+AF118+AL118+N118 -> 4000 | AS118: =AQ118+AR118 -> 7000 | AT118: =V118+AB118+AH118+AN118+P118 -> 99120 | AU118: =W118+AC118+AI118+AO118+Q118 -> 145600 | AV118: =AT118+AU118 -> 244720 | AX118: =X118+AD118+AJ118+AP118+R118 -> 244720
A119: 110 | B119: QUICHÉ | C119: CANILLÁ | D119: CANILLÁ | E119: MÓVIL TEMPORAL | F119: 150 | G119: 200 | H119: 28.5 | I119: 28.12 | J119: COMPRA DIRECTA | L119: MULTINEGOCIOS LA LOMA, S.A. | O119: =M119+N119 -> 0 | P119: =M119*H119 -> 0 | Q119: =N119*I119 -> 0 | R119: =P119+Q119 -> 0 | S119: 1343 | T119: 1800 | U119: =S119+T119 -> 3143 | V119: =S119*H119 -> 38275.5 | W119: =T119*I119 -> 50616 | X119: =V119+W119 -> 88891.5 | Y119: 450 | Z119: 600 | AA119: =Y119+Z119 -> 1050 | AB119: =Y119*H119 -> 12825 | AC119: =Z119*I119 -> 16872 | AD119: =AB119+AC119 -> 29697 | AE119: 0 | AF119: 0 | AG119: =AE119+AF119 -> 0 | AH119: =AE119*H119 -> 0 | AI119: =AF119*I119 -> 0 | AJ119: =AH119+AI119 -> 0 | AK119: 0 | AL119: 0 | AM119: =AK119+AL119 -> 0 | AN119: =AK119*H119 -> 0 | AO119: =AL119*I119 -> 0 | AP119: =AN119+AO119 -> 0 | AQ119: =S119+Y119+AE119+AK119+M119 -> 1793 | AR119: =T119+Z119+AF119+AL119+N119 -> 2400 | AS119: =AQ119+AR119 -> 4193 | AT119: =V119+AB119+AH119+AN119+P119 -> 51100.5 | AU119: =W119+AC119+AI119+AO119+Q119 -> 67488 | AV119: =AT119+AU119 -> 118588.5 | AX119: =X119+AD119+AJ119+AP119+R119 -> 118588.5
A120: 111 | B120: QUICHÉ | C120: CHICHÉ | D120: CHICHÉ | E120: FIJO | F120: 75 | G120: 100 | H120: 33.63 | I120: 37.05 | J120: CONTRATO ABIERTO | K120: REGION 8 | L120: BANQUETES DE GUATEMALA, S.A. | O120: =M120+N120 -> 0 | P120: =M120*H120 -> 0 | Q120: =N120*I120 -> 0 | R120: =P120+Q120 -> 0 | S120: 675 | T120: 900 | U120: =S120+T120 -> 1575 | V120: =S120*H120 -> 22700.25 | W120: =T120*I120 -> 33345 | X120: =V120+W120 -> 56045.25 | Y120: 225 | Z120: 300 | AA120: =Y120+Z120 -> 525 | AB120: =Y120*H120 -> 7566.75 | AC120: =Z120*I120 -> 11115 | AD120: =AB120+AC120 -> 18681.75 | AE120: 375 | AF120: 500 | AG120: =AE120+AF120 -> 875 | AH120: =AE120*H120 -> 12611.25 | AI120: =AF120*I120 -> 18525 | AJ120: =AH120+AI120 -> 31136.25 | AK120: 225 | AL120: 300 | AM120: =AK120+AL120 -> 525 | AN120: =AK120*H120 -> 7566.75 | AO120: =AL120*I120 -> 11115 | AP120: =AN120+AO120 -> 18681.75 | AQ120: =S120+Y120+AE120+AK120+M120 -> 1500 | AR120: =T120+Z120+AF120+AL120+N120 -> 2000 | AS120: =AQ120+AR120 -> 3500 | AT120: =V120+AB120+AH120+AN120+P120 -> 50445 | AU120: =W120+AC120+AI120+AO120+Q120 -> 74100 | AV120: =AT120+AU120 -> 124545 | AX120: =X120+AD120+AJ120+AP120+R120 -> 124545
A121: 112 | B121: QUICHÉ | C121: SACAPULAS | D121: SACAPULAS | E121: MÓVIL TEMPORAL | F121: 150-125 | G121: 200 | H121: 33.63 | I121: 37.05 | J121: CONTRATO ABIERTO | K121: REGION 8 | L121: BANQUETES DE GUATEMALA, S.A. | O121: =M121+N121 -> 0 | P121: =M121*H121 -> 0 | Q121: =N121*I121 -> 0 | R121: =P121+Q121 -> 0 | S121: 1125 | T121: 1800 | U121: =S121+T121 -> 2925 | V121: =S121*H121 -> 37833.75 | W121: =T121*I121 -> 66690 | X121: =V121+W121 -> 104523.75 | Y121: 375 | Z121: 600 | AA121: =Y121+Z121 -> 975 | AB121: =Y121*H121 -> 12611.25 | AC121: =Z121*I121 -> 22230 | AD121: =AB121+AC121 -> 34841.25 | AE121: 625 | AF121: 1000 | AG121: =AE121+AF121 -> 1625 | AH121: =AE121*H121 -> 21018.75 | AI121: =AF121*I121 -> 37050 | AJ121: =AH121+AI121 -> 58068.75 | AK121: 375 | AL121: 600 | AM121: =AK121+AL121 -> 975 | AN121: =AK121*H121 -> 12611.25 | AO121: =AL121*I121 -> 22230 | AP121: =AN121+AO121 -> 34841.25 | AQ121: =S121+Y121+AE121+AK121+M121 -> 2500 | AR121: =T121+Z121+AF121+AL121+N121 -> 4000 | AS121: =AQ121+AR121 -> 6500 | AT121: =V121+AB121+AH121+AN121+P121 -> 84075 | AU121: =W121+AC121+AI121+AO121+Q121 -> 148200 | AV121: =AT121+AU121 -> 232275 | AX121: =X121+AD121+AJ121+AP121+R121 -> 232275
A122: 113 | B122: QUICHÉ | C122: SAN ANDRÉS SAJCABAJÁ | D122: SAN ANDRÉS SAJCABAJÁ | E122: FIJO | F122: 100 | G122: 125 | H122: 33.63 | I122: 37.05 | J122: CONTRATO ABIERTO | K122: REGION 8 | L122: BANQUETES DE GUATEMALA, S.A. | O122: =M122+N122 -> 0 | P122: =M122*H122 -> 0 | Q122: =N122*I122 -> 0 | R122: =P122+Q122 -> 0 | S122: 900 | T122: 1125 | U122: =S122+T122 -> 2025 | V122: =S122*H122 -> 30267 | W122: =T122*I122 -> 41681.25 | X122: =V122+W122 -> 71948.25 | Y122: 300 | Z122: 375 | AA122: =Y122+Z122 -> 675 | AB122: =Y122*H122 -> 10089 | AC122: =Z122*I122 -> 13893.75 | AD122: =AB122+AC122 -> 23982.75 | AE122: 500 | AF122: 625 | AG122: =AE122+AF122 -> 1125 | AH122: =AE122*H122 -> 16815 | AI122: =AF122*I122 -> 23156.25 | AJ122: =AH122+AI122 -> 39971.25 | AK122: 300 | AL122: 375 | AM122: =AK122+AL122 -> 675 | AN122: =AK122*H122 -> 10089 | AO122: =AL122*I122 -> 13893.75 | AP122: =AN122+AO122 -> 23982.75 | AQ122: =S122+Y122+AE122+AK122+M122 -> 2000 | AR122: =T122+Z122+AF122+AL122+N122 -> 2500 | AS122: =AQ122+AR122 -> 4500 | AT122: =V122+AB122+AH122+AN122+P122 -> 67260 | AU122: =W122+AC122+AI122+AO122+Q122 -> 92625 | AV122: =AT122+AU122 -> 159885 | AX122: =X122+AD122+AJ122+AP122+R122 -> 159885
A123: 114 | B123: QUICHÉ | C123: SAN MIGUEL USPANTÁN | D123: SAN MIGUEL USPANTÁN | E123: FIJO | F123: 100 | G123: 150 | H123: 33.63 | I123: 37.05 | J123: CONTRATO ABIERTO | K123: REGION 8 | L123: BANQUETES DE GUATEMALA, S.A. | O123: =M123+N123 -> 0 | P123: =M123*H123 -> 0 | Q123: =N123*I123 -> 0 | R123: =P123+Q123 -> 0 | S123: 900 | T123: 1350 | U123: =S123+T123 -> 2250 | V123: =S123*H123 -> 30267 | W123: =T123*I123 -> 50017.5 | X123: =V123+W123 -> 80284.5 | Y123: 300 | Z123: 400 | AA123: =Y123+Z123 -> 700 | AB123: =Y123*H123 -> 10089 | AC123: =Z123*I123 -> 14820 | AD123: =AB123+AC123 -> 24909 | AE123: 500 | AF123: 750 | AG123: =AE123+AF123 -> 1250 | AH123: =AE123*H123 -> 16815 | AI123: =AF123*I123 -> 27787.5 | AJ123: =AH123+AI123 -> 44602.5 | AK123: 300 | AL123: 450 | AM123: =AK123+AL123 -> 750 | AN123: =AK123*H123 -> 10089 | AO123: =AL123*I123 -> 16672.5 | AP123: =AN123+AO123 -> 26761.5 | AQ123: =S123+Y123+AE123+AK123+M123 -> 2000 | AR123: =T123+Z123+AF123+AL123+N123 -> 2950 | AS123: =AQ123+AR123 -> 4950 | AT123: =V123+AB123+AH123+AN123+P123 -> 67260 | AU123: =W123+AC123+AI123+AO123+Q123 -> 109297.5 | AV123: =AT123+AU123 -> 176557.5 | AX123: =X123+AD123+AJ123+AP123+R123 -> 176557.5
A124: 115 | B124: QUICHÉ | C124: SANTA CRUZ DEL QUICHÉ | D124: SANTA CRUZ DEL QUICHÉ | E124: FIJO | F124: 125 | G124: 175 | H124: 23 | I124: 27 | J124: LICITACION | K124: LOTE 44 | L124: PROVEEDORA DE ALIMENTOS EL ROSARIO | O124: =M124+N124 -> 0 | P124: =M124*H124 -> 0 | Q124: =N124*I124 -> 0 | R124: =P124+Q124 -> 0 | S124: 1125 | T124: 1575 | U124: =S124+T124 -> 2700 | V124: =S124*H124 -> 25875 | W124: =T124*I124 -> 42525 | X124: =V124+W124 -> 68400 | Y124: 375 | Z124: 525 | AA124: =Y124+Z124 -> 900 | AB124: =Y124*H124 -> 8625 | AC124: =Z124*I124 -> 14175 | AD124: =AB124+AC124 -> 22800 | AE124: 625 | AF124: 875 | AG124: =AE124+AF124 -> 1500 | AH124: =AE124*H124 -> 14375 | AI124: =AF124*I124 -> 23625 | AJ124: =AH124+AI124 -> 38000 | AK124: 375 | AL124: 525 | AM124: =AK124+AL124 -> 900 | AN124: =AK124*H124 -> 8625 | AO124: =AL124*I124 -> 14175 | AP124: =AN124+AO124 -> 22800 | AQ124: =S124+Y124+AE124+AK124+M124 -> 2500 | AR124: =T124+Z124+AF124+AL124+N124 -> 3500 | AS124: =AQ124+AR124 -> 6000 | AT124: =V124+AB124+AH124+AN124+P124 -> 57500 | AU124: =W124+AC124+AI124+AO124+Q124 -> 94500 | AV124: =AT124+AU124 -> 152000 | AX124: =X124+AD124+AJ124+AP124+R124 -> 152000
A125: 116 | B125: RETALHULEU | C125: CHAMPERICO | D125: CHAMPERICO | E125: FIJO | F125: 100 | G125: 150-175 | H125: 31.86 | I125: 35.1 | J125: CONTRATO ABIERTO | K125: REGION 7 | L125: BANQUETES DE GUATEMALA, S.A. | O125: =M125+N125 -> 0 | P125: =M125*H125 -> 0 | Q125: =N125*I125 -> 0 | R125: =P125+Q125 -> 0 | S125: 825 | T125: 1472 | U125: =S125+T125 -> 2297 | V125: =S125*H125 -> 26284.5 | W125: =T125*I125 -> 51667.2 | X125: =V125+W125 -> 77951.7 | Y125: 300 | Z125: 525 | AA125: =Y125+Z125 -> 825 | AB125: =Y125*H125 -> 9558 | AC125: =Z125*I125 -> 18427.5 | AD125: =AB125+AC125 -> 27985.5 | AE125: 500 | AF125: 875 | AG125: =AE125+AF125 -> 1375 | AH125: =AE125*H125 -> 15930 | AI125: =AF125*I125 -> 30712.5 | AJ125: =AH125+AI125 -> 46642.5 | AK125: 300 | AL125: 525 | AM125: =AK125+AL125 -> 825 | AN125: =AK125*H125 -> 9558 | AO125: =AL125*I125 -> 18427.5 | AP125: =AN125+AO125 -> 27985.5 | AQ125: =S125+Y125+AE125+AK125+M125 -> 1925 | AR125: =T125+Z125+AF125+AL125+N125 -> 3397 | AS125: =AQ125+AR125 -> 5322 | AT125: =V125+AB125+AH125+AN125+P125 -> 61330.5 | AU125: =W125+AC125+AI125+AO125+Q125 -> 119234.7 | AV125: =AT125+AU125 -> 180565.2 | AX125: =X125+AD125+AJ125+AP125+R125 -> 180565.2
A126: 117 | B126: RETALHULEU | C126: CHAMPERICO | D126: CHAMPERICO CENTRO | E126: FIJO | F126: 100 | G126: 150 | H126: 31.86 | I126: 35.1 | J126: CONTRATO ABIERTO | K126: REGION 7 | L126: BANQUETES DE GUATEMALA, S.A. | O126: =M126+N126 -> 0 | P126: =M126*H126 -> 0 | Q126: =N126*I126 -> 0 | R126: =P126+Q126 -> 0 | S126: 842 | T126: 1292 | U126: =S126+T126 -> 2134 | V126: =S126*H126 -> 26826.12 | W126: =T126*I126 -> 45349.2 | X126: =V126+W126 -> 72175.32 | Y126: 300 | Z126: 450 | AA126: =Y126+Z126 -> 750 | AB126: =Y126*H126 -> 9558 | AC126: =Z126*I126 -> 15795 | AD126: =AB126+AC126 -> 25353 | AE126: 500 | AF126: 750 | AG126: =AE126+AF126 -> 1250 | AH126: =AE126*H126 -> 15930 | AI126: =AF126*I126 -> 26325 | AJ126: =AH126+AI126 -> 42255 | AK126: 300 | AL126: 450 | AM126: =AK126+AL126 -> 750 | AN126: =AK126*H126 -> 9558 | AO126: =AL126*I126 -> 15795 | AP126: =AN126+AO126 -> 25353 | AQ126: =S126+Y126+AE126+AK126+M126 -> 1942 | AR126: =T126+Z126+AF126+AL126+N126 -> 2942 | AS126: =AQ126+AR126 -> 4884 | AT126: =V126+AB126+AH126+AN126+P126 -> 61872.12 | AU126: =W126+AC126+AI126+AO126+Q126 -> 103264.2 | AV126: =AT126+AU126 -> 165136.32 | AX126: =X126+AD126+AJ126+AP126+R126 -> 165136.32
A127: 118 | B127: RETALHULEU | C127: NUEVO SAN CARLOS | D127: NUEVO SAN CARLOS | E127: FIJO | F127: 100 | G127: 150 | H127: 31.86 | I127: 35.1 | J127: CONTRATO ABIERTO | K127: REGION 7 | L127: BANQUETES DE GUATEMALA, S.A. | O127: =M127+N127 -> 0 | P127: =M127*H127 -> 0 | Q127: =N127*I127 -> 0 | R127: =P127+Q127 -> 0 | S127: 900 | T127: 1349 | U127: =S127+T127 -> 2249 | V127: =S127*H127 -> 28674 | W127: =T127*I127 -> 47349.9 | X127: =V127+W127 -> 76023.9 | Y127: 300 | Z127: 450 | AA127: =Y127+Z127 -> 750 | AB127: =Y127*H127 -> 9558 | AC127: =Z127*I127 -> 15795 | AD127: =AB127+AC127 -> 25353 | AE127: 500 | AF127: 750 | AG127: =AE127+AF127 -> 1250 | AH127: =AE127*H127 -> 15930 | AI127: =AF127*I127 -> 26325 | AJ127: =AH127+AI127 -> 42255 | AK127: 300 | AL127: 437 | AM127: =AK127+AL127 -> 737 | AN127: =AK127*H127 -> 9558 | AO127: =AL127*I127 -> 15338.7 | AP127: =AN127+AO127 -> 24896.7 | AQ127: =S127+Y127+AE127+AK127+M127 -> 2000 | AR127: =T127+Z127+AF127+AL127+N127 -> 2986 | AS127: =AQ127+AR127 -> 4986 | AT127: =V127+AB127+AH127+AN127+P127 -> 63720 | AU127: =W127+AC127+AI127+AO127+Q127 -> 104808.6 | AV127: =AT127+AU127 -> 168528.6 | AX127: =X127+AD127+AJ127+AP127+R127 -> 168528.6
A128: 119 | B128: RETALHULEU | C128: SAN MARTÍN ZAPOTITLÁN | D128: SAN MARTÍN ZAPOTITLÁN | E128: FIJO | F128: 100 | G128: 150 | H128: 31.86 | I128: 35.1 | J128: CONTRATO ABIERTO | K128: REGION 7 | L128: BANQUETES DE GUATEMALA, S.A. | O128: =M128+N128 -> 0 | P128: =M128*H128 -> 0 | Q128: =N128*I128 -> 0 | R128: =P128+Q128 -> 0 | S128: 900 | T128: 1183 | U128: =S128+T128 -> 2083 | V128: =S128*H128 -> 28674 | W128: =T128*I128 -> 41523.3 | X128: =V128+W128 -> 70197.3 | Y128: 300 | Z128: 450 | AA128: =Y128+Z128 -> 750 | AB128: =Y128*H128 -> 9558 | AC128: =Z128*I128 -> 15795 | AD128: =AB128+AC128 -> 25353 | AE128: 500 | AF128: 750 | AG128: =AE128+AF128 -> 1250 | AH128: =AE128*H128 -> 15930 | AI128: =AF128*I128 -> 26325 | AJ128: =AH128+AI128 -> 42255 | AK128: 300 | AL128: 450 | AM128: =AK128+AL128 -> 750 | AN128: =AK128*H128 -> 9558 | AO128: =AL128*I128 -> 15795 | AP128: =AN128+AO128 -> 25353 | AQ128: =S128+Y128+AE128+AK128+M128 -> 2000 | AR128: =T128+Z128+AF128+AL128+N128 -> 2833 | AS128: =AQ128+AR128 -> 4833 | AT128: =V128+AB128+AH128+AN128+P128 -> 63720 | AU128: =W128+AC128+AI128+AO128+Q128 -> 99438.3 | AV128: =AT128+AU128 -> 163158.3 | AX128: =X128+AD128+AJ128+AP128+R128 -> 163158.3
A129: 120 | B129: SACATEPÉQUEZ | C129: SAN BARTOLOMÉ MILPAS ALTAS | D129: SAN BARTOLOMÉ MILPAS ALTAS | E129: FIJO | F129: 100 | G129: 150 | H129: 30.09 | I129: 33.15 | J129: CONTRATO ABIERTO | K129: REGION 5 | L129: BANQUETES DE GUATEMALA, S.A. | O129: =M129+N129 -> 0 | P129: =M129*H129 -> 0 | Q129: =N129*I129 -> 0 | R129: =P129+Q129 -> 0 | S129: 900 | T129: 1350 | U129: =S129+T129 -> 2250 | V129: =S129*H129 -> 27081 | W129: =T129*I129 -> 44752.5 | X129: =V129+W129 -> 71833.5 | Y129: 300 | Z129: 428 | AA129: =Y129+Z129 -> 728 | AB129: =Y129*H129 -> 9027 | AC129: =Z129*I129 -> 14188.2 | AD129: =AB129+AC129 -> 23215.2 | AE129: 500 | AF129: 750 | AG129: =AE129+AF129 -> 1250 | AH129: =AE129*H129 -> 15045 | AI129: =AF129*I129 -> 24862.5 | AJ129: =AH129+AI129 -> 39907.5 | AK129: 300 | AL129: 450 | AM129: =AK129+AL129 -> 750 | AN129: =AK129*H129 -> 9027 | AO129: =AL129*I129 -> 14917.5 | AP129: =AN129+AO129 -> 23944.5 | AQ129: =S129+Y129+AE129+AK129+M129 -> 2000 | AR129: =T129+Z129+AF129+AL129+N129 -> 2978 | AS129: =AQ129+AR129 -> 4978 | AT129: =V129+AB129+AH129+AN129+P129 -> 60180 | AU129: =W129+AC129+AI129+AO129+Q129 -> 98720.7 | AV129: =AT129+AU129 -> 158900.7 | AX129: =X129+AD129+AJ129+AP129+R129 -> 158900.7
A130: 121 | B130: SACATEPÉQUEZ | C130: SANTA LUCÍA MILPAS ALTAS | D130: SANTA LUCÍA MILPAS ALTAS | E130: FIJO | F130: 100 | G130: 150 | H130: 30.09 | I130: 33.15 | J130: CONTRATO ABIERTO | K130: REGION 5 | L130: BANQUETES DE GUATEMALA, S.A. | O130: =M130+N130 -> 0 | P130: =M130*H130 -> 0 | Q130: =N130*I130 -> 0 | R130: =P130+Q130 -> 0 | S130: 900 | T130: 1350 | U130: =S130+T130 -> 2250 | V130: =S130*H130 -> 27081 | W130: =T130*I130 -> 44752.5 | X130: =V130+W130 -> 71833.5 | Y130: 300 | Z130: 450 | AA130: =Y130+Z130 -> 750 | AB130: =Y130*H130 -> 9027 | AC130: =Z130*I130 -> 14917.5 | AD130: =AB130+AC130 -> 23944.5 | AE130: 500 | AF130: 748 | AG130: =AE130+AF130 -> 1248 | AH130: =AE130*H130 -> 15045 | AI130: =AF130*I130 -> 24796.2 | AJ130: =AH130+AI130 -> 39841.2 | AK130: 300 | AL130: 450 | AM130: =AK130+AL130 -> 750 | AN130: =AK130*H130 -> 9027 | AO130: =AL130*I130 -> 14917.5 | AP130: =AN130+AO130 -> 23944.5 | AQ130: =S130+Y130+AE130+AK130+M130 -> 2000 | AR130: =T130+Z130+AF130+AL130+N130 -> 2998 | AS130: =AQ130+AR130 -> 4998 | AT130: =V130+AB130+AH130+AN130+P130 -> 60180 | AU130: =W130+AC130+AI130+AO130+Q130 -> 99383.7 | AV130: =AT130+AU130 -> 159563.7 | AX130: =X130+AD130+AJ130+AP130+R130 -> 159563.7
A131: 122 | B131: SACATEPÉQUEZ | C131: SANTA MARÍA DE JESUS | D131: SANTA MARÍA DE JESUS | E131: MÓVIL | F131: 150 | G131: 200 | H131: 30.09 | I131: 33.15 | J131: CONTRATO ABIERTO | K131: REGION 5 | L131: BANQUETES DE GUATEMALA, S.A. | O131: =M131+N131 -> 0 | P131: =M131*H131 -> 0 | Q131: =N131*I131 -> 0 | R131: =P131+Q131 -> 0 | S131: 1200 | T131: 1600 | U131: =S131+T131 -> 2800 | V131: =S131*H131 -> 36108 | W131: =T131*I131 -> 53040 | X131: =V131+W131 -> 89148 | Y131: 450 | Z131: 600 | AA131: =Y131+Z131 -> 1050 | AB131: =Y131*H131 -> 13540.5 | AC131: =Z131*I131 -> 19890 | AD131: =AB131+AC131 -> 33430.5 | AE131: 750 | AF131: 800 | AG131: =AE131+AF131 -> 1550 | AH131: =AE131*H131 -> 22567.5 | AI131: =AF131*I131 -> 26520 | AJ131: =AH131+AI131 -> 49087.5 | AK131: 450 | AL131: 600 | AM131: =AK131+AL131 -> 1050 | AN131: =AK131*H131 -> 13540.5 | AO131: =AL131*I131 -> 19890 | AP131: =AN131+AO131 -> 33430.5 | AQ131: =S131+Y131+AE131+AK131+M131 -> 2850 | AR131: =T131+Z131+AF131+AL131+N131 -> 3600 | AS131: =AQ131+AR131 -> 6450 | AT131: =V131+AB131+AH131+AN131+P131 -> 85756.5 | AU131: =W131+AC131+AI131+AO131+Q131 -> 119340 | AV131: =AT131+AU131 -> 205096.5 | AX131: =X131+AD131+AJ131+AP131+R131 -> 205096.5
A132: 123 | B132: SACATEPÉQUEZ | C132: SAN ANTONIO AGUAS CALIENTES | D132: SAN ANTONIO AGUAS CALIENTES | E132: FIJO | F132: 100 | G132: 150 | H132: 30.09 | I132: 33.15 | J132: CONTRATO ABIERTO | K132: REGION 6 | L132: BANQUETES DE GUATEMALA, S.A. | O132: =M132+N132 -> 0 | P132: =M132*H132 -> 0 | Q132: =N132*I132 -> 0 | R132: =P132+Q132 -> 0 | S132: 900 | T132: 1350 | U132: =S132+T132 -> 2250 | V132: =S132*H132 -> 27081 | W132: =T132*I132 -> 44752.5 | X132: =V132+W132 -> 71833.5 | Y132: 300 | Z132: 450 | AA132: =Y132+Z132 -> 750 | AB132: =Y132*H132 -> 9027 | AC132: =Z132*I132 -> 14917.5 | AD132: =AB132+AC132 -> 23944.5 | AE132: 500 | AF132: 750 | AG132: =AE132+AF132 -> 1250 | AH132: =AE132*H132 -> 15045 | AI132: =AF132*I132 -> 24862.5 | AJ132: =AH132+AI132 -> 39907.5 | AK132: 300 | AL132: 450 | AM132: =AK132+AL132 -> 750 | AN132: =AK132*H132 -> 9027 | AO132: =AL132*I132 -> 14917.5 | AP132: =AN132+AO132 -> 23944.5 | AQ132: =S132+Y132+AE132+AK132+M132 -> 2000 | AR132: =T132+Z132+AF132+AL132+N132 -> 3000 | AS132: =AQ132+AR132 -> 5000 | AT132: =V132+AB132+AH132+AN132+P132 -> 60180 | AU132: =W132+AC132+AI132+AO132+Q132 -> 99450 | AV132: =AT132+AU132 -> 159630 | AX132: =X132+AD132+AJ132+AP132+R132 -> 159630
A133: 124 | B133: SAN MARCOS | C133: CONCEPCIÓN TUTUAPA | D133: CONCEPCIÓN TUTUAPA | E133: FIJO | F133: 60 | G133: 125 | H133: 33.04 | I133: 36.4 | J133: CONTRATO ABIERTO | K133: REGION 6 | L133: BANQUETES DE GUATEMALA, S.A. | O133: =M133+N133 -> 0 | P133: =M133*H133 -> 0 | Q133: =N133*I133 -> 0 | R133: =P133+Q133 -> 0 | S133: 540 | T133: 1125 | U133: =S133+T133 -> 1665 | V133: =S133*H133 -> 17841.6 | W133: =T133*I133 -> 40950 | X133: =V133+W133 -> 58791.6 | Y133: 180 | Z133: 375 | AA133: =Y133+Z133 -> 555 | AB133: =Y133*H133 -> 5947.2 | AC133: =Z133*I133 -> 13650 | AD133: =AB133+AC133 -> 19597.2 | AE133: 300 | AF133: 625 | AG133: =AE133+AF133 -> 925 | AH133: =AE133*H133 -> 9912 | AI133: =AF133*I133 -> 22750 | AJ133: =AH133+AI133 -> 32662 | AK133: 180 | AL133: 375 | AM133: =AK133+AL133 -> 555 | AN133: =AK133*H133 -> 5947.2 | AO133: =AL133*I133 -> 13650 | AP133: =AN133+AO133 -> 19597.2 | AQ133: =S133+Y133+AE133+AK133+M133 -> 1200 | AR133: =T133+Z133+AF133+AL133+N133 -> 2500 | AS133: =AQ133+AR133 -> 3700 | AT133: =V133+AB133+AH133+AN133+P133 -> 39648 | AU133: =W133+AC133+AI133+AO133+Q133 -> 91000 | AV133: =AT133+AU133 -> 130648 | AX133: =X133+AD133+AJ133+AP133+R133 -> 130648
A134: 125 | B134: SAN MARCOS | C134: ESQUIPULAS PALO GORDO | D134: ESQUIPULAS PALO GORDO | E134: FIJO | F134: 100 | G134: 150 | H134: 33.04 | I134: 36.4 | J134: CONTRATO ABIERTO | K134: REGION 6 | L134: BANQUETES DE GUATEMALA, S.A. | O134: =M134+N134 -> 0 | P134: =M134*H134 -> 0 | Q134: =N134*I134 -> 0 | R134: =P134+Q134 -> 0 | S134: 800 | T134: 1050 | U134: =S134+T134 -> 1850 | V134: =S134*H134 -> 26432 | W134: =T134*I134 -> 38220 | X134: =V134+W134 -> 64652 | Y134: 200 | Z134: 450 | AA134: =Y134+Z134 -> 650 | AB134: =Y134*H134 -> 6608 | AC134: =Z134*I134 -> 16380 | AD134: =AB134+AC134 -> 22988 | AE134: 375 | AF134: 599 | AG134: =AE134+AF134 -> 974 | AH134: =AE134*H134 -> 12390 | AI134: =AF134*I134 -> 21803.6 | AJ134: =AH134+AI134 -> 34193.6 | AK134: 225 | AL134: 345 | AM134: =AK134+AL134 -> 570 | AN134: =AK134*H134 -> 7434 | AO134: =AL134*I134 -> 12558 | AP134: =AN134+AO134 -> 19992 | AQ134: =S134+Y134+AE134+AK134+M134 -> 1600 | AR134: =T134+Z134+AF134+AL134+N134 -> 2444 | AS134: =AQ134+AR134 -> 4044 | AT134: =V134+AB134+AH134+AN134+P134 -> 52864 | AU134: =W134+AC134+AI134+AO134+Q134 -> 88961.6 | AV134: =AT134+AU134 -> 141825.6 | AX134: =X134+AD134+AJ134+AP134+R134 -> 141825.6
A135: 126 | B135: SAN MARCOS | C135: LA BLANCA | D135: LA BLANCA | E135: FIJO | F135: 100 | G135: 150 | H135: 33.04 | I135: 36.4 | J135: CONTRATO ABIERTO | K135: REGION 6 | L135: BANQUETES DE GUATEMALA, S.A. | O135: =M135+N135 -> 0 | P135: =M135*H135 -> 0 | Q135: =N135*I135 -> 0 | R135: =P135+Q135 -> 0 | S135: 0 | T135: 0 | U135: =S135+T135 -> 0 | V135: =S135*H135 -> 0 | W135: =T135*I135 -> 0 | X135: =V135+W135 -> 0 | Y135: 0 | Z135: 0 | AA135: =Y135+Z135 -> 0 | AB135: =Y135*H135 -> 0 | AC135: =Z135*I135 -> 0 | AD135: =AB135+AC135 -> 0 | AE135: 0 | AF135: 0 | AG135: =AE135+AF135 -> 0 | AH135: =AE135*H135 -> 0 | AI135: =AF135*I135 -> 0 | AJ135: =AH135+AI135 -> 0 | AK135: 0 | AL135: 0 | AM135: =AK135+AL135 -> 0 | AN135: =AK135*H135 -> 0 | AO135: =AL135*I135 -> 0 | AP135: =AN135+AO135 -> 0 | AQ135: =S135+Y135+AE135+AK135+M135 -> 0 | AR135: =T135+Z135+AF135+AL135+N135 -> 0 | AS135: =AQ135+AR135 -> 0 | AT135: =V135+AB135+AH135+AN135+P135 -> 0 | AU135: =W135+AC135+AI135+AO135+Q135 -> 0 | AV135: =AT135+AU135 -> 0 | AX135: =X135+AD135+AJ135+AP135+R135 -> 0
A136: 127 | B136: SAN MARCOS | C136: LA REFORMA | D136: LA REFORMA | E136: MÓVIL TEMPORAL | F136: 200 | G136: 250 | H136: 33.04 | I136: 36.4 | J136: CONTRATO ABIERTO | K136: REGION 6 | L136: BANQUETES DE GUATEMALA, S.A. | O136: =M136+N136 -> 0 | P136: =M136*H136 -> 0 | Q136: =N136*I136 -> 0 | R136: =P136+Q136 -> 0 | S136: 1503 | T136: 2250 | U136: =S136+T136 -> 3753 | V136: =S136*H136 -> 49659.12 | W136: =T136*I136 -> 81900 | X136: =V136+W136 -> 131559.12 | Y136: 600 | Z136: 750 | AA136: =Y136+Z136 -> 1350 | AB136: =Y136*H136 -> 19824 | AC136: =Z136*I136 -> 27300 | AD136: =AB136+AC136 -> 47124 | AE136: 1000 | AF136: 1250 | AG136: =AE136+AF136 -> 2250 | AH136: =AE136*H136 -> 33040 | AI136: =AF136*I136 -> 45500 | AJ136: =AH136+AI136 -> 78540 | AK136: 600 | AL136: 750 | AM136: =AK136+AL136 -> 1350 | AN136: =AK136*H136 -> 19824 | AO136: =AL136*I136 -> 27300 | AP136: =AN136+AO136 -> 47124 | AQ136: =S136+Y136+AE136+AK136+M136 -> 3703 | AR136: =T136+Z136+AF136+AL136+N136 -> 5000 | AS136: =AQ136+AR136 -> 8703 | AT136: =V136+AB136+AH136+AN136+P136 -> 122347.12 | AU136: =W136+AC136+AI136+AO136+Q136 -> 182000 | AV136: =AT136+AU136 -> 304347.12 | AX136: =X136+AD136+AJ136+AP136+R136 -> 304347.12
A137: 128 | B137: SAN MARCOS | C137: OCÓS | D137: OCÓS | E137: MÓVIL TEMPORAL | F137: 150 | G137: 200 | H137: 28.5 | I137: 29.5 | J137: COMPRA DIRECTA | L137: TECNO SUMINISTROS, S.A. | M137: 150 | N137: 200 | O137: =M137+N137 -> 350 | P137: =M137*H137 -> 4275 | Q137: =N137*I137 -> 5900 | R137: =P137+Q137 -> 10175 | S137: 0 | T137: 0 | U137: =S137+T137 -> 0 | V137: =S137*H137 -> 0 | W137: =T137*I137 -> 0 | X137: =V137+W137 -> 0 | Y137: 0 | Z137: 0 | AA137: =Y137+Z137 -> 0 | AB137: =Y137*H137 -> 0 | AC137: =Z137*I137 -> 0 | AD137: =AB137+AC137 -> 0 | AE137: 0 | AF137: 0 | AG137: =AE137+AF137 -> 0 | AH137: =AE137*H137 -> 0 | AI137: =AF137*I137 -> 0 | AJ137: =AH137+AI137 -> 0 | AK137: 0 | AL137: 0 | AM137: =AK137+AL137 -> 0 | AN137: =AK137*H137 -> 0 | AO137: =AL137*I137 -> 0 | AP137: =AN137+AO137 -> 0 | AQ137: =S137+Y137+AE137+AK137+M137 -> 150 | AR137: =T137+Z137+AF137+AL137+N137 -> 200 | AS137: =AQ137+AR137 -> 350 | AT137: =V137+AB137+AH137+AN137+P137 -> 4275 | AU137: =W137+AC137+AI137+AO137+Q137 -> 5900 | AV137: =AT137+AU137 -> 10175 | AX137: =X137+AD137+AJ137+AP137+R137 -> 10175
A138: 129 | B138: SAN MARCOS | C138: MALACATÁN | D138: MALACATÁN | E138: FIJO | F138: 100 | G138: 150 | H138: 28.5 | I138: 29.5 | J138: COMPRA DIRECTA | L138: TECNO SUMINISTROS, S.A. | M138: 800 | N138: 1200 | O138: =M138+N138 -> 2000 | P138: =M138*H138 -> 22800 | Q138: =N138*I138 -> 35400 | R138: =P138+Q138 -> 58200 | S138: 900 | T138: 1350 | U138: =S138+T138 -> 2250 | V138: =S138*H138 -> 25650 | W138: =T138*I138 -> 39825 | X138: =V138+W138 -> 65475 | Y138: 200 | Z138: 300 | AA138: =Y138+Z138 -> 500 | AB138: =Y138*H138 -> 5700 | AC138: =Z138*I138 -> 8850 | AD138: =AB138+AC138 -> 14550 | AE138: 0 | AF138: 0 | AG138: =AE138+AF138 -> 0 | AH138: =AE138*H138 -> 0 | AI138: =AF138*I138 -> 0 | AJ138: =AH138+AI138 -> 0 | AK138: 0 | AL138: 0 | AM138: =AK138+AL138 -> 0 | AN138: =AK138*H138 -> 0 | AO138: =AL138*I138 -> 0 | AP138: =AN138+AO138 -> 0 | AQ138: =S138+Y138+AE138+AK138+M138 -> 1900 | AR138: =T138+Z138+AF138+AL138+N138 -> 2850 | AS138: =AQ138+AR138 -> 4750 | AT138: =V138+AB138+AH138+AN138+P138 -> 54150 | AU138: =W138+AC138+AI138+AO138+Q138 -> 84075 | AV138: =AT138+AU138 -> 138225 | AX138: =X138+AD138+AJ138+AP138+R138 -> 138225
A139: 130 | B139: SAN MARCOS | C139: SAN JOSÉ EL RODEO | D139: SAN JOSÉ EL RODEO | E139: FIJO | F139: 100 | G139: 150 | H139: 28.5 | I139: 29.5 | J139: COMPRA DIRECTA | L139: TECNO SUMINISTROS, S.A. | O139: =M139+N139 -> 0 | P139: =M139*H139 -> 0 | Q139: =N139*I139 -> 0 | R139: =P139+Q139 -> 0 | S139: 900 | T139: 1350 | U139: =S139+T139 -> 2250 | V139: =S139*H139 -> 25650 | W139: =T139*I139 -> 39825 | X139: =V139+W139 -> 65475 | Y139: 300 | Z139: 450 | AA139: =Y139+Z139 -> 750 | AB139: =Y139*H139 -> 8550 | AC139: =Z139*I139 -> 13275 | AD139: =AB139+AC139 -> 21825 | AE139: 100 | AF139: 150 | AG139: =AE139+AF139 -> 250 | AH139: =AE139*H139 -> 2850 | AI139: =AF139*I139 -> 4425 | AJ139: =AH139+AI139 -> 7275 | AK139: 0 | AL139: 0 | AM139: =AK139+AL139 -> 0 | AN139: =AK139*H139 -> 0 | AO139: =AL139*I139 -> 0 | AP139: =AN139+AO139 -> 0 | AQ139: =S139+Y139+AE139+AK139+M139 -> 1300 | AR139: =T139+Z139+AF139+AL139+N139 -> 1950 | AS139: =AQ139+AR139 -> 3250 | AT139: =V139+AB139+AH139+AN139+P139 -> 37050 | AU139: =W139+AC139+AI139+AO139+Q139 -> 57525 | AV139: =AT139+AU139 -> 94575 | AX139: =X139+AD139+AJ139+AP139+R139 -> 94575
A140: 131 | B140: SAN MARCOS | C140: SAN JOSÉ OJETENAM | D140: SAN JOSÉ OJETENAM | E140: FIJO | F140: 100 | G140: 150 | H140: 33.04 | I140: 36.4 | J140: CONTRATO ABIERTO | K140: REGION 6 | L140: BANQUETES DE GUATEMALA, S.A. | O140: =M140+N140 -> 0 | P140: =M140*H140 -> 0 | Q140: =N140*I140 -> 0 | R140: =P140+Q140 -> 0 | S140: 900 | T140: 1350 | U140: =S140+T140 -> 2250 | V140: =S140*H140 -> 29736 | W140: =T140*I140 -> 49140 | X140: =V140+W140 -> 78876 | Y140: 200 | Z140: 300 | AA140: =Y140+Z140 -> 500 | AB140: =Y140*H140 -> 6608 | AC140: =Z140*I140 -> 10920 | AD140: =AB140+AC140 -> 17528 | AE140: 500 | AF140: 750 | AG140: =AE140+AF140 -> 1250 | AH140: =AE140*H140 -> 16520 | AI140: =AF140*I140 -> 27300 | AJ140: =AH140+AI140 -> 43820 | AK140: 300 | AL140: 450 | AM140: =AK140+AL140 -> 750 | AN140: =AK140*H140 -> 9912 | AO140: =AL140*I140 -> 16380 | AP140: =AN140+AO140 -> 26292 | AQ140: =S140+Y140+AE140+AK140+M140 -> 1900 | AR140: =T140+Z140+AF140+AL140+N140 -> 2850 | AS140: =AQ140+AR140 -> 4750 | AT140: =V140+AB140+AH140+AN140+P140 -> 62776 | AU140: =W140+AC140+AI140+AO140+Q140 -> 103740 | AV140: =AT140+AU140 -> 166516 | AX140: =X140+AD140+AJ140+AP140+R140 -> 166516
A141: 132 | B141: SAN MARCOS | C141: SAN LORENZO | D141: SAN LORENZO | E141: FIJO | F141: 75 | G141: 100 | H141: 33.04 | I141: 36.4 | J141: CONTRATO ABIERTO | K141: REGION 6 | L141: BANQUETES DE GUATEMALA, S.A. | O141: =M141+N141 -> 0 | P141: =M141*H141 -> 0 | Q141: =N141*I141 -> 0 | R141: =P141+Q141 -> 0 | S141: 600 | T141: 700 | U141: =S141+T141 -> 1300 | V141: =S141*H141 -> 19824 | W141: =T141*I141 -> 25480 | X141: =V141+W141 -> 45304 | Y141: 225 | Z141: 300 | AA141: =Y141+Z141 -> 525 | AB141: =Y141*H141 -> 7434 | AC141: =Z141*I141 -> 10920 | AD141: =AB141+AC141 -> 18354 | AE141: 375 | AF141: 500 | AG141: =AE141+AF141 -> 875 | AH141: =AE141*H141 -> 12390 | AI141: =AF141*I141 -> 18200 | AJ141: =AH141+AI141 -> 30590 | AK141: 225 | AL141: 300 | AM141: =AK141+AL141 -> 525 | AN141: =AK141*H141 -> 7434 | AO141: =AL141*I141 -> 10920 | AP141: =AN141+AO141 -> 18354 | AQ141: =S141+Y141+AE141+AK141+M141 -> 1425 | AR141: =T141+Z141+AF141+AL141+N141 -> 1800 | AS141: =AQ141+AR141 -> 3225 | AT141: =V141+AB141+AH141+AN141+P141 -> 47082 | AU141: =W141+AC141+AI141+AO141+Q141 -> 65520 | AV141: =AT141+AU141 -> 112602 | AX141: =X141+AD141+AJ141+AP141+R141 -> 112602
A142: 133 | B142: SAN MARCOS | C142: SAN MARCOS | D142: SAN MARCOS | E142: FIJO | F142: 150 | G142: 200 | H142: 33.04 | I142: 36.4 | J142: CONTRATO ABIERTO | K142: REGION 6 | L142: BANQUETES DE GUATEMALA, S.A. | O142: =M142+N142 -> 0 | P142: =M142*H142 -> 0 | Q142: =N142*I142 -> 0 | R142: =P142+Q142 -> 0 | S142: 1200 | T142: 1400 | U142: =S142+T142 -> 2600 | V142: =S142*H142 -> 39648 | W142: =T142*I142 -> 50960 | X142: =V142+W142 -> 90608 | Y142: 300 | Z142: 600 | AA142: =Y142+Z142 -> 900 | AB142: =Y142*H142 -> 9912 | AC142: =Z142*I142 -> 21840 | AD142: =AB142+AC142 -> 31752 | AE142: 750 | AF142: 1000 | AG142: =AE142+AF142 -> 1750 | AH142: =AE142*H142 -> 24780 | AI142: =AF142*I142 -> 36400 | AJ142: =AH142+AI142 -> 61180 | AK142: 450 | AL142: 600 | AM142: =AK142+AL142 -> 1050 | AN142: =AK142*H142 -> 14868 | AO142: =AL142*I142 -> 21840 | AP142: =AN142+AO142 -> 36708 | AQ142: =S142+Y142+AE142+AK142+M142 -> 2700 | AR142: =T142+Z142+AF142+AL142+N142 -> 3600 | AS142: =AQ142+AR142 -> 6300 | AT142: =V142+AB142+AH142+AN142+P142 -> 89208 | AU142: =W142+AC142+AI142+AO142+Q142 -> 131040 | AV142: =AT142+AU142 -> 220248 | AX142: =X142+AD142+AJ142+AP142+R142 -> 220248
A143: 134 | B143: SAN MARCOS | C143: SAN MIGUEL IXTAHUACÁN | D143: SAN MIGUEL IXTAHUACÁN | E143: FIJO | F143: 75 | G143: 150 | H143: 33.04 | I143: 36.4 | J143: CONTRATO ABIERTO | K143: REGION 6 | L143: BANQUETES DE GUATEMALA, S.A. | O143: =M143+N143 -> 0 | P143: =M143*H143 -> 0 | Q143: =N143*I143 -> 0 | R143: =P143+Q143 -> 0 | S143: 675 | T143: 1350 | U143: =S143+T143 -> 2025 | V143: =S143*H143 -> 22302 | W143: =T143*I143 -> 49140 | X143: =V143+W143 -> 71442 | Y143: 0 | Z143: 0 | AA143: =Y143+Z143 -> 0 | AB143: =Y143*H143 -> 0 | AC143: =Z143*I143 -> 0 | AD143: =AB143+AC143 -> 0 | AE143: 0 | AF143: 0 | AG143: =AE143+AF143 -> 0 | AH143: =AE143*H143 -> 0 | AI143: =AF143*I143 -> 0 | AJ143: =AH143+AI143 -> 0 | AK143: 0 | AL143: 0 | AM143: =AK143+AL143 -> 0 | AN143: =AK143*H143 -> 0 | AO143: =AL143*I143 -> 0 | AP143: =AN143+AO143 -> 0 | AQ143: =S143+Y143+AE143+AK143+M143 -> 675 | AR143: =T143+Z143+AF143+AL143+N143 -> 1350 | AS143: =AQ143+AR143 -> 2025 | AT143: =V143+AB143+AH143+AN143+P143 -> 22302 | AU143: =W143+AC143+AI143+AO143+Q143 -> 49140 | AV143: =AT143+AU143 -> 71442 | AX143: =X143+AD143+AJ143+AP143+R143 -> 71442
A144: 135 | B144: SAN MARCOS | C144: SAN PABLO | D144: SAN PABLO | E144: FIJO | F144: 100 | G144: 150 | H144: 28.5 | I144: 29.5 | J144: COMPRA DIRECTA | L144: TECNO SUMINISTROS, S.A. | M144: 800 | N144: 1200 | O144: =M144+N144 -> 2000 | P144: =M144*H144 -> 22800 | Q144: =N144*I144 -> 35400 | R144: =P144+Q144 -> 58200 | S144: 900 | T144: 1350 | U144: =S144+T144 -> 2250 | V144: =S144*H144 -> 25650 | W144: =T144*I144 -> 39825 | X144: =V144+W144 -> 65475 | Y144: 200 | Z144: 300 | AA144: =Y144+Z144 -> 500 | AB144: =Y144*H144 -> 5700 | AC144: =Z144*I144 -> 8850 | AD144: =AB144+AC144 -> 14550 | AE144: 0 | AF144: 0 | AG144: =AE144+AF144 -> 0 | AH144: =AE144*H144 -> 0 | AI144: =AF144*I144 -> 0 | AJ144: =AH144+AI144 -> 0 | AK144: 0 | AL144: 0 | AM144: =AK144+AL144 -> 0 | AN144: =AK144*H144 -> 0 | AO144: =AL144*I144 -> 0 | AP144: =AN144+AO144 -> 0 | AQ144: =S144+Y144+AE144+AK144+M144 -> 1900 | AR144: =T144+Z144+AF144+AL144+N144 -> 2850 | AS144: =AQ144+AR144 -> 4750 | AT144: =V144+AB144+AH144+AN144+P144 -> 54150 | AU144: =W144+AC144+AI144+AO144+Q144 -> 84075 | AV144: =AT144+AU144 -> 138225 | AX144: =X144+AD144+AJ144+AP144+R144 -> 138225
A145: 136 | B145: SAN MARCOS | C145: SAN RAFAEL PIE DE LA CUESTA | D145: SAN RAFAEL PIE DE LA CUESTA | E145: FIJO | F145: 100 | G145: 150 | H145: 33.04 | I145: 36.4 | J145: CONTRATO ABIERTO | K145: REGION 6 | L145: BANQUETES DE GUATEMALA, S.A. | O145: =M145+N145 -> 0 | P145: =M145*H145 -> 0 | Q145: =N145*I145 -> 0 | R145: =P145+Q145 -> 0 | S145: 800 | T145: 739 | U145: =S145+T145 -> 1539 | V145: =S145*H145 -> 26432 | W145: =T145*I145 -> 26899.6 | X145: =V145+W145 -> 53331.6 | Y145: 300 | Z145: 450 | AA145: =Y145+Z145 -> 750 | AB145: =Y145*H145 -> 9912 | AC145: =Z145*I145 -> 16380 | AD145: =AB145+AC145 -> 26292 | AE145: 500 | AF145: 750 | AG145: =AE145+AF145 -> 1250 | AH145: =AE145*H145 -> 16520 | AI145: =AF145*I145 -> 27300 | AJ145: =AH145+AI145 -> 43820 | AK145: 300 | AL145: 450 | AM145: =AK145+AL145 -> 750 | AN145: =AK145*H145 -> 9912 | AO145: =AL145*I145 -> 16380 | AP145: =AN145+AO145 -> 26292 | AQ145: =S145+Y145+AE145+AK145+M145 -> 1900 | AR145: =T145+Z145+AF145+AL145+N145 -> 2389 | AS145: =AQ145+AR145 -> 4289 | AT145: =V145+AB145+AH145+AN145+P145 -> 62776 | AU145: =W145+AC145+AI145+AO145+Q145 -> 86959.6 | AV145: =AT145+AU145 -> 149735.6 | AX145: =X145+AD145+AJ145+AP145+R145 -> 149735.6
A146: 137 | B146: SAN MARCOS | C146: CATARINA | D146: CATARINA | E146: FIJO | F146: 100 | G146: 150 | H146: 28.5 | I146: 29.5 | J146: COMPRA DIRECTA | L146: TECNO SUMINISTROS, S.A. | O146: =M146+N146 -> 0 | P146: =M146*H146 -> 0 | Q146: =N146*I146 -> 0 | R146: =P146+Q146 -> 0 | S146: 600 | T146: 900 | U146: =S146+T146 -> 1500 | V146: =S146*H146 -> 17100 | W146: =T146*I146 -> 26550 | X146: =V146+W146 -> 43650 | Y146: 300 | Z146: 450 | AA146: =Y146+Z146 -> 750 | AB146: =Y146*H146 -> 8550 | AC146: =Z146*I146 -> 13275 | AD146: =AB146+AC146 -> 21825 | AE146: 500 | AF146: 750 | AG146: =AE146+AF146 -> 1250 | AH146: =AE146*H146 -> 14250 | AI146: =AF146*I146 -> 22125 | AJ146: =AH146+AI146 -> 36375 | AK146: 500 | AL146: 750 | AM146: =AK146+AL146 -> 1250 | AN146: =AK146*H146 -> 14250 | AO146: =AL146*I146 -> 22125 | AP146: =AN146+AO146 -> 36375 | AQ146: =S146+Y146+AE146+AK146+M146 -> 1900 | AR146: =T146+Z146+AF146+AL146+N146 -> 2850 | AS146: =AQ146+AR146 -> 4750 | AT146: =V146+AB146+AH146+AN146+P146 -> 54150 | AU146: =W146+AC146+AI146+AO146+Q146 -> 84075 | AV146: =AT146+AU146 -> 138225 | AX146: =X146+AD146+AJ146+AP146+R146 -> 138225
A147: 138 | B147: SANTA ROSA | C147: BARBERENA | D147: BARBERENA | E147: FIJO | F147: 125 | G147: 225 | H147: 26 | I147: 27.5 | J147: LICITACION | K147: LOTE 53 | L147: TECNO SUMINISTROS, S.A. | O147: =M147+N147 -> 0 | P147: =M147*H147 -> 0 | Q147: =N147*I147 -> 0 | R147: =P147+Q147 -> 0 | S147: 1125 | T147: 2025 | U147: =S147+T147 -> 3150 | V147: =S147*H147 -> 29250 | W147: =T147*I147 -> 55687.5 | X147: =V147+W147 -> 84937.5 | Y147: 375 | Z147: 675 | AA147: =Y147+Z147 -> 1050 | AB147: =Y147*H147 -> 9750 | AC147: =Z147*I147 -> 18562.5 | AD147: =AB147+AC147 -> 28312.5 | AE147: 625 | AF147: 1125 | AG147: =AE147+AF147 -> 1750 | AH147: =AE147*H147 -> 16250 | AI147: =AF147*I147 -> 30937.5 | AJ147: =AH147+AI147 -> 47187.5 | AK147: 375 | AL147: 675 | AM147: =AK147+AL147 -> 1050 | AN147: =AK147*H147 -> 9750 | AO147: =AL147*I147 -> 18562.5 | AP147: =AN147+AO147 -> 28312.5 | AQ147: =S147+Y147+AE147+AK147+M147 -> 2500 | AR147: =T147+Z147+AF147+AL147+N147 -> 4500 | AS147: =AQ147+AR147 -> 7000 | AT147: =V147+AB147+AH147+AN147+P147 -> 65000 | AU147: =W147+AC147+AI147+AO147+Q147 -> 123750 | AV147: =AT147+AU147 -> 188750 | AX147: =X147+AD147+AJ147+AP147+R147 -> 188750
A148: 139 | B148: SANTA ROSA | C148: CASILLAS | D148: CASILLAS | E148: FIJO | F148: 75 | G148: 150 | H148: 26 | I148: 27.5 | J148: LICITACION | K148: LOTE 53 | L148: TECNO SUMINISTROS, S.A. | O148: =M148+N148 -> 0 | P148: =M148*H148 -> 0 | Q148: =N148*I148 -> 0 | R148: =P148+Q148 -> 0 | S148: 675 | T148: 1350 | U148: =S148+T148 -> 2025 | V148: =S148*H148 -> 17550 | W148: =T148*I148 -> 37125 | X148: =V148+W148 -> 54675 | Y148: 225 | Z148: 450 | AA148: =Y148+Z148 -> 675 | AB148: =Y148*H148 -> 5850 | AC148: =Z148*I148 -> 12375 | AD148: =AB148+AC148 -> 18225 | AE148: 375 | AF148: 750 | AG148: =AE148+AF148 -> 1125 | AH148: =AE148*H148 -> 9750 | AI148: =AF148*I148 -> 20625 | AJ148: =AH148+AI148 -> 30375 | AK148: 225 | AL148: 450 | AM148: =AK148+AL148 -> 675 | AN148: =AK148*H148 -> 5850 | AO148: =AL148*I148 -> 12375 | AP148: =AN148+AO148 -> 18225 | AQ148: =S148+Y148+AE148+AK148+M148 -> 1500 | AR148: =T148+Z148+AF148+AL148+N148 -> 3000 | AS148: =AQ148+AR148 -> 4500 | AT148: =V148+AB148+AH148+AN148+P148 -> 39000 | AU148: =W148+AC148+AI148+AO148+Q148 -> 82500 | AV148: =AT148+AU148 -> 121500 | AX148: =X148+AD148+AJ148+AP148+R148 -> 121500
A149: 140 | B149: SANTA ROSA | C149: CHIQUIMULILLA | D149: CHIQUIMULILLA | E149: FIJO | F149: 100 | G149: 200 | H149: 26 | I149: 27.5 | J149: LICITACION | K149: LOTE 53 | L149: TECNO SUMINISTROS, S.A. | O149: =M149+N149 -> 0 | P149: =M149*H149 -> 0 | Q149: =N149*I149 -> 0 | R149: =P149+Q149 -> 0 | S149: 900 | T149: 1800 | U149: =S149+T149 -> 2700 | V149: =S149*H149 -> 23400 | W149: =T149*I149 -> 49500 | X149: =V149+W149 -> 72900 | Y149: 300 | Z149: 600 | AA149: =Y149+Z149 -> 900 | AB149: =Y149*H149 -> 7800 | AC149: =Z149*I149 -> 16500 | AD149: =AB149+AC149 -> 24300 | AE149: 500 | AF149: 1000 | AG149: =AE149+AF149 -> 1500 | AH149: =AE149*H149 -> 13000 | AI149: =AF149*I149 -> 27500 | AJ149: =AH149+AI149 -> 40500 | AK149: 300 | AL149: 600 | AM149: =AK149+AL149 -> 900 | AN149: =AK149*H149 -> 7800 | AO149: =AL149*I149 -> 16500 | AP149: =AN149+AO149 -> 24300 | AQ149: =S149+Y149+AE149+AK149+M149 -> 2000 | AR149: =T149+Z149+AF149+AL149+N149 -> 4000 | AS149: =AQ149+AR149 -> 6000 | AT149: =V149+AB149+AH149+AN149+P149 -> 52000 | AU149: =W149+AC149+AI149+AO149+Q149 -> 110000 | AV149: =AT149+AU149 -> 162000 | AX149: =X149+AD149+AJ149+AP149+R149 -> 162000
...
