Workbook

Sheet RESUMEN EJECUTIVO
A1: MINISTERIO DE DESARROLLO SOCIAL | DIRECCIÓN DE PREVENCIÓN SOCIAL
A2: RESUMEN EJECUTIVO DE EJECUCIÓN FÍSICA Y FINANCIERA — JULIO 2026
A4: Programa Social | B4: Presupuesto Vigente (Q) | C4: Ejecución Financiera (Q) | D4: % Ejec. Financiera | E4: Meta Física Vigente | F4: Ejecución Física | G4: % Ejec. Física | U4: Programa | V4: % Financiera | W4: % Física
A5: =INTEGRADO!D4 -> Comedor Social | B5: =INTEGRADO!N4 -> 284581992 | C5: =INTEGRADO!O4 -> 1.291613e+08 | D5: =INTEGRADO!O4/INTEGRADO!N4 -> 0.45386323 | E5: =INTEGRADO!K4 -> 9219150 | F5: =INTEGRADO!L4 -> 5289587 | G5: =INTEGRADO!L4/INTEGRADO!K4 -> 0.57376081 | U5: =A5 -> Comedor Social | V5: =D5 -> 0.45386323 | W5: =G5 -> 0.57376081
A6: =INTEGRADO!D5 -> Bolsa Social | B6: =INTEGRADO!N5 -> 214000000 | C6: =INTEGRADO!O5 -> 133794050 | D6: =INTEGRADO!O5/INTEGRADO!N5 -> 0.62520584 | E6: =INTEGRADO!K5 -> 658461 | F6: =INTEGRADO!L5 -> 411674 | G6: =INTEGRADO!L5/INTEGRADO!K5 -> 0.62520635 | U6: =A6 -> Bolsa Social | V6: =D6 -> 0.62520584 | W6: =G6 -> 0.62520635
A7: =INTEGRADO!D6 -> Jóvenes Protagonistas | B7: =INTEGRADO!N6 -> 64869524 | C7: =INTEGRADO!O6 -> 14430924 | D7: =INTEGRADO!O6/INTEGRADO!N6 -> 0.22246076 | E7: =INTEGRADO!K6 -> 77500 | F7: =INTEGRADO!L6 -> 33556 | G7: =INTEGRADO!L6/INTEGRADO!K6 -> 0.43298065 | U7: =A7 -> Jóvenes Protagonistas | V7: =D7 -> 0.22246076 | W7: =G7 -> 0.43298065
A8: =INTEGRADO!D7 -> Beca Media | B8: =INTEGRADO!N7 -> 14663654 | C8: =INTEGRADO!O7 -> 11730000 | D8: =INTEGRADO!O7/INTEGRADO!N7 -> 0.79993704 | E8: =INTEGRADO!K7 -> 5865 | F8: =INTEGRADO!L7 -> 4691.8 | G8: =INTEGRADO!L7/INTEGRADO!K7 -> 0.7999659 | U8: =A8 -> Beca Media | V8: =D8 -> 0.79993704 | W8: =G8 -> 0.7999659
A9: =INTEGRADO!D8 -> Beca Superior | B9: =INTEGRADO!N8 -> 3860500 | C9: =INTEGRADO!O8 -> 2779200 | D9: =INTEGRADO!O8/INTEGRADO!N8 -> 0.71990675 | E9: =INTEGRADO!K8 -> 1544 | F9: =INTEGRADO!L8 -> 1111.68 | G9: =INTEGRADO!L8/INTEGRADO!K8 -> 0.72 | U9: =A9 -> Beca Superior | V9: =D9 -> 0.71990675 | W9: =G9 -> 0.72
A10: TOTAL DPS | B10: =SUM(B5:B9) -> 581975670 | C10: =SUM(C5:C9) -> 2.9189548e+08 | D10: =C10/B10 -> 0.50155958 | E10: =SUM(E5:E9) -> 9962520 | F10: =SUM(F5:F9) -> 5740620.5 | G10: =F10/E10 -> 0.57622173
A11: TABLA DINÁMICA — EJECUCIÓN FÍSICA Y FINANCIERA POR PROGRAMA, DEPARTAMENTO Y MES
A12: Municipio | B12: (Varios elementos)
A13: Unidad de Medida | B13: (Varios elementos)
B15: Etiquetas de columna
B16: 01 Enero | D16: 02 Febrero | F16: 03 Marzo | H16: 04 Abril | J16: 05 Mayo | L16: 06 Junio | N16: 07 Julio | P16: Total Suma de Financiera | Q16: Total Suma de Física
A17: Etiquetas de fila | B17: Suma de Financiera | C17: Suma de Física | D17: Suma de Financiera | E17: Suma de Física | F17: Suma de Financiera | G17: Suma de Física | H17: Suma de Financiera | I17: Suma de Física | J17: Suma de Financiera | K17: Suma de Física | L17: Suma de Financiera | M17: Suma de Física | N17: Suma de Financiera | O17: Suma de Física
A18: Comedor Social | B18: 0 | C18: 4650 | D18: 0 | E18: 5000 | F18: 344536.5 | G18: 5500 | H18: 196251 | I18: 4750 | J18: 169489.5 | K18: 4989 | L18: 178040.07 | M18: 5000 | N18: 178410 | O18: 5175 | P18: 1066727.1 | Q18: 35064
A19: HUEHUETENANGO | B19: 0 | C19: 4650 | D19: 0 | E19: 5000 | F19: 344536.5 | G19: 5500 | H19: 196251 | I19: 4750 | J19: 169489.5 | K19: 4989 | L19: 178040.07 | M19: 5000 | N19: 178410 | O19: 5175 | P19: 1066727.1 | Q19: 35064
A20: Total general | B20: 0 | C20: 4650 | D20: 0 | E20: 5000 | F20: 344536.5 | G20: 5500 | H20: 196251 | I20: 4750 | J20: 169489.5 | K20: 4989 | L20: 178040.07 | M20: 5000 | N20: 178410 | O20: 5175 | P20: 1066727.1 | Q20: 35064

Sheet INTEGRADO
C2: DIRECCION DE PREVENSIÓN SOCIAL 2025 | E2: PRESUPESTO GENERAL | I2: ="EJECUCION DE JULIO GS 2026 DPS" -> EJECUCION DE JULIO GS 2026 DPS | K2: EJECUCION FISICA 2026 | N2: EJECUCIÓN FINANCIERA 2026
C3: SUBDIRECCIÓN | D3: PROGRAMA SOCIAL | E3: PRESUPUESTO FINANCIERO INICIAL | F3: PRESUPUETO FINANCIERO VIGENTE | G3: EJECUCIÓN FINANCIERA | H3: % Ejecucion General | I3: FÍSICA | J3: FINANCIERA | K3: META FISICA VIGENTE | L3: EJECUTADO | M3: % Ejecución | N3: EJECUCIÓN VIGENTE | O3: EJECUCIÓN EJECUTADO | P3: % EJECUCIÓN
A4: x | B4: 211 | C4: COMEDORES | D4: Comedor Social | E4: 179849180 | F4: 318833963 | G4: 1.4228679e+08 | H4: =G4/F4 -> 0.44627238 | I4: 1066904 | J4: 25682209 | K4: 9219150 | L4: 5289587 | M4: =L4/K4 -> 0.57376081 | N4: 284581992 | O4: 1.291613e+08 | P4: =O4/N4 -> 0.45386323
A5: x | B5: 419 | C5: BOLSA DE ALIMENTOS | D5: Bolsa Social | E5: 117541070 | F5: 238384670 | G5: 1.4371802e+08 | H5: =G5/F5 -> 0.60288282 | I5: 55000 | J5: 17875000 | K5: 658461 | L5: 411674 | M5: =L5/K5 -> 0.62520635 | N5: 214000000 | O5: 133794050 | P5: =O5/N5 -> 0.62520584
C6: FAMILIAS SEGURAS | D6: Jóvenes Protagonistas | E6: 23753024 | F6: 64869524 | G6: 14430924 | H6: =G6/F6 -> 0.22246076 | I6: 4779 | J6: 4236525.6 | K6: 77500 | L6: 33556 | M6: =L6/K6 -> 0.43298065 | N6: 64869524 | O6: 14430924 | P6: =O6/N6 -> 0.22246076
A7: x | B7: 416 | C7: BECA EDUCACIÓN MEDIA | D7: Beca Media | E7: 15013686 | F7: 15543440 | G7: 12077710 | H7: =G7/F7 -> 0.77702939 | I7: 0 | J7: 0 | K7: 5865 | L7: 4691.8 | M7: =L7/K7 -> 0.7999659 | N7: 14663654 | O7: 11730000 | P7: =O7/N7 -> 0.79993704
A8: x | B8: 416 | C8: BECA EDUCACIÓN SUPERIOR | D8: Beca Superior | E8: 4787338 | F8: 5309438 | G8: 3457197.3 | H8: =G8/F8 -> 0.65114185 | I8: 0 | J8: 0 | K8: 1544 | L8: 1111.68 | M8: =L8/K8 -> 0.72 | N8: 3860500 | O8: 2779200 | P8: =O8/N8 -> 0.71990675

Sheet BECA MEDIA
A1: PROGRAMA SOCIAL "BECA EDUCACIÓN MEDIA"
A2: NO. | B2: DEPARTAMENTO | C2: MUNICIPIO | D2: UNIDAD DE MEDIDA | E2: PLANIFICACIÓN | G2: EJECUCIÓN 30 ENERO | J2: EJECUCIÓN 28 FEBRERO | M2: EJECUCIÓN 31 MARZO | P2: EJECUCIÓN 30 ABRIL | S2: EJECUCIÓN 31 MAYO | V2: EJECUCIÓN 30 JUNIO | Y2: EJECUCIÓN 31 JULIO | AB2: EJECUCIÓN 31 AGOSTO | AE2: EJECUCIÓN 30 SEPTIEMBRE | AH2: EJECUCIÓN 31 OCTUBRE | AK2: EJECUCIÓN 30 NOVIEMBRE | AN2: EJECUCIÓN 31 DICIEMBRE | AQ2: EJECUCIÓN TOTAL 2026
E3: FÍSICA | F3: FINANCIERA | G3: FÍSICA | H3: FINANCIERA | I3: Beneficiarios | J3: FÍSICA | K3: FINANCIERA | L3: Beneficiarios | M3: FÍSICA | N3: FINANCIERA | O3: Beneficiarios | P3: FÍSICA | Q3: FINANCIERA | R3: Beneficiarios | S3: FÍSICA | T3: FINANCIERA | U3: Beneficiarios | V3: FÍSICA | W3: FINANCIERA | X3: Beneficiarios | Y3: FÍSICA | Z3: FINANCIERA | AA3: Beneficiarios | AB3: FÍSICA | AC3: FINANCIERA | AD3: Beneficiarios | AE3: FÍSICA | AF3: FINANCIERA | AG3: Beneficiarios | AH3: FÍSICA | AI3: FINANCIERA | AJ3: Beneficiarios | AK3: FÍSICA | AL3: FINANCIERA | AM3: Beneficiarios | AN3: FÍSICA | AO3: FINANCIERA | AP3: Beneficiarios | AQ3: FÍSICA | AR3: FINANCIERA | AS3: Beneficiarios
A4: 1 | B4: ALTA VERAPAZ | C4: CAHABÓN | D4: Beca | E4: 20.4 | F4: =E4*2500 -> 51000 | G4: 0 | H4: 0 | I4: 0 | J4: 0 | K4: 0 | L4: 0 | M4: 5.6 | N4: 14000 | O4: 14 | P4: =Q4/2500 -> 4.8 | Q4: =R4*1000 -> 12000 | R4: 12 | S4: 0 | T4: 0 | U4: 0 | V4: =W4/2500 -> 10.4 | W4: 26000 | X4: 26 | Y4: 0 | Z4: 0 | AA4: 0 | AB4: 0 | AC4: 0 | AD4: 0 | AE4: 0 | AF4: 0 | AG4: 0 | AH4: 0 | AI4: 0 | AJ4: 0 | AK4: 0 | AL4: 0 | AM4: 0 | AN4: 0 | AO4: 0 | AP4: 0 | AQ4: =G4+J4+M4+P4+S4+V4+Y4+AB4+AE4+AH4+AK4+AN4 -> 20.8 | AR4: =H4+K4+N4+Q4+T4+W4+Z4+AC4+AF4+AI4+AL4+AO4 -> 52000 | AS4: 27
A5: 2 | B5: ALTA VERAPAZ | C5: CHAHAL | E5: 37.6 | F5: =E5*2500 -> 94000 | G5: 0 | H5: 0 | I5: 0 | J5: 0 | K5: 0 | L5: 0 | M5: 6 | N5: 15000 | O5: 15 | P5: =Q5/2500 -> 6.8 | Q5: =R5*1000 -> 17000 | R5: 17 | S5: 0 | T5: 0 | U5: 0 | V5: =W5/2500 -> 12.8 | W5: 32000 | X5: 32 | Y5: 0 | Z5: 0 | AA5: 0 | AB5: 0 | AC5: 0 | AD5: 0 | AE5: 0 | AF5: 0 | AG5: 0 | AH5: 0 | AI5: 0 | AJ5: 0 | AK5: 0 | AL5: 0 | AM5: 0 | AN5: 0 | AO5: 0 | AP5: 0 | AQ5: =G5+J5+M5+P5+S5+V5+Y5+AB5+AE5+AH5+AK5+AN5 -> 25.6 | AR5: =H5+K5+N5+Q5+T5+W5+Z5+AC5+AF5+AI5+AL5+AO5 -> 64000 | AS5: 32
A6: 3 | B6: ALTA VERAPAZ | C6: CHISEC | E6: 29.4 | F6: =E6*2500 -> 73500 | G6: 0 | H6: 0 | I6: 0 | J6: 0 | K6: 0 | L6: 0 | M6: 6.8 | N6: 17000 | O6: 17 | P6: =Q6/2500 -> 2.8 | Q6: =R6*1000 -> 7000 | R6: 7 | S6: 0 | T6: 0 | U6: 0 | V6: =W6/2500 -> 9.2 | W6: 23000 | X6: 23 | Y6: 0 | Z6: 0 | AA6: 0 | AB6: 0 | AC6: 0 | AD6: 0 | AE6: 0 | AF6: 0 | AG6: 0 | AH6: 0 | AI6: 0 | AJ6: 0 | AK6: 0 | AL6: 0 | AM6: 0 | AN6: 0 | AO6: 0 | AP6: 0 | AQ6: =G6+J6+M6+P6+S6+V6+Y6+AB6+AE6+AH6+AK6+AN6 -> 18.8 | AR6: =H6+K6+N6+Q6+T6+W6+Z6+AC6+AF6+AI6+AL6+AO6 -> 47000 | AS6: 25
A7: 4 | B7: ALTA VERAPAZ | C7: COBÁN | E7: 24.8 | F7: =E7*2500 -> 62000 | G7: 0 | H7: 0 | I7: 0 | J7: 0 | K7: 0 | L7: 0 | M7: 6 | N7: 15000 | O7: 15 | P7: =Q7/2500 -> 3.2 | Q7: =R7*1000 -> 8000 | R7: 8 | S7: 0 | T7: 0 | U7: 0 | V7: =W7/2500 -> 8.8 | W7: 22000 | X7: 22 | Y7: 0 | Z7: 0 | AA7: 0 | AB7: 0 | AC7: 0 | AD7: 0 | AE7: 0 | AF7: 0 | AG7: 0 | AH7: 0 | AI7: 0 | AJ7: 0 | AK7: 0 | AL7: 0 | AM7: 0 | AN7: 0 | AO7: 0 | AP7: 0 | AQ7: =G7+J7+M7+P7+S7+V7+Y7+AB7+AE7+AH7+AK7+AN7 -> 18 | AR7: =H7+K7+N7+Q7+T7+W7+Z7+AC7+AF7+AI7+AL7+AO7 -> 45000 | AS7: 23
A8: 5 | B8: ALTA VERAPAZ | C8: FRAY BARTOLOMÉ DE LAS CASAS | E8: 11.8 | F8: =E8*2500 -> 29500 | G8: 0 | H8: 0 | I8: 0 | J8: 0 | K8: 0 | L8: 0 | M8: 1.6 | N8: 4000 | O8: 4 | P8: =Q8/2500 -> 2.4 | Q8: =R8*1000 -> 6000 | R8: 6 | S8: 0 | T8: 0 | U8: 0 | V8: =W8/2500 -> 4 | W8: 10000 | X8: 10 | Y8: 0 | Z8: 0 | AA8: 0 | AB8: 0 | AC8: 0 | AD8: 0 | AE8: 0 | AF8: 0 | AG8: 0 | AH8: 0 | AI8: 0 | AJ8: 0 | AK8: 0 | AL8: 0 | AM8: 0 | AN8: 0 | AO8: 0 | AP8: 0 | AQ8: =G8+J8+M8+P8+S8+V8+Y8+AB8+AE8+AH8+AK8+AN8 -> 8 | AR8: =H8+K8+N8+Q8+T8+W8+Z8+AC8+AF8+AI8+AL8+AO8 -> 20000 | AS8: 10
A9: 6 | B9: ALTA VERAPAZ | C9: LANQUÍN | E9: 18 | F9: =E9*2500 -> 45000 | G9: 0 | H9: 0 | I9: 0 | J9: 0 | K9: 0 | L9: 0 | M9: 2.4 | N9: 6000 | O9: 6 | P9: =Q9/2500 -> 7.6 | Q9: =R9*1000 -> 19000 | R9: 19 | S9: 0 | T9: 0 | U9: 0 | V9: =W9/2500 -> 9.6 | W9: 24000 | X9: 24 | Y9: 0 | Z9: 0 | AA9: 0 | AB9: 0 | AC9: 0 | AD9: 0 | AE9: 0 | AF9: 0 | AG9: 0 | AH9: 0 | AI9: 0 | AJ9: 0 | AK9: 0 | AL9: 0 | AM9: 0 | AN9: 0 | AO9: 0 | AP9: 0 | AQ9: =G9+J9+M9+P9+S9+V9+Y9+AB9+AE9+AH9+AK9+AN9 -> 19.6 | AR9: =H9+K9+N9+Q9+T9+W9+Z9+AC9+AF9+AI9+AL9+AO9 -> 49000 | AS9: 25
A10: 7 | B10: ALTA VERAPAZ | C10: PANZÓS | E10: 27 | F10: =E10*2500 -> 67500 | G10: 0 | H10: 0 | I10: 0 | J10: 0 | K10: 0 | L10: 0 | M10: 6 | N10: 15000 | O10: 15 | P10: =Q10/2500 -> 4.8 | Q10: =R10*1000 -> 12000 | R10: 12 | S10: 0 | T10: 0 | U10: 0 | V10: =W10/2500 -> 10.4 | W10: 26000 | X10: 26 | Y10: 0 | Z10: 0 | AA10: 0 | AB10: 0 | AC10: 0 | AD10: 0 | AE10: 0 | AF10: 0 | AG10: 0 | AH10: 0 | AI10: 0 | AJ10: 0 | AK10: 0 | AL10: 0 | AM10: 0 | AN10: 0 | AO10: 0 | AP10: 0 | AQ10: =G10+J10+M10+P10+S10+V10+Y10+AB10+AE10+AH10+AK10+AN10 -> 21.2 | AR10: =H10+K10+N10+Q10+T10+W10+Z10+AC10+AF10+AI10+AL10+AO10 -> 53000 | AS10: 27
A11: 8 | B11: ALTA VERAPAZ | C11: RAXRUHÁ | E11: 16.4 | F11: =E11*2500 -> 41000 | G11: 0 | H11: 0 | I11: 0 | J11: 0 | K11: 0 | L11: 0 | M11: 4.4 | N11: 11000 | O11: 11 | P11: =Q11/2500 -> 0 | Q11: =R11*1000 -> 0 | R11: 0 | S11: 0 | T11: 0 | U11: 0 | V11: =W11/2500 -> 3.6 | W11: 9000 | X11: 9 | Y11: 0 | Z11: 0 | AA11: 0 | AB11: 0 | AC11: 0 | AD11: 0 | AE11: 0 | AF11: 0 | AG11: 0 | AH11: 0 | AI11: 0 | AJ11: 0 | AK11: 0 | AL11: 0 | AM11: 0 | AN11: 0 | AO11: 0 | AP11: 0 | AQ11: =G11+J11+M11+P11+S11+V11+Y11+AB11+AE11+AH11+AK11+AN11 -> 8 | AR11: =H11+K11+N11+Q11+T11+W11+Z11+AC11+AF11+AI11+AL11+AO11 -> 20000 | AS11: 11
A12: 9 | B12: ALTA VERAPAZ | C12: SAN CRISTÓBAL VERAPAZ | E12: 27.8 | F12: =E12*2500 -> 69500 | G12: 0 | H12: 0 | I12: 0 | J12: 0 | K12: 0 | L12: 0 | M12: 8.8 | N12: 22000 | O12: 22 | P12: =Q12/2500 -> 2.8 | Q12: =R12*1000 -> 7000 | R12: 7 | S12: 0 | T12: 0 | U12: 0 | V12: =W12/2500 -> 11.2 | W12: 28000 | X12: 28 | Y12: 0 | Z12: 0 | AA12: 0 | AB12: 0 | AC12: 0 | AD12: 0 | AE12: 0 | AF12: 0 | AG12: 0 | AH12: 0 | AI12: 0 | AJ12: 0 | AK12: 0 | AL12: 0 | AM12: 0 | AN12: 0 | AO12: 0 | AP12: 0 | AQ12: =G12+J12+M12+P12+S12+V12+Y12+AB12+AE12+AH12+AK12+AN12 -> 22.8 | AR12: =H12+K12+N12+Q12+T12+W12+Z12+AC12+AF12+AI12+AL12+AO12 -> 57000 | AS12: 30
A13: 10 | B13: ALTA VERAPAZ | C13: SAN JUAN CHAMELCO | E13: 7 | F13: =E13*2500 -> 17500 | G13: 0 | H13: 0 | I13: 0 | J13: 0 | K13: 0 | L13: 0 | M13: 1.6 | N13: 4000 | O13: 4 | P13: =Q13/2500 -> 1.2 | Q13: =R13*1000 -> 3000 | R13: 3 | S13: 0 | T13: 0 | U13: 0 | V13: =W13/2500 -> 2.4 | W13: 6000 | X13: 6 | Y13: 0 | Z13: 0 | AA13: 0 | AB13: 0 | AC13: 0 | AD13: 0 | AE13: 0 | AF13: 0 | AG13: 0 | AH13: 0 | AI13: 0 | AJ13: 0 | AK13: 0 | AL13: 0 | AM13: 0 | AN13: 0 | AO13: 0 | AP13: 0 | AQ13: =G13+J13+M13+P13+S13+V13+Y13+AB13+AE13+AH13+AK13+AN13 -> 5.2 | AR13: =H13+K13+N13+Q13+T13+W13+Z13+AC13+AF13+AI13+AL13+AO13 -> 13000 | AS13: 7
A14: 11 | B14: ALTA VERAPAZ | C14: SAN PEDRO CARCHÁ | E14: 6.2 | F14: =E14*2500 -> 15500 | G14: 0 | H14: 0 | I14: 0 | J14: 0 | K14: 0 | L14: 0 | M14: 1.6 | N14: 4000 | O14: 4 | P14: =Q14/2500 -> 4 | Q14: =R14*1000 -> 10000 | R14: 10 | S14: 0 | T14: 0 | U14: 0 | V14: =W14/2500 -> 5.6 | W14: 14000 | X14: 14 | Y14: 0 | Z14: 0 | AA14: 0 | AB14: 0 | AC14: 0 | AD14: 0 | AE14: 0 | AF14: 0 | AG14: 0 | AH14: 0 | AI14: 0 | AJ14: 0 | AK14: 0 | AL14: 0 | AM14: 0 | AN14: 0 | AO14: 0 | AP14: 0 | AQ14: =G14+J14+M14+P14+S14+V14+Y14+AB14+AE14+AH14+AK14+AN14 -> 11.2 | AR14: =H14+K14+N14+Q14+T14+W14+Z14+AC14+AF14+AI14+AL14+AO14 -> 28000 | AS14: 15
A15: 12 | B15: ALTA VERAPAZ | C15: SANTA CATALINA LA TINTA | E15: 12.6 | F15: =E15*2500 -> 31500 | G15: 0 | H15: 0 | I15: 0 | J15: 0 | K15: 0 | L15: 0 | M15: 2 | N15: 5000 | O15: 5 | P15: =Q15/2500 -> 1.2 | Q15: =R15*1000 -> 3000 | R15: 3 | S15: 0 | T15: 0 | U15: 0 | V15: =W15/2500 -> 2.8 | W15: 7000 | X15: 7 | Y15: 0 | Z15: 0 | AA15: 0 | AB15: 0 | AC15: 0 | AD15: 0 | AE15: 0 | AF15: 0 | AG15: 0 | AH15: 0 | AI15: 0 | AJ15: 0 | AK15: 0 | AL15: 0 | AM15: 0 | AN15: 0 | AO15: 0 | AP15: 0 | AQ15: =G15+J15+M15+P15+S15+V15+Y15+AB15+AE15+AH15+AK15+AN15 -> 6 | AR15: =H15+K15+N15+Q15+T15+W15+Z15+AC15+AF15+AI15+AL15+AO15 -> 15000 | AS15: 8
A16: 13 | B16: ALTA VERAPAZ | C16: SANTA CRUZ VERAPAZ | E16: 27.8 | F16: =E16*2500 -> 69500 | G16: 0 | H16: 0 | I16: 0 | J16: 0 | K16: 0 | L16: 0 | M16: 8 | N16: 20000 | O16: 20 | P16: =Q16/2500 -> 6 | Q16: =R16*1000 -> 15000 | R16: 15 | S16: 0 | T16: 0 | U16: 0 | V16: =W16/2500 -> 14 | W16: 35000 | X16: 35 | Y16: 0 | Z16: 0 | AA16: 0 | AB16: 0 | AC16: 0 | AD16: 0 | AE16: 0 | AF16: 0 | AG16: 0 | AH16: 0 | AI16: 0 | AJ16: 0 | AK16: 0 | AL16: 0 | AM16: 0 | AN16: 0 | AO16: 0 | AP16: 0 | AQ16: =G16+J16+M16+P16+S16+V16+Y16+AB16+AE16+AH16+AK16+AN16 -> 28 | AR16: =H16+K16+N16+Q16+T16+W16+Z16+AC16+AF16+AI16+AL16+AO16 -> 70000 | AS16: 36
... A20: 17 | B20: ALTA VERAPAZ | C20: TUCURÚ | E20: 12.8 | F20: =E20*2500 -> 32000 | G20: 0 | H20: 0 | I20: 0 | J20: 0 | K20: 0 | L20: 0 | M20: 3.6 | N20: 9000 | O20: 9 | P20: =Q20/2500 -> 2 | Q20: =R20*1000 -> 5000 | R20: 5 | S20: 0 | T20: 0 | U20: 0 | V20: =W20/2500 -> 5.6 | W20: 14000 | X20: 14 | Y20: 0 | Z20: 0 | AA20: 0 | AB20: 0 | AC20: 0 | AD20: 0 | AE20: 0 | AF20: 0 | AG20: 0 | AH20: 0 | AI20: 0 | AJ20: 0 | AK20: 0 | AL20: 0 | AM20: 0 | AN20: 0 | AO20: 0 | AP20: 0 | AQ20: =G20+J20+M20+P20+S20+V20+Y20+AB20+AE20+AH20+AK20+AN20 -> 11.2 | AR20: =H20+K20+N20+Q20+T20+W20+Z20+AC20+AF20+AI20+AL20+AO20 -> 28000 | AS20: 14
A21: 18 | B21: BAJA VERAPAZ | C21: CUBULCO | D21: Beca | E21: 12.4 | F21: =E21*2500 -> 31000 | G21: 0 | H21: 0 | I21: 0 | J21: 0 | K21: 0 | L21: 0 | M21: 4.8 | N21: 12000 | O21: 12 | P21: =Q21/2500 -> 1.2 | Q21: =R21*1000 -> 3000 | R21: 3 | S21: 0 | T21: 0 | U21: 0 | V21: =W21/2500 -> 6 | W21: 15000 | X21: 15 | Y21: 0 | Z21: 0 | AA21: 0 | AB21: 0 | AC21: 0 | AD21: 0 | AE21: 0 | AF21: 0 | AG21: 0 | AH21: 0 | AI21: 0 | AJ21: 0 | AK21: 0 | AL21: 0 | AM21: 0 | AN21: 0 | AO21: 0 | AP21: 0 | AQ21: =G21+J21+M21+P21+S21+V21+Y21+AB21+AE21+AH21+AK21+AN21 -> 12 | AR21: =H21+K21+N21+Q21+T21+W21+Z21+AC21+AF21+AI21+AL21+AO21 -> 30000 | AS21: 15
A22: 19 | B22: BAJA VERAPAZ | C22: EL CHOL | E22: 23.8 | F22: =E22*2500 -> 59500 | G22: 0 | H22: 0 | I22: 0 | J22: 0 | K22: 0 | L22: 0 | M22: 8.4 | N22: 21000 | O22: 21 | P22: =Q22/2500 -> 3.6 | Q22: =R22*1000 -> 9000 | R22: 9 | S22: 0 | T22: 0 | U22: 0 | V22: =W22/2500 -> 11.6 | W22: 29000 | X22: 29 | Y22: 0 | Z22: 0 | AA22: 0 | AB22: 0 | AC22: 0 | AD22: 0 | AE22: 0 | AF22: 0 | AG22: 0 | AH22: 0 | AI22: 0 | AJ22: 0 | AK22: 0 | AL22: 0 | AM22: 0 | AN22: 0 | AO22: 0 | AP22: 0 | AQ22: =G22+J22+M22+P22+S22+V22+Y22+AB22+AE22+AH22+AK22+AN22 -> 23.6 | AR22: =H22+K22+N22+Q22+T22+W22+Z22+AC22+AF22+AI22+AL22+AO22 -> 59000 | AS22: 30
A23: 20 | B23: BAJA VERAPAZ | C23: GRANADOS | E23: 10 | F23: =E23*2500 -> 25000 | G23: 0 | H23: 0 | I23: 0 | J23: 0 | K23: 0 | L23: 0 | M23: 3.2 | N23: 8000 | O23: 8 | P23: =Q23/2500 -> 2 | Q23: =R23*1000 -> 5000 | R23: 5 | S23: 0 | T23: 0 | U23: 0 | V23: =W23/2500 -> 5.2 | W23: 13000 | X23: 13 | Y23: 0 | Z23: 0 | AA23: 0 | AB23: 0 | AC23: 0 | AD23: 0 | AE23: 0 | AF23: 0 | AG23: 0 | AH23: 0 | AI23: 0 | AJ23: 0 | AK23: 0 | AL23: 0 | AM23: 0 | AN23: 0 | AO23: 0 | AP23: 0 | AQ23: =G23+J23+M23+P23+S23+V23+Y23+AB23+AE23+AH23+AK23+AN23 -> 10.4 | AR23: =H23+K23+N23+Q23+T23+W23+Z23+AC23+AF23+AI23+AL23+AO23 -> 26000 | AS23: 13
A24: 21 | B24: BAJA VERAPAZ | C24: PURULHÁ | E24: 25.8 | F24: =E24*2500 -> 64500 | G24: 0 | H24: 0 | I24: 0 | J24: 0 | K24: 0 | L24: 0 | M24: 8 | N24: 20000 | O24: 20 | P24: =Q24/2500 -> 2.8 | Q24: =R24*1000 -> 7000 | R24: 7 | S24: 0 | T24: 0 | U24: 0 | V24: =W24/2500 -> 10.4 | W24: 26000 | X24: 26 | Y24: 0 | Z24: 0 | AA24: 0 | AB24: 0 | AC24: 0 | AD24: 0 | AE24: 0 | AF24: 0 | AG24: 0 | AH24: 0 | AI24: 0 | AJ24: 0 | AK24: 0 | AL24: 0 | AM24: 0 | AN24: 0 | AO24: 0 | AP24: 0 | AQ24: =G24+J24+M24+P24+S24+V24+Y24+AB24+AE24+AH24+AK24+AN24 -> 21.2 | AR24: =H24+K24+N24+Q24+T24+W24+Z24+AC24+AF24+AI24+AL24+AO24 -> 53000 | AS24: 27
A25: 22 | B25: BAJA VERAPAZ | C25: RABINAL | E25: 8 | F25: =E25*2500 -> 20000 | G25: 0 | H25: 0 | I25: 0 | J25: 0 | K25: 0 | L25: 0 | M25: 1.6 | N25: 4000 | O25: 4 | P25: =Q25/2500 -> 1.2 | Q25: =R25*1000 -> 3000 | R25: 3 | S25: 0 | T25: 0 | U25: 0 | V25: =W25/2500 -> 2.8 | W25: 7000 | X25: 7 | Y25: 0 | Z25: 0 | AA25: 0 | AB25: 0 | AC25: 0 | AD25: 0 | AE25: 0 | AF25: 0 | AG25: 0 | AH25: 0 | AI25: 0 | AJ25: 0 | AK25: 0 | AL25: 0 | AM25: 0 | AN25: 0 | AO25: 0 | AP25: 0 | AQ25: =G25+J25+M25+P25+S25+V25+Y25+AB25+AE25+AH25+AK25+AN25 -> 5.6 | AR25: =H25+K25+N25+Q25+T25+W25+Z25+AC25+AF25+AI25+AL25+AO25 -> 14000 | AS25: 7
A26: 23 | B26: BAJA VERAPAZ | C26: SALAMÁ | E26: 14.4 | F26: =E26*2500 -> 36000 | G26: 0 | H26: 0 | I26: 0 | J26: 0 | K26: 0 | L26: 0 | M26: 3.6 | N26: 9000 | O26: 9 | P26: =Q26/2500 -> 0.8 | Q26: =R26*1000 -> 2000 | R26: 2 | S26: 0 | T26: 0 | U26: 0 | V26: =W26/2500 -> 4.4 | W26: 11000 | X26: 11 | Y26: 0 | Z26: 0 | AA26: 0 | AB26: 0 | AC26: 0 | AD26: 0 | AE26: 0 | AF26: 0 | AG26: 0 | AH26: 0 | AI26: 0 | AJ26: 0 | AK26: 0 | AL26: 0 | AM26: 0 | AN26: 0 | AO26: 0 | AP26: 0 | AQ26: =G26+J26+M26+P26+S26+V26+Y26+AB26+AE26+AH26+AK26+AN26 -> 8.8 | AR26: =H26+K26+N26+Q26+T26+W26+Z26+AC26+AF26+AI26+AL26+AO26 -> 22000 | AS26: 11
A27: 24 | B27: BAJA VERAPAZ | C27: SAN JERÓNIMO | E27: 22.8 | F27: =E27*2500 -> 57000 | G27: 0 | H27: 0 | I27: 0 | J27: 0 | K27: 0 | L27: 0 | M27: 6.8 | N27: 17000 | O27: 17 | P27: =Q27/2500 -> 1.6 | Q27: =R27*1000 -> 4000 | R27: 4 | S27: 0 | T27: 0 | U27: 0 | V27: =W27/2500 -> 8.4 | W27: 21000 | X27: 21 | Y27: 0 | Z27: 0 | AA27: 0 | AB27: 0 | AC27: 0 | AD27: 0 | AE27: 0 | AF27: 0 | AG27: 0 | AH27: 0 | AI27: 0 | AJ27: 0 | AK27: 0 | AL27: 0 | AM27: 0 | AN27: 0 | AO27: 0 | AP27: 0 | AQ27: =G27+J27+M27+P27+S27+V27+Y27+AB27+AE27+AH27+AK27+AN27 -> 16.8 | AR27: =H27+K27+N27+Q27+T27+W27+Z27+AC27+AF27+AI27+AL27+AO27 -> 42000 | AS27: 21
A28: 25 | B28: BAJA VERAPAZ | C28: SAN MIGUEL CHICAJ | E28: 16.4 | F28: =E28*2500 -> 41000 | G28: 0 | H28: 0 | I28: 0 | J28: 0 | K28: 0 | L28: 0 | M28: 6 | N28: 15000 | O28: 15 | P28: =Q28/2500 -> 2.4 | Q28: =R28*1000 -> 6000 | R28: 6 | S28: 0 | T28: 0 | U28: 0 | V28: =W28/2500 -> 8.4 | W28: 21000 | X28: 21 | Y28: 0 | Z28: 0 | AA28: 0 | AB28: 0 | AC28: 0 | AD28: 0 | AE28: 0 | AF28: 0 | AG28: 0 | AH28: 0 | AI28: 0 | AJ28: 0 | AK28: 0 | AL28: 0 | AM28: 0 | AN28: 0 | AO28: 0 | AP28: 0 | AQ28: =G28+J28+M28+P28+S28+V28+Y28+AB28+AE28+AH28+AK28+AN28 -> 16.8 | AR28: =H28+K28+N28+Q28+T28+W28+Z28+AC28+AF28+AI28+AL28+AO28 -> 42000 | AS28: 21
A29: 26 | B29: CHIMALTENANGO | C29: ACATENANGO | E29: 11.4 | F29: =E29*2500 -> 28500 | G29: 0 | H29: 0 | I29: 0 | J29: 0 | K29: 0 | L29: 0 | M29: 2.4 | N29: 6000 | O29: 6 | P29: =Q29/2500 -> 0.8 | Q29: =R29*1000 -> 2000 | R29: 2 | S29: 0 | T29: 0 | U29: 0 | V29: =W29/2500 -> 3.2 | W29: 8000 | X29: 8 | Y29: 0 | Z29: 0 | AA29: 0 | AB29: 0 | AC29: 0 | AD29: 0 | AE29: 0 | AF29: 0 | AG29: 0 | AH29: 0 | AI29: 0 | AJ29: 0 | AK29: 0 | AL29: 0 | AM29: 0 | AN29: 0 | AO29: 0 | AP29: 0 | AQ29: =G29+J29+M29+P29+S29+V29+Y29+AB29+AE29+AH29+AK29+AN29 -> 6.4 | AR29: =H29+K29+N29+Q29+T29+W29+Z29+AC29+AF29+AI29+AL29+AO29 -> 16000 | AS29: 8
A30: 27 | B30: CHIMALTENANGO | C30: CHIMALTENANGO | E30: 23.6 | F30: =E30*2500 -> 59000 | G30: 0 | H30: 0 | I30: 0 | J30: 0 | K30: 0 | L30: 0 | M30: 5.6 | N30: 14000 | O30: 14 | P30: =Q30/2500 -> 3.2 | Q30: =R30*1000 -> 8000 | R30: 8 | S30: 0 | T30: 0 | U30: 0 | V30: =W30/2500 -> 8.8 | W30: 22000 | X30: 22 | Y30: 0 | Z30: 0 | AA30: 0 | AB30: 0 | AC30: 0 | AD30: 0 | AE30: 0 | AF30: 0 | AG30: 0 | AH30: 0 | AI30: 0 | AJ30: 0 | AK30: 0 | AL30: 0 | AM30: 0 | AN30: 0 | AO30: 0 | AP30: 0 | AQ30: =G30+J30+M30+P30+S30+V30+Y30+AB30+AE30+AH30+AK30+AN30 -> 17.6 | AR30: =H30+K30+N30+Q30+T30+W30+Z30+AC30+AF30+AI30+AL30+AO30 -> 44000 | AS30: 22
A31: 28 | B31: CHIMALTENANGO | C31: COMALAPA | E31: 18 | F31: =E31*2500 -> 45000 | G31: 0 | H31: 0 | I31: 0 | J31: 0 | K31: 0 | L31: 0 | M31: 3.2 | N31: 8000 | O31: 8 | P31: =Q31/2500 -> 3.2 | Q31: =R31*1000 -> 8000 | R31: 8 | S31: 0 | T31: 0 | U31: 0 | V31: =W31/2500 -> 6.4 | W31: 16000 | X31: 16 | Y31: 0 | Z31: 0 | AA31: 0 | AB31: 0 | AC31: 0 | AD31: 0 | AE31: 0 | AF31: 0 | AG31: 0 | AH31: 0 | AI31: 0 | AJ31: 0 | AK31: 0 | AL31: 0 | AM31: 0 | AN31: 0 | AO31: 0 | AP31: 0 | AQ31: =G31+J31+M31+P31+S31+V31+Y31+AB31+AE31+AH31+AK31+AN31 -> 12.8 | AR31: =H31+K31+N31+Q31+T31+W31+Z31+AC31+AF31+AI31+AL31+AO31 -> 32000 | AS31: 16
A32: 29 | B32: CHIMALTENANGO | C32: EL TEJAR | E32: 16.4 | F32: =E32*2500 -> 41000 | G32: 0 | H32: 0 | I32: 0 | J32: 0 | K32: 0 | L32: 0 | M32: 5.2 | N32: 13000 | O32: 13 | P32: =Q32/2500 -> 1.2 | Q32: =R32*1000 -> 3000 | R32: 3 | S32: 0 | T32: 0 | U32: 0 | V32: =W32/2500 -> 5.6 | W32: 14000 | X32: 14 | Y32: 0 | Z32: 0 | AA32: 0 | AB32: 0 | AC32: 0 | AD32: 0 | AE32: 0 | AF32: 0 | AG32: 0 | AH32: 0 | AI32: 0 | AJ32: 0 | AK32: 0 | AL32: 0 | AM32: 0 | AN32: 0 | AO32: 0 | AP32: 0 | AQ32: =G32+J32+M32+P32+S32+V32+Y32+AB32+AE32+AH32+AK32+AN32 -> 12 | AR32: =H32+K32+N32+Q32+T32+W32+Z32+AC32+AF32+AI32+AL32+AO32 -> 30000 | AS32: 16
A33: 30 | B33: CHIMALTENANGO | C33: PARRAMOS | E33: 19.6 | F33: =E33*2500 -> 49000 | G33: 0 | H33: 0 | I33: 0 | J33: 0 | K33: 0 | L33: 0 | M33: 4 | N33: 10000 | O33: 10 | P33: =Q33/2500 -> 4 | Q33: =R33*1000 -> 10000 | R33: 10 | S33: 0 | T33: 0 | U33: 0 | V33: =W33/2500 -> 8 | W33: 20000 | X33: 20 | Y33: 0 | Z33: 0 | AA33: 0 | AB33: 0 | AC33: 0 | AD33: 0 | AE33: 0 | AF33: 0 | AG33: 0 | AH33: 0 | AI33: 0 | AJ33: 0 | AK33: 0 | AL33: 0 | AM33: 0 | AN33: 0 | AO33: 0 | AP33: 0 | AQ33: =G33+J33+M33+P33+S33+V33+Y33+AB33+AE33+AH33+AK33+AN33 -> 16 | AR33: =H33+K33+N33+Q33+T33+W33+Z33+AC33+AF33+AI33+AL33+AO33 -> 40000 | AS33: 22
... A37: 34 | B37: CHIMALTENANGO | C37: SAN ANDRÉS ITZAPA | E37: 20 | F37: =E37*2500 -> 50000 | G37: 0 | H37: 0 | I37: 0 | J37: 0 | K37: 0 | L37: 0 | M37: 3.6 | N37: 9000 | O37: 9 | P37: =Q37/2500 -> 4.4 | Q37: =R37*1000 -> 11000 | R37: 11 | S37: 0 | T37: 0 | U37: 0 | V37: =W37/2500 -> 7.6 | W37: 19000 | X37: 19 | Y37: 0 | Z37: 0 | AA37: 0 | AB37: 0 | AC37: 0 | AD37: 0 | AE37: 0 | AF37: 0 | AG37: 0 | AH37: 0 | AI37: 0 | AJ37: 0 | AK37: 0 | AL37: 0 | AM37: 0 | AN37: 0 | AO37: 0 | AP37: 0 | AQ37: =G37+J37+M37+P37+S37+V37+Y37+AB37+AE37+AH37+AK37+AN37 -> 15.6 | AR37: =H37+K37+N37+Q37+T37+W37+Z37+AC37+AF37+AI37+AL37+AO37 -> 39000 | AS37: 20
A38: 35 | B38: CHIMALTENANGO | C38: SAN JOSÉ POAQUIL | D38: Beca | E38: 14 | F38: =E38*2500 -> 35000 | G38: 0 | H38: 0 | I38: 0 | J38: 0 | K38: 0 | L38: 0 | M38: 2.8 | N38: 7000 | O38: 7 | P38: =Q38/2500 -> 4.8 | Q38: =R38*1000 -> 12000 | R38: 12 | S38: 0 | T38: 0 | U38: 0 | V38: =W38/2500 -> 7.6 | W38: 19000 | X38: 19 | Y38: 0 | Z38: 0 | AA38: 0 | AB38: 0 | AC38: 0 | AD38: 0 | AE38: 0 | AF38: 0 | AG38: 0 | AH38: 0 | AI38: 0 | AJ38: 0 | AK38: 0 | AL38: 0 | AM38: 0 | AN38: 0 | AO38: 0 | AP38: 0 | AQ38: =G38+J38+M38+P38+S38+V38+Y38+AB38+AE38+AH38+AK38+AN38 -> 15.2 | AR38: =H38+K38+N38+Q38+T38+W38+Z38+AC38+AF38+AI38+AL38+AO38 -> 38000 | AS38: 19
A39: 36 | B39: CHIMALTENANGO | C39: SAN MARTÍN JILOTEPEQUE | E39: 8.4 | F39: =E39*2500 -> 21000 | G39: 0 | H39: 0 | I39: 0 | J39: 0 | K39: 0 | L39: 0 | M39: 2.4 | N39: 6000 | O39: 6 | P39: =Q39/2500 -> 0 | Q39: =R39*1000 -> 0 | R39: 0 | S39: 0 | T39: 0 | U39: 0 | V39: =W39/2500 -> 2.4 | W39: 6000 | X39: 6 | Y39: 0 | Z39: 0 | AA39: 0 | AB39: 0 | AC39: 0 | AD39: 0 | AE39: 0 | AF39: 0 | AG39: 0 | AH39: 0 | AI39: 0 | AJ39: 0 | AK39: 0 | AL39: 0 | AM39: 0 | AN39: 0 | AO39: 0 | AP39: 0 | AQ39: =G39+J39+M39+P39+S39+V39+Y39+AB39+AE39+AH39+AK39+AN39 -> 4.8 | AR39: =H39+K39+N39+Q39+T39+W39+Z39+AC39+AF39+AI39+AL39+AO39 -> 12000 | AS39: 6
A40: 37 | B40: CHIMALTENANGO | C40: SANTA APOLONIA | E40: 17.2 | F40: =E40*2500 -> 43000 | G40: 0 | H40: 0 | I40: 0 | J40: 0 | K40: 0 | L40: 0 | M40: 5.2 | N40: 13000 | O40: 13 | P40: =Q40/2500 -> 0 | Q40: =R40*1000 -> 0 | R40: 0 | S40: 0 | T40: 0 | U40: 0 | V40: =W40/2500 -> 5.2 | W40: 13000 | X40: 13 | Y40: 0 | Z40: 0 | AA40: 0 | AB40: 0 | AC40: 0 | AD40: 0 | AE40: 0 | AF40: 0 | AG40: 0 | AH40: 0 | AI40: 0 | AJ40: 0 | AK40: 0 | AL40: 0 | AM40: 0 | AN40: 0 | AO40: 0 | AP40: 0 | AQ40: =G40+J40+M40+P40+S40+V40+Y40+AB40+AE40+AH40+AK40+AN40 -> 10.4 | AR40: =H40+K40+N40+Q40+T40+W40+Z40+AC40+AF40+AI40+AL40+AO40 -> 26000 | AS40: 13
A41: 38 | B41: CHIMALTENANGO | C41: SANTA CRUZ BALANYÁ | E41: 14.8 | F41: =E41*2500 -> 37000 | G41: 0 | H41: 0 | I41: 0 | J41: 0 | K41: 0 | L41: 0 | M41: 4.4 | N41: 11000 | O41: 11 | P41: =Q41/2500 -> 1.6 | Q41: =R41*1000 -> 4000 | R41: 4 | S41: 0 | T41: 0 | U41: 0 | V41: =W41/2500 -> 6 | W41: 15000 | X41: 15 | Y41: 0 | Z41: 0 | AA41: 0 | AB41: 0 | AC41: 0 | AD41: 0 | AE41: 0 | AF41: 0 | AG41: 0 | AH41: 0 | AI41: 0 | AJ41: 0 | AK41: 0 | AL41: 0 | AM41: 0 | AN41: 0 | AO41: 0 | AP41: 0 | AQ41: =G41+J41+M41+P41+S41+V41+Y41+AB41+AE41+AH41+AK41+AN41 -> 12 | AR41: =H41+K41+N41+Q41+T41+W41+Z41+AC41+AF41+AI41+AL41+AO41 -> 30000 | AS41: 15
A42: 39 | B42: CHIMALTENANGO | C42: TECPÁN GUATEMALA | E42: 10 | F42: =E42*2500 -> 25000 | G42: 0 | H42: 0 | I42: 0 | J42: 0 | K42: 0 | L42: 0 | M42: 3.2 | N42: 8000 | O42: 8 | P42: =Q42/2500 -> 1.6 | Q42: =R42*1000 -> 4000 | R42: 4 | S42: 0 | T42: 0 | U42: 0 | V42: =W42/2500 -> 4.4 | W42: 11000 | X42: 11 | Y42: 0 | Z42: 0 | AA42: 0 | AB42: 0 | AC42: 0 | AD42: 0 | AE42: 0 | AF42: 0 | AG42: 0 | AH42: 0 | AI42: 0 | AJ42: 0 | AK42: 0 | AL42: 0 | AM42: 0 | AN42: 0 | AO42: 0 | AP42: 0 | AQ42: =G42+J42+M42+P42+S42+V42+Y42+AB42+AE42+AH42+AK42+AN42 -> 9.2 | AR42: =H42+K42+N42+Q42+T42+W42+Z42+AC42+AF42+AI42+AL42+AO42 -> 23000 | AS42: 12
A43: 40 | B43: CHIMALTENANGO | C43: YEPOCAPA | E43: 16.8 | F43: =E43*2500 -> 42000 | G43: 0 | H43: 0 | I43: 0 | J43: 0 | K43: 0 | L43: 0 | M43: 5.2 | N43: 13000 | O43: 13 | P43: =Q43/2500 -> 1.6 | Q43: =R43*1000 -> 4000 | R43: 4 | S43: 0 | T43: 0 | U43: 0 | V43: =W43/2500 -> 6.8 | W43: 17000 | X43: 17 | Y43: 0 | Z43: 0 | AA43: 0 | AB43: 0 | AC43: 0 | AD43: 0 | AE43: 0 | AF43: 0 | AG43: 0 | AH43: 0 | AI43: 0 | AJ43: 0 | AK43: 0 | AL43: 0 | AM43: 0 | AN43: 0 | AO43: 0 | AP43: 0 | AQ43: =G43+J43+M43+P43+S43+V43+Y43+AB43+AE43+AH43+AK43+AN43 -> 13.6 | AR43: =H43+K43+N43+Q43+T43+W43+Z43+AC43+AF43+AI43+AL43+AO43 -> 34000 | AS43: 17
A44: 41 | B44: CHIMALTENANGO | C44: ZARAGOZA | E44: 11.8 | F44: =E44*2500 -> 29500 | G44: 0 | H44: 0 | I44: 0 | J44: 0 | K44: 0 | L44: 0 | M44: 2.4 | N44: 6000 | O44: 6 | P44: =Q44/2500 -> 1.6 | Q44: =R44*1000 -> 4000 | R44: 4 | S44: 0 | T44: 0 | U44: 0 | V44: =W44/2500 -> 4 | W44: 10000 | X44: 10 | Y44: 0 | Z44: 0 | AA44: 0 | AB44: 0 | AC44: 0 | AD44: 0 | AE44: 0 | AF44: 0 | AG44: 0 | AH44: 0 | AI44: 0 | AJ44: 0 | AK44: 0 | AL44: 0 | AM44: 0 | AN44: 0 | AO44: 0 | AP44: 0 | AQ44: =G44+J44+M44+P44+S44+V44+Y44+AB44+AE44+AH44+AK44+AN44 -> 8 | AR44: =H44+K44+N44+Q44+T44+W44+Z44+AC44+AF44+AI44+AL44+AO44 -> 20000 | AS44: 10
A45: 42 | B45: CHIQUIMULA | C45: CAMOTÁN | E45: 35.8 | F45: =E45*2500 -> 89500 | G45: 0 | H45: 0 | I45: 0 | J45: 0 | K45: 0 | L45: 0 | M45: 15.2 | N45: 38000 | O45: 38 | P45: =Q45/2500 -> 2 | Q45: =R45*1000 -> 5000 | R45: 5 | S45: 0 | T45: 0 | U45: 0 | V45: =W45/2500 -> 16.8 | W45: 42000 | X45: 42 | Y45: 0 | Z45: 0 | AA45: 0 | AB45: 0 | AC45: 0 | AD45: 0 | AE45: 0 | AF45: 0 | AG45: 0 | AH45: 0 | AI45: 0 | AJ45: 0 | AK45: 0 | AL45: 0 | AM45: 0 | AN45: 0 | AO45: 0 | AP45: 0 | AQ45: =G45+J45+M45+P45+S45+V45+Y45+AB45+AE45+AH45+AK45+AN45 -> 34 | AR45: =H45+K45+N45+Q45+T45+W45+Z45+AC45+AF45+AI45+AL45+AO45 -> 85000 | AS45: 43
A46: 43 | B46: CHIQUIMULA | C46: CHIQUIMULA | E46: 41 | F46: =E46*2500 -> 102500 | G46: 0 | H46: 0 | I46: 0 | J46: 0 | K46: 0 | L46: 0 | M46: 11.6 | N46: 29000 | O46: 29 | P46: =Q46/2500 -> 6.8 | Q46: =R46*1000 -> 17000 | R46: 17 | S46: 0 | T46: 0 | U46: 0 | V46: =W46/2500 -> 18.8 | W46: 47000 | X46: 47 | Y46: 0 | Z46: 0 | AA46: 0 | AB46: 0 | AC46: 0 | AD46: 0 | AE46: 0 | AF46: 0 | AG46: 0 | AH46: 0 | AI46: 0 | AJ46: 0 | AK46: 0 | AL46: 0 | AM46: 0 | AN46: 0 | AO46: 0 | AP46: 0 | AQ46: =G46+J46+M46+P46+S46+V46+Y46+AB46+AE46+AH46+AK46+AN46 -> 37.2 | AR46: =H46+K46+N46+Q46+T46+W46+Z46+AC46+AF46+AI46+AL46+AO46 -> 93000 | AS46: 47
A47: 44 | B47: CHIQUIMULA | C47: CONCEPCIÓN LAS MINAS | E47: 10 | F47: =E47*2500 -> 25000 | G47: 0 | H47: 0 | I47: 0 | J47: 0 | K47: 0 | L47: 0 | M47: 3.6 | N47: 9000 | O47: 9 | P47: =Q47/2500 -> 1.2 | Q47: =R47*1000 -> 3000 | R47: 3 | S47: 0 | T47: 0 | U47: 0 | V47: =W47/2500 -> 5.6 | W47: 14000 | X47: 14 | Y47: 0 | Z47: 0 | AA47: 0 | AB47: 0 | AC47: 0 | AD47: 0 | AE47: 0 | AF47: 0 | AG47: 0 | AH47: 0 | AI47: 0 | AJ47: 0 | AK47: 0 | AL47: 0 | AM47: 0 | AN47: 0 | AO47: 0 | AP47: 0 | AQ47: =G47+J47+M47+P47+S47+V47+Y47+AB47+AE47+AH47+AK47+AN47 -> 10.4 | AR47: =H47+K47+N47+Q47+T47+W47+Z47+AC47+AF47+AI47+AL47+AO47 -> 26000 | AS47: 14
A48: 45 | B48: CHIQUIMULA | C48: ESQUIPULAS | E48: 17 | F48: =E48*2500 -> 42500 | G48: 0 | H48: 0 | I48: 0 | J48: 0 | K48: 0 | L48: 0 | M48: 5.6 | N48: 14000 | O48: 14 | P48: =Q48/2500 -> 0.4 | Q48: =R48*1000 -> 1000 | R48: 1 | S48: 0 | T48: 0 | U48: 0 | V48: =W48/2500 -> 6 | W48: 15000 | X48: 15 | Y48: 0 | Z48: 0 | AA48: 0 | AB48: 0 | AC48: 0 | AD48: 0 | AE48: 0 | AF48: 0 | AG48: 0 | AH48: 0 | AI48: 0 | AJ48: 0 | AK48: 0 | AL48: 0 | AM48: 0 | AN48: 0 | AO48: 0 | AP48: 0 | AQ48: =G48+J48+M48+P48+S48+V48+Y48+AB48+AE48+AH48+AK48+AN48 -> 12 | AR48: =H48+K48+N48+Q48+T48+W48+Z48+AC48+AF48+AI48+AL48+AO48 -> 30000 | AS48: 15
A49: 46 | B49: CHIQUIMULA | C49: IPALA | E49: 2 | F49: =E49*2500 -> 5000 | G49: 0 | H49: 0 | I49: 0 | J49: 0 | K49: 0 | L49: 0 | M49: 0.8 | N49: 2000 | O49: 2 | P49: =Q49/2500 -> 0 | Q49: =R49*1000 -> 0 | R49: 0 | S49: 0 | T49: 0 | U49: 0 | V49: =W49/2500 -> 0.8 | W49: 2000 | X49: 2 | Y49: 0 | Z49: 0 | AA49: 0 | AB49: 0 | AC49: 0 | AD49: 0 | AE49: 0 | AF49: 0 | AG49: 0 | AH49: 0 | AI49: 0 | AJ49: 0 | AK49: 0 | AL49: 0 | AM49: 0 | AN49: 0 | AO49: 0 | AP49: 0 | AQ49: =G49+J49+M49+P49+S49+V49+Y49+AB49+AE49+AH49+AK49+AN49 -> 1.6 | AR49: =H49+K49+N49+Q49+T49+W49+Z49+AC49+AF49+AI49+AL49+AO49 -> 4000 | AS49: 2
A50: 47 | B50: CHIQUIMULA | C50: JOCOTÁN | E50: 13.8 | F50: =E50*2500 -> 34500 | G50: 0 | H50: 0 | I50: 0 | J50: 0 | K50: 0 | L50: 0 | M50: 4 | N50: 10000 | O50: 10 | P50: =Q50/2500 -> 2.8 | Q50: =R50*1000 -> 7000 | R50: 7 | S50: 0 | T50: 0 | U50: 0 | V50: =W50/2500 -> 6 | W50: 15000 | X50: 15 | Y50: 0 | Z50: 0 | AA50: 0 | AB50: 0 | AC50: 0 | AD50: 0 | AE50: 0 | AF50: 0 | AG50: 0 | AH50: 0 | AI50: 0 | AJ50: 0 | AK50: 0 | AL50: 0 | AM50: 0 | AN50: 0 | AO50: 0 | AP50: 0 | AQ50: =G50+J50+M50+P50+S50+V50+Y50+AB50+AE50+AH50+AK50+AN50 -> 12.8 | AR50: =H50+K50+N50+Q50+T50+W50+Z50+AC50+AF50+AI50+AL50+AO50 -> 32000 | AS50: 17
... A54: 51 | B54: CHIQUIMULA | C54: SAN JUAN ERMITA | E54: 10 | F54: =E54*2500 -> 25000 | G54: 0 | H54: 0 | I54: 0 | J54: 0 | K54: 0 | L54: 0 | M54: 3.2 | N54: 8000 | O54: 8 | P54: =Q54/2500 -> 1.6 | Q54: =R54*1000 -> 4000 | R54: 4 | S54: 0 | T54: 0 | U54: 0 | V54: =W54/2500 -> 4.8 | W54: 12000 | X54: 12 | Y54: 0 | Z54: 0 | AA54: 0 | AB54: 0 | AC54: 0 | AD54: 0 | AE54: 0 | AF54: 0 | AG54: 0 | AH54: 0 | AI54: 0 | AJ54: 0 | AK54: 0 | AL54: 0 | AM54: 0 | AN54: 0 | AO54: 0 | AP54: 0 | AQ54: =G54+J54+M54+P54+S54+V54+Y54+AB54+AE54+AH54+AK54+AN54 -> 9.6 | AR54: =H54+K54+N54+Q54+T54+W54+Z54+AC54+AF54+AI54+AL54+AO54 -> 24000 | AS54: 12
A55: 52 | B55: EL PROGRESO | C55: EL JÍCARO | D55: Beca | E55: 8 | F55: =E55*2500 -> 20000 | G55: 0 | H55: 0 | I55: 0 | J55: 0 | K55: 0 | L55: 0 | M55: 2.4 | N55: 6000 | O55: 6 | P55: =Q55/2500 -> 2.4 | Q55: =R55*1000 -> 6000 | R55: 6 | S55: 0 | T55: 0 | U55: 0 | V55: =W55/2500 -> 4.8 | W55: 12000 | X55: 12 | Y55: 0 | Z55: 0 | AA55: 0 | AB55: 0 | AC55: 0 | AD55: 0 | AE55: 0 | AF55: 0 | AG55: 0 | AH55: 0 | AI55: 0 | AJ55: 0 | AK55: 0 | AL55: 0 | AM55: 0 | AN55: 0 | AO55: 0 | AP55: 0 | AQ55: =G55+J55+M55+P55+S55+V55+Y55+AB55+AE55+AH55+AK55+AN55 -> 9.6 | AR55: =H55+K55+N55+Q55+T55+W55+Z55+AC55+AF55+AI55+AL55+AO55 -> 24000 | AS55: 12
A56: 53 | B56: EL PROGRESO | C56: GUASTATOYA | E56: 6 | F56: =E56*2500 -> 15000 | G56: 0 | H56: 0 | I56: 0 | J56: 0 | K56: 0 | L56: 0 | M56: 1.6 | N56: 4000 | O56: 4 | P56: =Q56/2500 -> 0.8 | Q56: =R56*1000 -> 2000 | R56: 2 | S56: 0 | T56: 0 | U56: 0 | V56: =W56/2500 -> 2.4 | W56: 6000 | X56: 6 | Y56: 0 | Z56: 0 | AA56: 0 | AB56: 0 | AC56: 0 | AD56: 0 | AE56: 0 | AF56: 0 | AG56: 0 | AH56: 0 | AI56: 0 | AJ56: 0 | AK56: 0 | AL56: 0 | AM56: 0 | AN56: 0 | AO56: 0 | AP56: 0 | AQ56: =G56+J56+M56+P56+S56+V56+Y56+AB56+AE56+AH56+AK56+AN56 -> 4.8 | AR56: =H56+K56+N56+Q56+T56+W56+Z56+AC56+AF56+AI56+AL56+AO56 -> 12000 | AS56: 6
A57: 54 | B57: EL PROGRESO | C57: MORAZÁN | E57: 7 | F57: =E57*2500 -> 17500 | G57: 0 | H57: 0 | I57: 0 | J57: 0 | K57: 0 | L57: 0 | M57: 0.8 | N57: 2000 | O57: 2 | P57: =Q57/2500 -> 2 | Q57: =R57*1000 -> 5000 | R57: 5 | S57: 0 | T57: 0 | U57: 0 | V57: =W57/2500 -> 2.8 | W57: 7000 | X57: 7 | Y57: 0 | Z57: 0 | AA57: 0 | AB57: 0 | AC57: 0 | AD57: 0 | AE57: 0 | AF57: 0 | AG57: 0 | AH57: 0 | AI57: 0 | AJ57: 0 | AK57: 0 | AL57: 0 | AM57: 0 | AN57: 0 | AO57: 0 | AP57: 0 | AQ57: =G57+J57+M57+P57+S57+V57+Y57+AB57+AE57+AH57+AK57+AN57 -> 5.6 | AR57: =H57+K57+N57+Q57+T57+W57+Z57+AC57+AF57+AI57+AL57+AO57 -> 14000 | AS57: 7
A58: 55 | B58: EL PROGRESO | C58: SAN AGUSTÍN ACASAGUASTLÁN | E58: 17.2 | F58: =E58*2500 -> 43000 | G58: 0 | H58: 0 | I58: 0 | J58: 0 | K58: 0 | L58: 0 | M58: 4.8 | N58: 12000 | O58: 12 | P58: =Q58/2500 -> 2.4 | Q58: =R58*1000 -> 6000 | R58: 6 | S58: 0 | T58: 0 | U58: 0 | V58: =W58/2500 -> 6.8 | W58: 17000 | X58: 17 | Y58: 0 | Z58: 0 | AA58: 0 | AB58: 0 | AC58: 0 | AD58: 0 | AE58: 0 | AF58: 0 | AG58: 0 | AH58: 0 | AI58: 0 | AJ58: 0 | AK58: 0 | AL58: 0 | AM58: 0 | AN58: 0 | AO58: 0 | AP58: 0 | AQ58: =G58+J58+M58+P58+S58+V58+Y58+AB58+AE58+AH58+AK58+AN58 -> 14 | AR58: =H58+K58+N58+Q58+T58+W58+Z58+AC58+AF58+AI58+AL58+AO58 -> 35000 | AS58: 18
A59: 56 | B59: EL PROGRESO | C59: SAN ANTONIO LA PAZ | E59: 6.6 | F59: =E59*2500 -> 16500 | G59: 0 | H59: 0 | I59: 0 | J59: 0 | K59: 0 | L59: 0 | M59: 2.4 | N59: 6000 | O59: 6 | P59: =Q59/2500 -> 2 | Q59: =R59*1000 -> 5000 | R59: 5 | S59: 0 | T59: 0 | U59: 0 | V59: =W59/2500 -> 4 | W59: 10000 | X59: 10 | Y59: 0 | Z59: 0 | AA59: 0 | AB59: 0 | AC59: 0 | AD59: 0 | AE59: 0 | AF59: 0 | AG59: 0 | AH59: 0 | AI59: 0 | AJ59: 0 | AK59: 0 | AL59: 0 | AM59: 0 | AN59: 0 | AO59: 0 | AP59: 0 | AQ59: =G59+J59+M59+P59+S59+V59+Y59+AB59+AE59+AH59+AK59+AN59 -> 8.4 | AR59: =H59+K59+N59+Q59+T59+W59+Z59+AC59+AF59+AI59+AL59+AO59 -> 21000 | AS59: 11
A60: 57 | B60: EL PROGRESO | C60: SAN CRISTÓBAL ACASAGUASTLÁN | E60: 19.4 | F60: =E60*2500 -> 48500 | G60: 0 | H60: 0 | I60: 0 | J60: 0 | K60: 0 | L60: 0 | M60: 4.4 | N60: 11000 | O60: 11 | P60: =Q60/2500 -> 2.8 | Q60: =R60*1000 -> 7000 | R60: 7 | S60: 0 | T60: 0 | U60: 0 | V60: =W60/2500 -> 7.2 | W60: 18000 | X60: 18 | Y60: 0 | Z60: 0 | AA60: 0 | AB60: 0 | AC60: 0 | AD60: 0 | AE60: 0 | AF60: 0 | AG60: 0 | AH60: 0 | AI60: 0 | AJ60: 0 | AK60: 0 | AL60: 0 | AM60: 0 | AN60: 0 | AO60: 0 | AP60: 0 | AQ60: =G60+J60+M60+P60+S60+V60+Y60+AB60+AE60+AH60+AK60+AN60 -> 14.4 | AR60: =H60+K60+N60+Q60+T60+W60+Z60+AC60+AF60+AI60+AL60+AO60 -> 36000 | AS60: 18
A61: 58 | B61: EL PROGRESO | C61: SANARATE | E61: 15.8 | F61: =E61*2500 -> 39500 | G61: 0 | H61: 0 | I61: 0 | J61: 0 | K61: 0 | L61: 0 | M61: 4 | N61: 10000 | O61: 10 | P61: =Q61/2500 -> 1.6 | Q61: =R61*1000 -> 4000 | R61: 4 | S61: 0 | T61: 0 | U61: 0 | V61: =W61/2500 -> 5.6 | W61: 14000 | X61: 14 | Y61: 0 | Z61: 0 | AA61: 0 | AB61: 0 | AC61: 0 | AD61: 0 | AE61: 0 | AF61: 0 | AG61: 0 | AH61: 0 | AI61: 0 | AJ61: 0 | AK61: 0 | AL61: 0 | AM61: 0 | AN61: 0 | AO61: 0 | AP61: 0 | AQ61: =G61+J61+M61+P61+S61+V61+Y61+AB61+AE61+AH61+AK61+AN61 -> 11.2 | AR61: =H61+K61+N61+Q61+T61+W61+Z61+AC61+AF61+AI61+AL61+AO61 -> 28000 | AS61: 14
A62: 59 | B62: EL PROGRESO | C62: SANSARE | E62: 13.4 | F62: =E62*2500 -> 33500 | G62: 0 | H62: 0 | I62: 0 | J62: 0 | K62: 0 | L62: 0 | M62: 4.4 | N62: 11000 | O62: 11 | P62: =Q62/2500 -> 2.4 | Q62: =R62*1000 -> 6000 | R62: 6 | S62: 0 | T62: 0 | U62: 0 | V62: =W62/2500 -> 6.8 | W62: 17000 | X62: 17 | Y62: 0 | Z62: 0 | AA62: 0 | AB62: 0 | AC62: 0 | AD62: 0 | AE62: 0 | AF62: 0 | AG62: 0 | AH62: 0 | AI62: 0 | AJ62: 0 | AK62: 0 | AL62: 0 | AM62: 0 | AN62: 0 | AO62: 0 | AP62: 0 | AQ62: =G62+J62+M62+P62+S62+V62+Y62+AB62+AE62+AH62+AK62+AN62 -> 13.6 | AR62: =H62+K62+N62+Q62+T62+W62+Z62+AC62+AF62+AI62+AL62+AO62 -> 34000 | AS62: 17
A63: 60 | B63: ESCUINTLA | C63: ESCUINTLA | E63: 21.2 | F63: =E63*2500 -> 53000 | G63: 0 | H63: 0 | I63: 0 | J63: 0 | K63: 0 | L63: 0 | M63: 4.4 | N63: 11000 | O63: 11 | P63: =Q63/2500 -> 3.2 | Q63: =R63*1000 -> 8000 | R63: 8 | S63: 0 | T63: 0 | U63: 0 | V63: =W63/2500 -> 8 | W63: 20000 | X63: 20 | Y63: 0 | Z63: 0 | AA63: 0 | AB63: 0 | AC63: 0 | AD63: 0 | AE63: 0 | AF63: 0 | AG63: 0 | AH63: 0 | AI63: 0 | AJ63: 0 | AK63: 0 | AL63: 0 | AM63: 0 | AN63: 0 | AO63: 0 | AP63: 0 | AQ63: =G63+J63+M63+P63+S63+V63+Y63+AB63+AE63+AH63+AK63+AN63 -> 15.6 | AR63: =H63+K63+N63+Q63+T63+W63+Z63+AC63+AF63+AI63+AL63+AO63 -> 39000 | AS63: 20
A64: 61 | B64: ESCUINTLA | C64: GUANAGAZAPA | E64: 52.8 | F64: =E64*2500 -> 132000 | G64: 0 | H64: 0 | I64: 0 | J64: 0 | K64: 0 | L64: 0 | M64: 10 | N64: 25000 | O64: 25 | P64: =Q64/2500 -> 5.6 | Q64: =R64*1000 -> 14000 | R64: 14 | S64: 0 | T64: 0 | U64: 0 | V64: =W64/2500 -> 16.4 | W64: 41000 | X64: 41 | Y64: 0 | Z64: 0 | AA64: 0 | AB64: 0 | AC64: 0 | AD64: 0 | AE64: 0 | AF64: 0 | AG64: 0 | AH64: 0 | AI64: 0 | AJ64: 0 | AK64: 0 | AL64: 0 | AM64: 0 | AN64: 0 | AO64: 0 | AP64: 0 | AQ64: =G64+J64+M64+P64+S64+V64+Y64+AB64+AE64+AH64+AK64+AN64 -> 32 | AR64: =H64+K64+N64+Q64+T64+W64+Z64+AC64+AF64+AI64+AL64+AO64 -> 80000 | AS64: 41
A65: 62 | B65: ESCUINTLA | C65: IZTAPA | E65: 10.4 | F65: =E65*2500 -> 26000 | G65: 0 | H65: 0 | I65: 0 | J65: 0 | K65: 0 | L65: 0 | M65: 4.4 | N65: 11000 | O65: 11 | P65: =Q65/2500 -> 1.2 | Q65: =R65*1000 -> 3000 | R65: 3 | S65: 0 | T65: 0 | U65: 0 | V65: =W65/2500 -> 5.2 | W65: 13000 | X65: 13 | Y65: 0 | Z65: 0 | AA65: 0 | AB65: 0 | AC65: 0 | AD65: 0 | AE65: 0 | AF65: 0 | AG65: 0 | AH65: 0 | AI65: 0 | AJ65: 0 | AK65: 0 | AL65: 0 | AM65: 0 | AN65: 0 | AO65: 0 | AP65: 0 | AQ65: =G65+J65+M65+P65+S65+V65+Y65+AB65+AE65+AH65+AK65+AN65 -> 10.8 | AR65: =H65+K65+N65+Q65+T65+W65+Z65+AC65+AF65+AI65+AL65+AO65 -> 27000 | AS65: 14
A66: 63 | B66: ESCUINTLA | C66: LA DEMOCRACIA | E66: 14.6 | F66: =E66*2500 -> 36500 | G66: 0 | H66: 0 | I66: 0 | J66: 0 | K66: 0 | L66: 0 | M66: 4.8 | N66: 12000 | O66: 12 | P66: =Q66/2500 -> 2.8 | Q66: =R66*1000 -> 7000 | R66: 7 | S66: 0 | T66: 0 | U66: 0 | V66: =W66/2500 -> 7.2 | W66: 18000 | X66: 18 | Y66: 0 | Z66: 0 | AA66: 0 | AB66: 0 | AC66: 0 | AD66: 0 | AE66: 0 | AF66: 0 | AG66: 0 | AH66: 0 | AI66: 0 | AJ66: 0 | AK66: 0 | AL66: 0 | AM66: 0 | AN66: 0 | AO66: 0 | AP66: 0 | AQ66: =G66+J66+M66+P66+S66+V66+Y66+AB66+AE66+AH66+AK66+AN66 -> 14.8 | AR66: =H66+K66+N66+Q66+T66+W66+Z66+AC66+AF66+AI66+AL66+AO66 -> 37000 | AS66: 19
A67: 64 | B67: ESCUINTLA | C67: LA GOMERA | E67: 25.6 | F67: =E67*2500 -> 64000 | G67: 0 | H67: 0 | I67: 0 | J67: 0 | K67: 0 | L67: 0 | M67: 8.4 | N67: 21000 | O67: 21 | P67: =Q67/2500 -> 2 | Q67: =R67*1000 -> 5000 | R67: 5 | S67: 0 | T67: 0 | U67: 0 | V67: =W67/2500 -> 10.4 | W67: 26000 | X67: 26 | Y67: 0 | Z67: 0 | AA67: 0 | AB67: 0 | AC67: 0 | AD67: 0 | AE67: 0 | AF67: 0 | AG67: 0 | AH67: 0 | AI67: 0 | AJ67: 0 | AK67: 0 | AL67: 0 | AM67: 0 | AN67: 0 | AO67: 0 | AP67: 0 | AQ67: =G67+J67+M67+P67+S67+V67+Y67+AB67+AE67+AH67+AK67+AN67 -> 20.8 | AR67: =H67+K67+N67+Q67+T67+W67+Z67+AC67+AF67+AI67+AL67+AO67 -> 52000 | AS67: 26
... A71: 68 | B71: ESCUINTLA | C71: SAN JOSÉ | E71: 21.4 | F71: =E71*2500 -> 53500 | G71: 0 | H71: 0 | I71: 0 | J71: 0 | K71: 0 | L71: 0 | M71: 5.6 | N71: 14000 | O71: 14 | P71: =Q71/2500 -> 1.2 | Q71: =R71*1000 -> 3000 | R71: 3 | S71: 0 | T71: 0 | U71: 0 | V71: =W71/2500 -> 6.4 | W71: 16000 | X71: 16 | Y71: 0 | Z71: 0 | AA71: 0 | AB71: 0 | AC71: 0 | AD71: 0 | AE71: 0 | AF71: 0 | AG71: 0 | AH71: 0 | AI71: 0 | AJ71: 0 | AK71: 0 | AL71: 0 | AM71: 0 | AN71: 0 | AO71: 0 | AP71: 0 | AQ71: =G71+J71+M71+P71+S71+V71+Y71+AB71+AE71+AH71+AK71+AN71 -> 13.2 | AR71: =H71+K71+N71+Q71+T71+W71+Z71+AC71+AF71+AI71+AL71+AO71 -> 33000 | AS71: 17
A72: 69 | B72: ESCUINTLA | C72: SAN VICENTE PACAYA | D72: Beca | E72: 9 | F72: =E72*2500 -> 22500 | G72: 0 | H72: 0 | I72: 0 | J72: 0 | K72: 0 | L72: 0 | M72: 3.2 | N72: 8000 | O72: 8 | P72: =Q72/2500 -> 2 | Q72: =R72*1000 -> 5000 | R72: 5 | S72: 0 | T72: 0 | U72: 0 | V72: =W72/2500 -> 5.6 | W72: 14000 | X72: 14 | Y72: 0 | Z72: 0 | AA72: 0 | AB72: 0 | AC72: 0 | AD72: 0 | AE72: 0 | AF72: 0 | AG72: 0 | AH72: 0 | AI72: 0 | AJ72: 0 | AK72: 0 | AL72: 0 | AM72: 0 | AN72: 0 | AO72: 0 | AP72: 0 | AQ72: =G72+J72+M72+P72+S72+V72+Y72+AB72+AE72+AH72+AK72+AN72 -> 10.8 | AR72: =H72+K72+N72+Q72+T72+W72+Z72+AC72+AF72+AI72+AL72+AO72 -> 27000 | AS72: 14
A73: 70 | B73: ESCUINTLA | C73: SANTA LUCÍA COTZUMALGUAPA | E73: 9.6 | F73: =E73*2500 -> 24000 | G73: 0 | H73: 0 | I73: 0 | J73: 0 | K73: 0 | L73: 0 | M73: 3.2 | N73: 8000 | O73: 8 | P73: =Q73/2500 -> 2.4 | Q73: =R73*1000 -> 6000 | R73: 6 | S73: 0 | T73: 0 | U73: 0 | V73: =W73/2500 -> 5.2 | W73: 13000 | X73: 13 | Y73: 0 | Z73: 0 | AA73: 0 | AB73: 0 | AC73: 0 | AD73: 0 | AE73: 0 | AF73: 0 | AG73: 0 | AH73: 0 | AI73: 0 | AJ73: 0 | AK73: 0 | AL73: 0 | AM73: 0 | AN73: 0 | AO73: 0 | AP73: 0 | AQ73: =G73+J73+M73+P73+S73+V73+Y73+AB73+AE73+AH73+AK73+AN73 -> 10.8 | AR73: =H73+K73+N73+Q73+T73+W73+Z73+AC73+AF73+AI73+AL73+AO73 -> 27000 | AS73: 14
A74: 71 | B74: ESCUINTLA | C74: SIPACATE | E74: 22 | F74: =E74*2500 -> 55000 | G74: 0 | H74: 0 | I74: 0 | J74: 0 | K74: 0 | L74: 0 | M74: 6.8 | N74: 17000 | O74: 17 | P74: =Q74/2500 -> 3.2 | Q74: =R74*1000 -> 8000 | R74: 8 | S74: 0 | T74: 0 | U74: 0 | V74: =W74/2500 -> 10 | W74: 25000 | X74: 25 | Y74: 0 | Z74: 0 | AA74: 0 | AB74: 0 | AC74: 0 | AD74: 0 | AE74: 0 | AF74: 0 | AG74: 0 | AH74: 0 | AI74: 0 | AJ74: 0 | AK74: 0 | AL74: 0 | AM74: 0 | AN74: 0 | AO74: 0 | AP74: 0 | AQ74: =G74+J74+M74+P74+S74+V74+Y74+AB74+AE74+AH74+AK74+AN74 -> 20 | AR74: =H74+K74+N74+Q74+T74+W74+Z74+AC74+AF74+AI74+AL74+AO74 -> 50000 | AS74: 25
A75: 72 | B75: ESCUINTLA | C75: SIQUINALÁ | E75: 19 | F75: =E75*2500 -> 47500 | G75: 0 | H75: 0 | I75: 0 | J75: 0 | K75: 0 | L75: 0 | M75: 6.8 | N75: 17000 | O75: 17 | P75: =Q75/2500 -> 1.2 | Q75: =R75*1000 -> 3000 | R75: 3 | S75: 0 | T75: 0 | U75: 0 | V75: =W75/2500 -> 7.2 | W75: 18000 | X75: 18 | Y75: 0 | Z75: 0 | AA75: 0 | AB75: 0 | AC75: 0 | AD75: 0 | AE75: 0 | AF75: 0 | AG75: 0 | AH75: 0 | AI75: 0 | AJ75: 0 | AK75: 0 | AL75: 0 | AM75: 0 | AN75: 0 | AO75: 0 | AP75: 0 | AQ75: =G75+J75+M75+P75+S75+V75+Y75+AB75+AE75+AH75+AK75+AN75 -> 15.2 | AR75: =H75+K75+N75+Q75+T75+W75+Z75+AC75+AF75+AI75+AL75+AO75 -> 38000 | AS75: 20
A76: 73 | B76: ESCUINTLA | C76: TIQUISATE | E76: 18.6 | F76: =E76*2500 -> 46500 | G76: 0 | H76: 0 | I76: 0 | J76: 0 | K76: 0 | L76: 0 | M76: 6.8 | N76: 17000 | O76: 17 | P76: =Q76/2500 -> 0.4 | Q76: =R76*1000 -> 1000 | R76: 1 | S76: 0 | T76: 0 | U76: 0 | V76: =W76/2500 -> 6.8 | W76: 17000 | X76: 17 | Y76: 0 | Z76: 0 | AA76: 0 | AB76: 0 | AC76: 0 | AD76: 0 | AE76: 0 | AF76: 0 | AG76: 0 | AH76: 0 | AI76: 0 | AJ76: 0 | AK76: 0 | AL76: 0 | AM76: 0 | AN76: 0 | AO76: 0 | AP76: 0 | AQ76: =G76+J76+M76+P76+S76+V76+Y76+AB76+AE76+AH76+AK76+AN76 -> 14 | AR76: =H76+K76+N76+Q76+T76+W76+Z76+AC76+AF76+AI76+AL76+AO76 -> 35000 | AS76: 18
A77: 74 | B77: GUATEMALA | C77: AMATITLÁN | E77: 15.4 | F77: =E77*2500 -> 38500 | G77: 0 | H77: 0 | I77: 0 | J77: 0 | K77: 0 | L77: 0 | M77: 2 | N77: 5000 | O77: 5 | P77: =Q77/2500 -> 1.6 | Q77: =R77*1000 -> 4000 | R77: 4 | S77: 0 | T77: 0 | U77: 0 | V77: =W77/2500 -> 3.6 | W77: 9000 | X77: 9 | Y77: 0 | Z77: 0 | AA77: 0 | AB77: 0 | AC77: 0 | AD77: 0 | AE77: 0 | AF77: 0 | AG77: 0 | AH77: 0 | AI77: 0 | AJ77: 0 | AK77: 0 | AL77: 0 | AM77: 0 | AN77: 0 | AO77: 0 | AP77: 0 | AQ77: =G77+J77+M77+P77+S77+V77+Y77+AB77+AE77+AH77+AK77+AN77 -> 7.2 | AR77: =H77+K77+N77+Q77+T77+W77+Z77+AC77+AF77+AI77+AL77+AO77 -> 18000 | AS77: 9
A78: 75 | B78: GUATEMALA | C78: CHINAUTLA | E78: 9 | F78: =E78*2500 -> 22500 | G78: 0 | H78: 0 | I78: 0 | J78: 0 | K78: 0 | L78: 0 | M78: 2.4 | N78: 6000 | O78: 6 | P78: =Q78/2500 -> 1.6 | Q78: =R78*1000 -> 4000 | R78: 4 | S78: 0 | T78: 0 | U78: 0 | V78: =W78/2500 -> 4.4 | W78: 11000 | X78: 11 | Y78: 0 | Z78: 0 | AA78: 0 | AB78: 0 | AC78: 0 | AD78: 0 | AE78: 0 | AF78: 0 | AG78: 0 | AH78: 0 | AI78: 0 | AJ78: 0 | AK78: 0 | AL78: 0 | AM78: 0 | AN78: 0 | AO78: 0 | AP78: 0 | AQ78: =G78+J78+M78+P78+S78+V78+Y78+AB78+AE78+AH78+AK78+AN78 -> 8.4 | AR78: =H78+K78+N78+Q78+T78+W78+Z78+AC78+AF78+AI78+AL78+AO78 -> 21000 | AS78: 11
A79: 76 | B79: GUATEMALA | C79: CHUARRANCHO | E79: 6 | F79: =E79*2500 -> 15000 | G79: 0 | H79: 0 | I79: 0 | J79: 0 | K79: 0 | L79: 0 | M79: 2 | N79: 5000 | O79: 5 | P79: =Q79/2500 -> 0.4 | Q79: =R79*1000 -> 1000 | R79: 1 | S79: 0 | T79: 0 | U79: 0 | V79: =W79/2500 -> 2.4 | W79: 6000 | X79: 6 | Y79: 0 | Z79: 0 | AA79: 0 | AB79: 0 | AC79: 0 | AD79: 0 | AE79: 0 | AF79: 0 | AG79: 0 | AH79: 0 | AI79: 0 | AJ79: 0 | AK79: 0 | AL79: 0 | AM79: 0 | AN79: 0 | AO79: 0 | AP79: 0 | AQ79: =G79+J79+M79+P79+S79+V79+Y79+AB79+AE79+AH79+AK79+AN79 -> 4.8 | AR79: =H79+K79+N79+Q79+T79+W79+Z79+AC79+AF79+AI79+AL79+AO79 -> 12000 | AS79: 6
A80: 77 | B80: GUATEMALA | C80: FRAIJANES | E80: 9 | F80: =E80*2500 -> 22500 | G80: 0 | H80: 0 | I80: 0 | J80: 0 | K80: 0 | L80: 0 | M80: 3.6 | N80: 9000 | O80: 9 | P80: =Q80/2500 -> 1.6 | Q80: =R80*1000 -> 4000 | R80: 4 | S80: 0 | T80: 0 | U80: 0 | V80: =W80/2500 -> 5.2 | W80: 13000 | X80: 13 | Y80: 0 | Z80: 0 | AA80: 0 | AB80: 0 | AC80: 0 | AD80: 0 | AE80: 0 | AF80: 0 | AG80: 0 | AH80: 0 | AI80: 0 | AJ80: 0 | AK80: 0 | AL80: 0 | AM80: 0 | AN80: 0 | AO80: 0 | AP80: 0 | AQ80: =G80+J80+M80+P80+S80+V80+Y80+AB80+AE80+AH80+AK80+AN80 -> 10.4 | AR80: =H80+K80+N80+Q80+T80+W80+Z80+AC80+AF80+AI80+AL80+AO80 -> 26000 | AS80: 13
A81: 78 | B81: GUATEMALA | C81: GUATEMALA | E81: 20.4 | F81: =E81*2500 -> 51000 | G81: 0 | H81: 0 | I81: 0 | J81: 0 | K81: 0 | L81: 0 | M81: 6.8 | N81: 17000 | O81: 17 | P81: =Q81/2500 -> 2 | Q81: =R81*1000 -> 5000 | R81: 5 | S81: 0 | T81: 0 | U81: 0 | V81: =W81/2500 -> 8.8 | W81: 22000 | X81: 22 | Y81: 0 | Z81: 0 | AA81: 0 | AB81: 0 | AC81: 0 | AD81: 0 | AE81: 0 | AF81: 0 | AG81: 0 | AH81: 0 | AI81: 0 | AJ81: 0 | AK81: 0 | AL81: 0 | AM81: 0 | AN81: 0 | AO81: 0 | AP81: 0 | AQ81: =G81+J81+M81+P81+S81+V81+Y81+AB81+AE81+AH81+AK81+AN81 -> 17.6 | AR81: =H81+K81+N81+Q81+T81+W81+Z81+AC81+AF81+AI81+AL81+AO81 -> 44000 | AS81: 22
A82: 79 | B82: GUATEMALA | C82: MIXCO | E82: 17.6 | F82: =E82*2500 -> 44000 | G82: 0 | H82: 0 | I82: 0 | J82: 0 | K82: 0 | L82: 0 | M82: 4.8 | N82: 12000 | O82: 12 | P82: =Q82/2500 -> 1.6 | Q82: =R82*1000 -> 4000 | R82: 4 | S82: 0 | T82: 0 | U82: 0 | V82: =W82/2500 -> 6.4 | W82: 16000 | X82: 16 | Y82: 0 | Z82: 0 | AA82: 0 | AB82: 0 | AC82: 0 | AD82: 0 | AE82: 0 | AF82: 0 | AG82: 0 | AH82: 0 | AI82: 0 | AJ82: 0 | AK82: 0 | AL82: 0 | AM82: 0 | AN82: 0 | AO82: 0 | AP82: 0 | AQ82: =G82+J82+M82+P82+S82+V82+Y82+AB82+AE82+AH82+AK82+AN82 -> 12.8 | AR82: =H82+K82+N82+Q82+T82+W82+Z82+AC82+AF82+AI82+AL82+AO82 -> 32000 | AS82: 18
A83: 80 | B83: GUATEMALA | C83: PALENCIA | E83: 14.4 | F83: =E83*2500 -> 36000 | G83: 0 | H83: 0 | I83: 0 | J83: 0 | K83: 0 | L83: 0 | M83: 4 | N83: 10000 | O83: 10 | P83: =Q83/2500 -> 0.8 | Q83: =R83*1000 -> 2000 | R83: 2 | S83: 0 | T83: 0 | U83: 0 | V83: =W83/2500 -> 5.2 | W83: 13000 | X83: 13 | Y83: 0 | Z83: 0 | AA83: 0 | AB83: 0 | AC83: 0 | AD83: 0 | AE83: 0 | AF83: 0 | AG83: 0 | AH83: 0 | AI83: 0 | AJ83: 0 | AK83: 0 | AL83: 0 | AM83: 0 | AN83: 0 | AO83: 0 | AP83: 0 | AQ83: =G83+J83+M83+P83+S83+V83+Y83+AB83+AE83+AH83+AK83+AN83 -> 10 | AR83: =H83+K83+N83+Q83+T83+W83+Z83+AC83+AF83+AI83+AL83+AO83 -> 25000 | AS83: 13
A84: 81 | B84: GUATEMALA | C84: SAN JOSÉ DEL GOLFO | E84: 8 | F84: =E84*2500 -> 20000 | G84: 0 | H84: 0 | I84: 0 | J84: 0 | K84: 0 | L84: 0 | M84: 3.2 | N84: 8000 | O84: 8 | P84: =Q84/2500 -> 2 | Q84: =R84*1000 -> 5000 | R84: 5 | S84: 0 | T84: 0 | U84: 0 | V84: =W84/2500 -> 5.2 | W84: 13000 | X84: 13 | Y84: 0 | Z84: 0 | AA84: 0 | AB84: 0 | AC84: 0 | AD84: 0 | AE84: 0 | AF84: 0 | AG84: 0 | AH84: 0 | AI84: 0 | AJ84: 0 | AK84: 0 | AL84: 0 | AM84: 0 | AN84: 0 | AO84: 0 | AP84: 0 | AQ84: =G84+J84+M84+P84+S84+V84+Y84+AB84+AE84+AH84+AK84+AN84 -> 10.4 | AR84: =H84+K84+N84+Q84+T84+W84+Z84+AC84+AF84+AI84+AL84+AO84 -> 26000 | AS84: 13
... A88: 85 | B88: GUATEMALA | C88: SAN PEDRO AYAMPUC | E88: 11 | F88: =E88*2500 -> 27500 | G88: 0 | H88: 0 | I88: 0 | J88: 0 | K88: 0 | L88: 0 | M88: 4.4 | N88: 11000 | O88: 11 | P88: =Q88/2500 -> 1.2 | Q88: =R88*1000 -> 3000 | R88: 3 | S88: 0 | T88: 0 | U88: 0 | V88: =W88/2500 -> 5.6 | W88: 14000 | X88: 14 | Y88: 0 | Z88: 0 | AA88: 0 | AB88: 0 | AC88: 0 | AD88: 0 | AE88: 0 | AF88: 0 | AG88: 0 | AH88: 0 | AI88: 0 | AJ88: 0 | AK88: 0 | AL88: 0 | AM88: 0 | AN88: 0 | AO88: 0 | AP88: 0 | AQ88: =G88+J88+M88+P88+S88+V88+Y88+AB88+AE88+AH88+AK88+AN88 -> 11.2 | AR88: =H88+K88+N88+Q88+T88+W88+Z88+AC88+AF88+AI88+AL88+AO88 -> 28000 | AS88: 14
A89: 86 | B89: GUATEMALA | C89: SAN PEDRO SACATEPÉQUEZ | D89: Beca | E89: 9 | F89: =E89*2500 -> 22500 | G89: 0 | H89: 0 | I89: 0 | J89: 0 | K89: 0 | L89: 0 | M89: 2.8 | N89: 7000 | O89: 7 | P89: =Q89/2500 -> 2.4 | Q89: =R89*1000 -> 6000 | R89: 6 | S89: 0 | T89: 0 | U89: 0 | V89: =W89/2500 -> 5.6 | W89: 14000 | X89: 14 | Y89: 0 | Z89: 0 | AA89: 0 | AB89: 0 | AC89: 0 | AD89: 0 | AE89: 0 | AF89: 0 | AG89: 0 | AH89: 0 | AI89: 0 | AJ89: 0 | AK89: 0 | AL89: 0 | AM89: 0 | AN89: 0 | AO89: 0 | AP89: 0 | AQ89: =G89+J89+M89+P89+S89+V89+Y89+AB89+AE89+AH89+AK89+AN89 -> 10.8 | AR89: =H89+K89+N89+Q89+T89+W89+Z89+AC89+AF89+AI89+AL89+AO89 -> 27000 | AS89: 14
A90: 87 | B90: GUATEMALA | C90: SAN RAYMUNDO | E90: 12 | F90: =E90*2500 -> 30000 | G90: 0 | H90: 0 | I90: 0 | J90: 0 | K90: 0 | L90: 0 | M90: 4 | N90: 10000 | O90: 10 | P90: =Q90/2500 -> 2 | Q90: =R90*1000 -> 5000 | R90: 5 | S90: 0 | T90: 0 | U90: 0 | V90: =W90/2500 -> 6.4 | W90: 16000 | X90: 16 | Y90: 0 | Z90: 0 | AA90: 0 | AB90: 0 | AC90: 0 | AD90: 0 | AE90: 0 | AF90: 0 | AG90: 0 | AH90: 0 | AI90: 0 | AJ90: 0 | AK90: 0 | AL90: 0 | AM90: 0 | AN90: 0 | AO90: 0 | AP90: 0 | AQ90: =G90+J90+M90+P90+S90+V90+Y90+AB90+AE90+AH90+AK90+AN90 -> 12.4 | AR90: =H90+K90+N90+Q90+T90+W90+Z90+AC90+AF90+AI90+AL90+AO90 -> 31000 | AS90: 16
A91: 88 | B91: GUATEMALA | C91: SANTA CATARINA PINULA | E91: 13 | F91: =E91*2500 -> 32500 | G91: 0 | H91: 0 | I91: 0 | J91: 0 | K91: 0 | L91: 0 | M91: 3.2 | N91: 8000 | O91: 8 | P91: =Q91/2500 -> 0.8 | Q91: =R91*1000 -> 2000 | R91: 2 | S91: 0 | T91: 0 | U91: 0 | V91: =W91/2500 -> 4 | W91: 10000 | X91: 10 | Y91: 0 | Z91: 0 | AA91: 0 | AB91: 0 | AC91: 0 | AD91: 0 | AE91: 0 | AF91: 0 | AG91: 0 | AH91: 0 | AI91: 0 | AJ91: 0 | AK91: 0 | AL91: 0 | AM91: 0 | AN91: 0 | AO91: 0 | AP91: 0 | AQ91: =G91+J91+M91+P91+S91+V91+Y91+AB91+AE91+AH91+AK91+AN91 -> 8 | AR91: =H91+K91+N91+Q91+T91+W91+Z91+AC91+AF91+AI91+AL91+AO91 -> 20000 | AS91: 10
A92: 89 | B92: GUATEMALA | C92: VILLA CANALES | E92: 14 | F92: =E92*2500 -> 35000 | G92: 0 | H92: 0 | I92: 0 | J92: 0 | K92: 0 | L92: 0 | M92: 2.8 | N92: 7000 | O92: 7 | P92: =Q92/2500 -> 1.2 | Q92: =R92*1000 -> 3000 | R92: 3 | S92: 0 | T92: 0 | U92: 0 | V92: =W92/2500 -> 3.6 | W92: 9000 | X92: 9 | Y92: 0 | Z92: 0 | AA92: 0 | AB92: 0 | AC92: 0 | AD92: 0 | AE92: 0 | AF92: 0 | AG92: 0 | AH92: 0 | AI92: 0 | AJ92: 0 | AK92: 0 | AL92: 0 | AM92: 0 | AN92: 0 | AO92: 0 | AP92: 0 | AQ92: =G92+J92+M92+P92+S92+V92+Y92+AB92+AE92+AH92+AK92+AN92 -> 7.6 | AR92: =H92+K92+N92+Q92+T92+W92+Z92+AC92+AF92+AI92+AL92+AO92 -> 19000 | AS92: 10
A93: 90 | B93: GUATEMALA | C93: VILLA NUEVA | E93: 20.2 | F93: =E93*2500 -> 50500 | G93: 0 | H93: 0 | I93: 0 | J93: 0 | K93: 0 | L93: 0 | M93: 6.8 | N93: 17000 | O93: 17 | P93: =Q93/2500 -> 3.6 | Q93: =R93*1000 -> 9000 | R93: 9 | S93: 0 | T93: 0 | U93: 0 | V93: =W93/2500 -> 9.6 | W93: 24000 | X93: 24 | Y93: 0 | Z93: 0 | AA93: 0 | AB93: 0 | AC93: 0 | AD93: 0 | AE93: 0 | AF93: 0 | AG93: 0 | AH93: 0 | AI93: 0 | AJ93: 0 | AK93: 0 | AL93: 0 | AM93: 0 | AN93: 0 | AO93: 0 | AP93: 0 | AQ93: =G93+J93+M93+P93+S93+V93+Y93+AB93+AE93+AH93+AK93+AN93 -> 20 | AR93: =H93+K93+N93+Q93+T93+W93+Z93+AC93+AF93+AI93+AL93+AO93 -> 50000 | AS93: 26
A94: 91 | B94: HUEHUETENANGO | C94: AGUACATÁN | E94: 12.2 | F94: =E94*2500 -> 30500 | G94: 0 | H94: 0 | I94: 0 | J94: 0 | K94: 0 | L94: 0 | M94: 2 | N94: 5000 | O94: 5 | P94: =Q94/2500 -> 1.2 | Q94: =R94*1000 -> 3000 | R94: 3 | S94: 0 | T94: 0 | U94: 0 | V94: =W94/2500 -> 3.2 | W94: 8000 | X94: 8 | Y94: 0 | Z94: 0 | AA94: 0 | AB94: 0 | AC94: 0 | AD94: 0 | AE94: 0 | AF94: 0 | AG94: 0 | AH94: 0 | AI94: 0 | AJ94: 0 | AK94: 0 | AL94: 0 | AM94: 0 | AN94: 0 | AO94: 0 | AP94: 0 | AQ94: =G94+J94+M94+P94+S94+V94+Y94+AB94+AE94+AH94+AK94+AN94 -> 6.4 | AR94: =H94+K94+N94+Q94+T94+W94+Z94+AC94+AF94+AI94+AL94+AO94 -> 16000 | AS94: 8
A95: 92 | B95: HUEHUETENANGO | C95: BARILLAS | E95: 21.6 | F95: =E95*2500 -> 54000 | G95: 0 | H95: 0 | I95: 0 | J95: 0 | K95: 0 | L95: 0 | M95: 5.6 | N95: 14000 | O95: 14 | P95: =Q95/2500 -> 4.8 | Q95: =R95*1000 -> 12000 | R95: 12 | S95: 0 | T95: 0 | U95: 0 | V95: =W95/2500 -> 10.4 | W95: 26000 | X95: 26 | Y95: 0 | Z95: 0 | AA95: 0 | AB95: 0 | AC95: 0 | AD95: 0 | AE95: 0 | AF95: 0 | AG95: 0 | AH95: 0 | AI95: 0 | AJ95: 0 | AK95: 0 | AL95: 0 | AM95: 0 | AN95: 0 | AO95: 0 | AP95: 0 | AQ95: =G95+J95+M95+P95+S95+V95+Y95+AB95+AE95+AH95+AK95+AN95 -> 20.8 | AR95: =H95+K95+N95+Q95+T95+W95+Z95+AC95+AF95+AI95+AL95+AO95 -> 52000 | AS95: 26
A96: 93 | B96: HUEHUETENANGO | C96: CHIANTLA | E96: 16.2 | F96: =E96*2500 -> 40500 | G96: 0 | H96: 0 | I96: 0 | J96: 0 | K96: 0 | L96: 0 | M96: 3.2 | N96: 8000 | O96: 8 | P96: =Q96/2500 -> 2 | Q96: =R96*1000 -> 5000 | R96: 5 | S96: 0 | T96: 0 | U96: 0 | V96: =W96/2500 -> 5.2 | W96: 13000 | X96: 13 | Y96: 0 | Z96: 0 | AA96: 0 | AB96: 0 | AC96: 0 | AD96: 0 | AE96: 0 | AF96: 0 | AG96: 0 | AH96: 0 | AI96: 0 | AJ96: 0 | AK96: 0 | AL96: 0 | AM96: 0 | AN96: 0 | AO96: 0 | AP96: 0 | AQ96: =G96+J96+M96+P96+S96+V96+Y96+AB96+AE96+AH96+AK96+AN96 -> 10.4 | AR96: =H96+K96+N96+Q96+T96+W96+Z96+AC96+AF96+AI96+AL96+AO96 -> 26000 | AS96: 13
A97: 94 | B97: HUEHUETENANGO | C97: COLOTENANGO | E97: 16.4 | F97: =E97*2500 -> 41000 | G97: 0 | H97: 0 | I97: 0 | J97: 0 | K97: 0 | L97: 0 | M97: 4 | N97: 10000 | O97: 10 | P97: =Q97/2500 -> 1.6 | Q97: =R97*1000 -> 4000 | R97: 4 | S97: 0 | T97: 0 | U97: 0 | V97: =W97/2500 -> 5.6 | W97: 14000 | X97: 14 | Y97: 0 | Z97: 0 | AA97: 0 | AB97: 0 | AC97: 0 | AD97: 0 | AE97: 0 | AF97: 0 | AG97: 0 | AH97: 0 | AI97: 0 | AJ97: 0 | AK97: 0 | AL97: 0 | AM97: 0 | AN97: 0 | AO97: 0 | AP97: 0 | AQ97: =G97+J97+M97+P97+S97+V97+Y97+AB97+AE97+AH97+AK97+AN97 -> 11.2 | AR97: =H97+K97+N97+Q97+T97+W97+Z97+AC97+AF97+AI97+AL97+AO97 -> 28000 | AS97: 14
A98: 95 | B98: HUEHUETENANGO | C98: CONCEPCIÓN HUISTA | E98: 22.4 | F98: =E98*2500 -> 56000 | G98: 0 | H98: 0 | I98: 0 | J98: 0 | K98: 0 | L98: 0 | M98: 5.2 | N98: 13000 | O98: 13 | P98: =Q98/2500 -> 2.8 | Q98: =R98*1000 -> 7000 | R98: 7 | S98: 0 | T98: 0 | U98: 0 | V98: =W98/2500 -> 8 | W98: 20000 | X98: 20 | Y98: 0 | Z98: 0 | AA98: 0 | AB98: 0 | AC98: 0 | AD98: 0 | AE98: 0 | AF98: 0 | AG98: 0 | AH98: 0 | AI98: 0 | AJ98: 0 | AK98: 0 | AL98: 0 | AM98: 0 | AN98: 0 | AO98: 0 | AP98: 0 | AQ98: =G98+J98+M98+P98+S98+V98+Y98+AB98+AE98+AH98+AK98+AN98 -> 16 | AR98: =H98+K98+N98+Q98+T98+W98+Z98+AC98+AF98+AI98+AL98+AO98 -> 40000 | AS98: 20
A99: 96 | B99: HUEHUETENANGO | C99: CUILCO | E99: 22 | F99: =E99*2500 -> 55000 | G99: 0 | H99: 0 | I99: 0 | J99: 0 | K99: 0 | L99: 0 | M99: 4 | N99: 10000 | O99: 10 | P99: =Q99/2500 -> 4 | Q99: =R99*1000 -> 10000 | R99: 10 | S99: 0 | T99: 0 | U99: 0 | V99: =W99/2500 -> 7.6 | W99: 19000 | X99: 19 | Y99: 0 | Z99: 0 | AA99: 0 | AB99: 0 | AC99: 0 | AD99: 0 | AE99: 0 | AF99: 0 | AG99: 0 | AH99: 0 | AI99: 0 | AJ99: 0 | AK99: 0 | AL99: 0 | AM99: 0 | AN99: 0 | AO99: 0 | AP99: 0 | AQ99: =G99+J99+M99+P99+S99+V99+Y99+AB99+AE99+AH99+AK99+AN99 -> 15.6 | AR99: =H99+K99+N99+Q99+T99+W99+Z99+AC99+AF99+AI99+AL99+AO99 -> 39000 | AS99: 20
A100: 97 | B100: HUEHUETENANGO | C100: HUEHUETENANGO | E100: 13 | F100: =E100*2500 -> 32500 | G100: 0 | H100: 0 | I100: 0 | J100: 0 | K100: 0 | L100: 0 | M100: 4 | N100: 10000 | O100: 10 | P100: =Q100/2500 -> 1.2 | Q100: =R100*1000 -> 3000 | R100: 3 | S100: 0 | T100: 0 | U100: 0 | V100: =W100/2500 -> 5.2 | W100: 13000 | X100: 13 | Y100: 0 | Z100: 0 | AA100: 0 | AB100: 0 | AC100: 0 | AD100: 0 | AE100: 0 | AF100: 0 | AG100: 0 | AH100: 0 | AI100: 0 | AJ100: 0 | AK100: 0 | AL100: 0 | AM100: 0 | AN100: 0 | AO100: 0 | AP100: 0 | AQ100: =G100+J100+M100+P100+S100+V100+Y100+AB100+AE100+AH100+AK100+AN100 -> 10.4 | AR100: =H100+K100+N100+Q100+T100+W100+Z100+AC100+AF100+AI100+AL100+AO100 -> 26000 | AS100: 13
A101: 98 | B101: HUEHUETENANGO | C101: JACALTENANGO | E101: 10 | F101: =E101*2500 -> 25000 | G101: 0 | H101: 0 | I101: 0 | J101: 0 | K101: 0 | L101: 0 | M101: 2.4 | N101: 6000 | O101: 6 | P101: =Q101/2500 -> 1.2 | Q101: =R101*1000 -> 3000 | R101: 3 | S101: 0 | T101: 0 | U101: 0 | V101: =W101/2500 -> 3.6 | W101: 9000 | X101: 9 | Y101: 0 | Z101: 0 | AA101: 0 | AB101: 0 | AC101: 0 | AD101: 0 | AE101: 0 | AF101: 0 | AG101: 0 | AH101: 0 | AI101: 0 | AJ101: 0 | AK101: 0 | AL101: 0 | AM101: 0 | AN101: 0 | AO101: 0 | AP101: 0 | AQ101: =G101+J101+M101+P101+S101+V101+Y101+AB101+AE101+AH101+AK101+AN101 -> 7.2 | AR101: =H101+K101+N101+Q101+T101+W101+Z101+AC101+AF101+AI101+AL101+AO101 -> 18000 | AS101: 9
... A105: 102 | B105: HUEHUETENANGO | C105: NENTÓN | E105: 24 | F105: =E105*2500 -> 60000 | G105: 0 | H105: 0 | I105: 0 | J105: 0 | K105: 0 | L105: 0 | M105: 3.6 | N105: 9000 | O105: 9 | P105: =Q105/2500 -> 4 | Q105: =R105*1000 -> 10000 | R105: 10 | S105: 0 | T105: 0 | U105: 0 | V105: =W105/2500 -> 7.2 | W105: 18000 | X105: 18 | Y105: 0 | Z105: 0 | AA105: 0 | AB105: 0 | AC105: 0 | AD105: 0 | AE105: 0 | AF105: 0 | AG105: 0 | AH105: 0 | AI105: 0 | AJ105: 0 | AK105: 0 | AL105: 0 | AM105: 0 | AN105: 0 | AO105: 0 | AP105: 0 | AQ105: =G105+J105+M105+P105+S105+V105+Y105+AB105+AE105+AH105+AK105+AN105 -> 14.8 | AR105: =H105+K105+N105+Q105+T105+W105+Z105+AC105+AF105+AI105+AL105+AO105 -> 37000 | AS105: 20
A106: 103 | B106: HUEHUETENANGO | C106: PETATAN | D106: Beca | E106: 11.2 | F106: =E106*2500 -> 28000 | G106: 0 | H106: 0 | I106: 0 | J106: 0 | K106: 0 | L106: 0 | M106: 3.6 | N106: 9000 | O106: 9 | P106: =Q106/2500 -> 0.8 | Q106: =R106*1000 -> 2000 | R106: 2 | S106: 0 | T106: 0 | U106: 0 | V106: =W106/2500 -> 4.4 | W106: 11000 | X106: 11 | Y106: 0 | Z106: 0 | AA106: 0 | AB106: 0 | AC106: 0 | AD106: 0 | AE106: 0 | AF106: 0 | AG106: 0 | AH106: 0 | AI106: 0 | AJ106: 0 | AK106: 0 | AL106: 0 | AM106: 0 | AN106: 0 | AO106: 0 | AP106: 0 | AQ106: =G106+J106+M106+P106+S106+V106+Y106+AB106+AE106+AH106+AK106+AN106 -> 8.8 | AR106: =H106+K106+N106+Q106+T106+W106+Z106+AC106+AF106+AI106+AL106+AO106 -> 22000 | AS106: 11
A107: 104 | B107: HUEHUETENANGO | C107: SAN ANTONIO HUISTA | E107: 18.8 | F107: =E107*2500 -> 47000 | G107: 0 | H107: 0 | I107: 0 | J107: 0 | K107: 0 | L107: 0 | M107: 5.2 | N107: 13000 | O107: 13 | P107: =Q107/2500 -> 1.2 | Q107: =R107*1000 -> 3000 | R107: 3 | S107: 0 | T107: 0 | U107: 0 | V107: =W107/2500 -> 6.4 | W107: 16000 | X107: 16 | Y107: 0 | Z107: 0 | AA107: 0 | AB107: 0 | AC107: 0 | AD107: 0 | AE107: 0 | AF107: 0 | AG107: 0 | AH107: 0 | AI107: 0 | AJ107: 0 | AK107: 0 | AL107: 0 | AM107: 0 | AN107: 0 | AO107: 0 | AP107: 0 | AQ107: =G107+J107+M107+P107+S107+V107+Y107+AB107+AE107+AH107+AK107+AN107 -> 12.8 | AR107: =H107+K107+N107+Q107+T107+W107+Z107+AC107+AF107+AI107+AL107+AO107 -> 32000 | AS107: 16
A108: 105 | B108: HUEHUETENANGO | C108: SAN GASPAR IXCHIL | E108: 26 | F108: =E108*2500 -> 65000 | G108: 0 | H108: 0 | I108: 0 | J108: 0 | K108: 0 | L108: 0 | M108: 5.6 | N108: 14000 | O108: 14 | P108: =Q108/2500 -> 5.2 | Q108: =R108*1000 -> 13000 | R108: 13 | S108: 0 | T108: 0 | U108: 0 | V108: =W108/2500 -> 11.2 | W108: 28000 | X108: 28 | Y108: 0 | Z108: 0 | AA108: 0 | AB108: 0 | AC108: 0 | AD108: 0 | AE108: 0 | AF108: 0 | AG108: 0 | AH108: 0 | AI108: 0 | AJ108: 0 | AK108: 0 | AL108: 0 | AM108: 0 | AN108: 0 | AO108: 0 | AP108: 0 | AQ108: =G108+J108+M108+P108+S108+V108+Y108+AB108+AE108+AH108+AK108+AN108 -> 22 | AR108: =H108+K108+N108+Q108+T108+W108+Z108+AC108+AF108+AI108+AL108+AO108 -> 55000 | AS108: 28
A109: 106 | B109: HUEHUETENANGO | C109: SAN ILDEFONSO IXTAHUACÁN | E109: 20 | F109: =E109*2500 -> 50000 | G109: 0 | H109: 0 | I109: 0 | J109: 0 | K109: 0 | L109: 0 | M109: 5.6 | N109: 14000 | O109: 14 | P109: =Q109/2500 -> 4.8 | Q109: =R109*1000 -> 12000 | R109: 12 | S109: 0 | T109: 0 | U109: 0 | V109: =W109/2500 -> 10 | W109: 25000 | X109: 25 | Y109: 0 | Z109: 0 | AA109: 0 | AB109: 0 | AC109: 0 | AD109: 0 | AE109: 0 | AF109: 0 | AG109: 0 | AH109: 0 | AI109: 0 | AJ109: 0 | AK109: 0 | AL109: 0 | AM109: 0 | AN109: 0 | AO109: 0 | AP109: 0 | AQ109: =G109+J109+M109+P109+S109+V109+Y109+AB109+AE109+AH109+AK109+AN109 -> 20.4 | AR109: =H109+K109+N109+Q109+T109+W109+Z109+AC109+AF109+AI109+AL109+AO109 -> 51000 | AS109: 26
A110: 107 | B110: HUEHUETENANGO | C110: SAN JUAN ATITÁN | E110: 21 | F110: =E110*2500 -> 52500 | G110: 0 | H110: 0 | I110: 0 | J110: 0 | K110: 0 | L110: 0 | M110: 3.6 | N110: 9000 | O110: 9 | P110: =Q110/2500 -> 3.6 | Q110: =R110*1000 -> 9000 | R110: 9 | S110: 0 | T110: 0 | U110: 0 | V110: =W110/2500 -> 7.6 | W110: 19000 | X110: 19 | Y110: 0 | Z110: 0 | AA110: 0 | AB110: 0 | AC110: 0 | AD110: 0 | AE110: 0 | AF110: 0 | AG110: 0 | AH110: 0 | AI110: 0 | AJ110: 0 | AK110: 0 | AL110: 0 | AM110: 0 | AN110: 0 | AO110: 0 | AP110: 0 | AQ110: =G110+J110+M110+P110+S110+V110+Y110+AB110+AE110+AH110+AK110+AN110 -> 14.8 | AR110: =H110+K110+N110+Q110+T110+W110+Z110+AC110+AF110+AI110+AL110+AO110 -> 37000 | AS110: 19
A111: 108 | B111: HUEHUETENANGO | C111: SAN JUAN IXCOY | E111: 10 | F111: =E111*2500 -> 25000 | G111: 0 | H111: 0 | I111: 0 | J111: 0 | K111: 0 | L111: 0 | M111: 2.8 | N111: 7000 | O111: 7 | P111: =Q111/2500 -> 0 | Q111: =R111*1000 -> 0 | R111: 0 | S111: 0 | T111: 0 | U111: 0 | V111: =W111/2500 -> 3.2 | W111: 8000 | X111: 8 | Y111: 0 | Z111: 0 | AA111: 0 | AB111: 0 | AC111: 0 | AD111: 0 | AE111: 0 | AF111: 0 | AG111: 0 | AH111: 0 | AI111: 0 | AJ111: 0 | AK111: 0 | AL111: 0 | AM111: 0 | AN111: 0 | AO111: 0 | AP111: 0 | AQ111: =G111+J111+M111+P111+S111+V111+Y111+AB111+AE111+AH111+AK111+AN111 -> 6 | AR111: =H111+K111+N111+Q111+T111+W111+Z111+AC111+AF111+AI111+AL111+AO111 -> 15000 | AS111: 8
A112: 109 | B112: HUEHUETENANGO | C112: SAN MATEO IXTATÁN | E112: 26.4 | F112: =E112*2500 -> 66000 | G112: 0 | H112: 0 | I112: 0 | J112: 0 | K112: 0 | L112: 0 | M112: 3.6 | N112: 9000 | O112: 9 | P112: =Q112/2500 -> 5.6 | Q112: =R112*1000 -> 14000 | R112: 14 | S112: 0 | T112: 0 | U112: 0 | V112: =W112/2500 -> 9.2 | W112: 23000 | X112: 23 | Y112: 0 | Z112: 0 | AA112: 0 | AB112: 0 | AC112: 0 | AD112: 0 | AE112: 0 | AF112: 0 | AG112: 0 | AH112: 0 | AI112: 0 | AJ112: 0 | AK112: 0 | AL112: 0 | AM112: 0 | AN112: 0 | AO112: 0 | AP112: 0 | AQ112: =G112+J112+M112+P112+S112+V112+Y112+AB112+AE112+AH112+AK112+AN112 -> 18.4 | AR112: =H112+K112+N112+Q112+T112+W112+Z112+AC112+AF112+AI112+AL112+AO112 -> 46000 | AS112: 24
A113: 110 | B113: HUEHUETENANGO | C113: SAN MIGUEL ACATÁN | E113: 20 | F113: =E113*2500 -> 50000 | G113: 0 | H113: 0 | I113: 0 | J113: 0 | K113: 0 | L113: 0 | M113: 5.2 | N113: 13000 | O113: 13 | P113: =Q113/2500 -> 2.8 | Q113: =R113*1000 -> 7000 | R113: 7 | S113: 0 | T113: 0 | U113: 0 | V113: =W113/2500 -> 7.6 | W113: 19000 | X113: 19 | Y113: 0 | Z113: 0 | AA113: 0 | AB113: 0 | AC113: 0 | AD113: 0 | AE113: 0 | AF113: 0 | AG113: 0 | AH113: 0 | AI113: 0 | AJ113: 0 | AK113: 0 | AL113: 0 | AM113: 0 | AN113: 0 | AO113: 0 | AP113: 0 | AQ113: =G113+J113+M113+P113+S113+V113+Y113+AB113+AE113+AH113+AK113+AN113 -> 15.6 | AR113: =H113+K113+N113+Q113+T113+W113+Z113+AC113+AF113+AI113+AL113+AO113 -> 39000 | AS113: 20
A114: 111 | B114: HUEHUETENANGO | C114: SAN PEDRO NECTA | E114: 17.4 | F114: =E114*2500 -> 43500 | G114: 0 | H114: 0 | I114: 0 | J114: 0 | K114: 0 | L114: 0 | M114: 2.8 | N114: 7000 | O114: 7 | P114: =Q114/2500 -> 2 | Q114: =R114*1000 -> 5000 | R114: 5 | S114: 0 | T114: 0 | U114: 0 | V114: =W114/2500 -> 5.6 | W114: 14000 | X114: 14 | Y114: 0 | Z114: 0 | AA114: 0 | AB114: 0 | AC114: 0 | AD114: 0 | AE114: 0 | AF114: 0 | AG114: 0 | AH114: 0 | AI114: 0 | AJ114: 0 | AK114: 0 | AL114: 0 | AM114: 0 | AN114: 0 | AO114: 0 | AP114: 0 | AQ114: =G114+J114+M114+P114+S114+V114+Y114+AB114+AE114+AH114+AK114+AN114 -> 10.4 | AR114: =H114+K114+N114+Q114+T114+W114+Z114+AC114+AF114+AI114+AL114+AO114 -> 26000 | AS114: 14
A115: 112 | B115: HUEHUETENANGO | C115: SAN RAFAEL LA INDEPENDENCIA | E115: 16.6 | F115: =E115*2500 -> 41500 | G115: 0 | H115: 0 | I115: 0 | J115: 0 | K115: 0 | L115: 0 | M115: 2.4 | N115: 6000 | O115: 6 | P115: =Q115/2500 -> 4.4 | Q115: =R115*1000 -> 11000 | R115: 11 | S115: 0 | T115: 0 | U115: 0 | V115: =W115/2500 -> 7.6 | W115: 19000 | X115: 19 | Y115: 0 | Z115: 0 | AA115: 0 | AB115: 0 | AC115: 0 | AD115: 0 | AE115: 0 | AF115: 0 | AG115: 0 | AH115: 0 | AI115: 0 | AJ115: 0 | AK115: 0 | AL115: 0 | AM115: 0 | AN115: 0 | AO115: 0 | AP115: 0 | AQ115: =G115+J115+M115+P115+S115+V115+Y115+AB115+AE115+AH115+AK115+AN115 -> 14.4 | AR115: =H115+K115+N115+Q115+T115+W115+Z115+AC115+AF115+AI115+AL115+AO115 -> 36000 | AS115: 19
A116: 113 | B116: HUEHUETENANGO | C116: SAN RAFAEL PETZAL | E116: 10 | F116: =E116*2500 -> 25000 | G116: 0 | H116: 0 | I116: 0 | J116: 0 | K116: 0 | L116: 0 | M116: 2.8 | N116: 7000 | O116: 7 | P116: =Q116/2500 -> 2 | Q116: =R116*1000 -> 5000 | R116: 5 | S116: 0 | T116: 0 | U116: 0 | V116: =W116/2500 -> 4.8 | W116: 12000 | X116: 12 | Y116: 0 | Z116: 0 | AA116: 0 | AB116: 0 | AC116: 0 | AD116: 0 | AE116: 0 | AF116: 0 | AG116: 0 | AH116: 0 | AI116: 0 | AJ116: 0 | AK116: 0 | AL116: 0 | AM116: 0 | AN116: 0 | AO116: 0 | AP116: 0 | AQ116: =G116+J116+M116+P116+S116+V116+Y116+AB116+AE116+AH116+AK116+AN116 -> 9.6 | AR116: =H116+K116+N116+Q116+T116+W116+Z116+AC116+AF116+AI116+AL116+AO116 -> 24000 | AS116: 12
A117: 114 | B117: HUEHUETENANGO | C117: SAN SEBASTIÁN COATÁN | E117: 5 | F117: =E117*2500 -> 12500 | G117: 0 | H117: 0 | I117: 0 | J117: 0 | K117: 0 | L117: 0 | M117: 1.6 | N117: 4000 | O117: 4 | P117: =Q117/2500 -> 0 | Q117: =R117*1000 -> 0 | R117: 0 | S117: 0 | T117: 0 | U117: 0 | V117: =W117/2500 -> 1.6 | W117: 4000 | X117: 4 | Y117: 0 | Z117: 0 | AA117: 0 | AB117: 0 | AC117: 0 | AD117: 0 | AE117: 0 | AF117: 0 | AG117: 0 | AH117: 0 | AI117: 0 | AJ117: 0 | AK117: 0 | AL117: 0 | AM117: 0 | AN117: 0 | AO117: 0 | AP117: 0 | AQ117: =G117+J117+M117+P117+S117+V117+Y117+AB117+AE117+AH117+AK117+AN117 -> 3.2 | AR117: =H117+K117+N117+Q117+T117+W117+Z117+AC117+AF117+AI117+AL117+AO117 -> 8000 | AS117: 4
A118: 115 | B118: HUEHUETENANGO | C118: SAN SEBASTIÁN HUEHUETENANGO | E118: 20.4 | F118: =E118*2500 -> 51000 | G118: 0 | H118: 0 | I118: 0 | J118: 0 | K118: 0 | L118: 0 | M118: 3.6 | N118: 9000 | O118: 9 | P118: =Q118/2500 -> 2.8 | Q118: =R118*1000 -> 7000 | R118: 7 | S118: 0 | T118: 0 | U118: 0 | V118: =W118/2500 -> 6.4 | W118: 16000 | X118: 16 | Y118: 0 | Z118: 0 | AA118: 0 | AB118: 0 | AC118: 0 | AD118: 0 | AE118: 0 | AF118: 0 | AG118: 0 | AH118: 0 | AI118: 0 | AJ118: 0 | AK118: 0 | AL118: 0 | AM118: 0 | AN118: 0 | AO118: 0 | AP118: 0 | AQ118: =G118+J118+M118+P118+S118+V118+Y118+AB118+AE118+AH118+AK118+AN118 -> 12.8 | AR118: =H118+K118+N118+Q118+T118+W118+Z118+AC118+AF118+AI118+AL118+AO118 -> 32000 | AS118: 17
...

Sheet BECA SUPERIOR
A1: PROGRAMA SOCIAL "BECA EDUCACIÓN SUPERIOR"
A2: NO. | B2: DEPARTAMENTO | C2: MUNICIPIO | D2: UNIDAD DE MEDIDA | E2: PLANIFICACIÓN | G2: EJECUCIÓN 30 ENERO | J2: EJECUCIÓN 28 FEBRERO | M2: EJECUCIÓN 31 MARZO | P2: EJECUCIÓN 30 ABRIL | S2: EJECUCIÓN 31 MAYO | V2: EJECUCIÓN 30 JUNIO | Y2: EJECUCIÓN 31 JULIO | AB2: EJECUCIÓN 31 AGOSTO | AE2: EJECUCIÓN 30 SEPTIEMBRE | AH2: EJECUCIÓN 31 OCTUBRE | AK2: EJECUCIÓN 30 NOVIEMBRE | AN2: EJECUCIÓN 31 DICIEMBRE | AQ2: EJECUCIÓN TOTAL 2026
E3: FÍSICA | F3: FINANCIERA | G3: FÍSICA | H3: FINANCIERA | I3: Beneficiarios | J3: FÍSICA | K3: FINANCIERA | L3: Beneficiarios | M3: FÍSICA | N3: FINANCIERA | O3: Beneficiarios | P3: FÍSICA | Q3: FINANCIERA | R3: Beneficiarios | S3: FÍSICA | T3: FINANCIERA | U3: Beneficiarios | V3: FÍSICA | W3: FINANCIERA | X3: Beneficiarios | Y3: FÍSICA | Z3: FINANCIERA | AA3: Beneficiarios | AB3: FÍSICA | AC3: FINANCIERA | AD3: Beneficiarios | AE3: FÍSICA | AF3: FINANCIERA | AG3: Beneficiarios | AH3: FÍSICA | AI3: FINANCIERA | AJ3: Beneficiarios | AK3: FÍSICA | AL3: FINANCIERA | AM3: Beneficiarios | AN3: FÍSICA | AO3: FINANCIERA | AP3: Beneficiarios | AQ3: FÍSICA | AR3: FINANCIERA | AS3: Beneficiarios
A4: 1 | B4: ALTA VERAPAZ | C4: CAHABÓN | D4: Beca | P4: =Q4/2500 -> 8.64 | Q4: =R4*1800 -> 21600 | R4: 12 | S4: 0 | T4: 0 | U4: 0 | V4: 0 | W4: 0 | X4: 0 | Y4: 0 | Z4: 0 | AA4: 0 | AB4: 0 | AC4: 0 | AD4: 0 | AE4: 0 | AF4: 0 | AG4: 0 | AH4: 0 | AI4: 0 | AJ4: 0 | AK4: 0 | AL4: 0 | AM4: 0 | AN4: 0 | AO4: 0 | AP4: 0 | AQ4: =AR4/2500 -> 8.64 | AR4: =AS4*1800 -> 21600 | AS4: 12
A5: 2 | B5: ALTA VERAPAZ | C5: CHAHAL | P5: =Q5/2500 -> 0 | Q5: =R5*1800 -> 0 | R5: 0 | S5: 0 | T5: 0 | U5: 0 | V5: 0 | W5: 0 | X5: 0 | Y5: 0 | Z5: 0 | AA5: 0 | AB5: 0 | AC5: 0 | AD5: 0 | AE5: 0 | AF5: 0 | AG5: 0 | AH5: 0 | AI5: 0 | AJ5: 0 | AK5: 0 | AL5: 0 | AM5: 0 | AN5: 0 | AO5: 0 | AP5: 0 | AQ5: =AR5/2500 -> 0 | AR5: =AS5*1800 -> 0 | AS5: 0
A6: 3 | B6: ALTA VERAPAZ | C6: CHISEC | P6: =Q6/2500 -> 0 | Q6: =R6*1800 -> 0 | R6: 0 | S6: 0 | T6: 0 | U6: 0 | V6: 0 | W6: 0 | X6: 0 | Y6: 0 | Z6: 0 | AA6: 0 | AB6: 0 | AC6: 0 | AD6: 0 | AE6: 0 | AF6: 0 | AG6: 0 | AH6: 0 | AI6: 0 | AJ6: 0 | AK6: 0 | AL6: 0 | AM6: 0 | AN6: 0 | AO6: 0 | AP6: 0 | AQ6: =AR6/2500 -> 0 | AR6: =AS6*1800 -> 0 | AS6: 0
A7: 4 | B7: ALTA VERAPAZ | C7: COBÁN | P7: =Q7/2500 -> 10.08 | Q7: =R7*1800 -> 25200 | R7: 14 | S7: 0 | T7: 0 | U7: 0 | V7: 0 | W7: 0 | X7: 0 | Y7: 0 | Z7: 0 | AA7: 0 | AB7: 0 | AC7: 0 | AD7: 0 | AE7: 0 | AF7: 0 | AG7: 0 | AH7: 0 | AI7: 0 | AJ7: 0 | AK7: 0 | AL7: 0 | AM7: 0 | AN7: 0 | AO7: 0 | AP7: 0 | AQ7: =AR7/2500 -> 10.08 | AR7: =AS7*1800 -> 25200 | AS7: 14
A8: 5 | B8: ALTA VERAPAZ | C8: FRAY BARTOLOMÉ DE LAS CASAS | P8: =Q8/2500 -> 0 | Q8: =R8*1800 -> 0 | R8: 0 | S8: 0 | T8: 0 | U8: 0 | V8: 0 | W8: 0 | X8: 0 | Y8: 0 | Z8: 0 | AA8: 0 | AB8: 0 | AC8: 0 | AD8: 0 | AE8: 0 | AF8: 0 | AG8: 0 | AH8: 0 | AI8: 0 | AJ8: 0 | AK8: 0 | AL8: 0 | AM8: 0 | AN8: 0 | AO8: 0 | AP8: 0 | AQ8: =AR8/2500 -> 0 | AR8: =AS8*1800 -> 0 | AS8: 0
A9: 6 | B9: ALTA VERAPAZ | C9: LANQUÍN | P9: =Q9/2500 -> 5.04 | Q9: =R9*1800 -> 12600 | R9: 7 | S9: 0 | T9: 0 | U9: 0 | V9: 0 | W9: 0 | X9: 0 | Y9: 0 | Z9: 0 | AA9: 0 | AB9: 0 | AC9: 0 | AD9: 0 | AE9: 0 | AF9: 0 | AG9: 0 | AH9: 0 | AI9: 0 | AJ9: 0 | AK9: 0 | AL9: 0 | AM9: 0 | AN9: 0 | AO9: 0 | AP9: 0 | AQ9: =AR9/2500 -> 5.04 | AR9: =AS9*1800 -> 12600 | AS9: 7
A10: 7 | B10: ALTA VERAPAZ | C10: PANZÓS | P10: =Q10/2500 -> 0 | Q10: =R10*1800 -> 0 | R10: 0 | S10: 0 | T10: 0 | U10: 0 | V10: 0 | W10: 0 | X10: 0 | Y10: 0 | Z10: 0 | AA10: 0 | AB10: 0 | AC10: 0 | AD10: 0 | AE10: 0 | AF10: 0 | AG10: 0 | AH10: 0 | AI10: 0 | AJ10: 0 | AK10: 0 | AL10: 0 | AM10: 0 | AN10: 0 | AO10: 0 | AP10: 0 | AQ10: =AR10/2500 -> 0 | AR10: =AS10*1800 -> 0 | AS10: 0
A11: 8 | B11: ALTA VERAPAZ | C11: RAXRUHÁ | P11: =Q11/2500 -> 0 | Q11: =R11*1800 -> 0 | R11: 0 | S11: 0 | T11: 0 | U11: 0 | V11: 0 | W11: 0 | X11: 0 | Y11: 0 | Z11: 0 | AA11: 0 | AB11: 0 | AC11: 0 | AD11: 0 | AE11: 0 | AF11: 0 | AG11: 0 | AH11: 0 | AI11: 0 | AJ11: 0 | AK11: 0 | AL11: 0 | AM11: 0 | AN11: 0 | AO11: 0 | AP11: 0 | AQ11: =AR11/2500 -> 0 | AR11: =AS11*1800 -> 0 | AS11: 0
A12: 9 | B12: ALTA VERAPAZ | C12: SAN CRISTÓBAL VERAPAZ | P12: =Q12/2500 -> 2.16 | Q12: =R12*1800 -> 5400 | R12: 3 | S12: 0 | T12: 0 | U12: 0 | V12: 0 | W12: 0 | X12: 0 | Y12: 0 | Z12: 0 | AA12: 0 | AB12: 0 | AC12: 0 | AD12: 0 | AE12: 0 | AF12: 0 | AG12: 0 | AH12: 0 | AI12: 0 | AJ12: 0 | AK12: 0 | AL12: 0 | AM12: 0 | AN12: 0 | AO12: 0 | AP12: 0 | AQ12: =AR12/2500 -> 2.16 | AR12: =AS12*1800 -> 5400 | AS12: 3
A13: 10 | B13: ALTA VERAPAZ | C13: SAN JUAN CHAMELCO | P13: =Q13/2500 -> 0 | Q13: =R13*1800 -> 0 | R13: 0 | S13: 0 | T13: 0 | U13: 0 | V13: 0 | W13: 0 | X13: 0 | Y13: 0 | Z13: 0 | AA13: 0 | AB13: 0 | AC13: 0 | AD13: 0 | AE13: 0 | AF13: 0 | AG13: 0 | AH13: 0 | AI13: 0 | AJ13: 0 | AK13: 0 | AL13: 0 | AM13: 0 | AN13: 0 | AO13: 0 | AP13: 0 | AQ13: =AR13/2500 -> 0 | AR13: =AS13*1800 -> 0 | AS13: 0
A14: 11 | B14: ALTA VERAPAZ | C14: SAN PEDRO CARCHÁ | P14: =Q14/2500 -> 0.72 | Q14: =R14*1800 -> 1800 | R14: 1 | S14: 0 | T14: 0 | U14: 0 | V14: 0 | W14: 0 | X14: 0 | Y14: 0 | Z14: 0 | AA14: 0 | AB14: 0 | AC14: 0 | AD14: 0 | AE14: 0 | AF14: 0 | AG14: 0 | AH14: 0 | AI14: 0 | AJ14: 0 | AK14: 0 | AL14: 0 | AM14: 0 | AN14: 0 | AO14: 0 | AP14: 0 | AQ14: =AR14/2500 -> 0.72 | AR14: =AS14*1800 -> 1800 | AS14: 1
A15: 12 | B15: ALTA VERAPAZ | C15: SANTA CATALINA LA TINTA | P15: =Q15/2500 -> 0 | Q15: =R15*1800 -> 0 | R15: 0 | S15: 0 | T15: 0 | U15: 0 | V15: 0 | W15: 0 | X15: 0 | Y15: 0 | Z15: 0 | AA15: 0 | AB15: 0 | AC15: 0 | AD15: 0 | AE15: 0 | AF15: 0 | AG15: 0 | AH15: 0 | AI15: 0 | AJ15: 0 | AK15: 0 | AL15: 0 | AM15: 0 | AN15: 0 | AO15: 0 | AP15: 0 | AQ15: =AR15/2500 -> 0 | AR15: =AS15*1800 -> 0 | AS15: 0
A16: 13 | B16: ALTA VERAPAZ | C16: SANTA CRUZ VERAPAZ | P16: =Q16/2500 -> 2.16 | Q16: =R16*1800 -> 5400 | R16: 3 | S16: 0 | T16: 0 | U16: 0 | V16: 0 | W16: 0 | X16: 0 | Y16: 0 | Z16: 0 | AA16: 0 | AB16: 0 | AC16: 0 | AD16: 0 | AE16: 0 | AF16: 0 | AG16: 0 | AH16: 0 | AI16: 0 | AJ16: 0 | AK16: 0 | AL16: 0 | AM16: 0 | AN16: 0 | AO16: 0 | AP16: 0 | AQ16: =AR16/2500 -> 2.16 | AR16: =AS16*1800 -> 5400 | AS16: 3
... A20: 17 | B20: ALTA VERAPAZ | C20: TUCURÚ | P20: =Q20/2500 -> 0 | Q20: =R20*1800 -> 0 | R20: 0 | S20: 0 | T20: 0 | U20: 0 | V20: 0 | W20: 0 | X20: 0 | Y20: 0 | Z20: 0 | AA20: 0 | AB20: 0 | AC20: 0 | AD20: 0 | AE20: 0 | AF20: 0 | AG20: 0 | AH20: 0 | AI20: 0 | AJ20: 0 | AK20: 0 | AL20: 0 | AM20: 0 | AN20: 0 | AO20: 0 | AP20: 0 | AQ20: =AR20/2500 -> 0 | AR20: =AS20*1800 -> 0 | AS20: 0
A21: 18 | B21: BAJA VERAPAZ | C21: CUBULCO | D21: Beca | P21: =Q21/2500 -> 5.04 | Q21: =R21*1800 -> 12600 | R21: 7 | S21: 0 | T21: 0 | U21: 0 | V21: 0 | W21: 0 | X21: 0 | Y21: 0 | Z21: 0 | AA21: 0 | AB21: 0 | AC21: 0 | AD21: 0 | AE21: 0 | AF21: 0 | AG21: 0 | AH21: 0 | AI21: 0 | AJ21: 0 | AK21: 0 | AL21: 0 | AM21: 0 | AN21: 0 | AO21: 0 | AP21: 0 | AQ21: =AR21/2500 -> 5.04 | AR21: =AS21*1800 -> 12600 | AS21: 7
A22: 19 | B22: BAJA VERAPAZ | C22: EL CHOL | P22: =Q22/2500 -> 5.76 | Q22: =R22*1800 -> 14400 | R22: 8 | S22: 0 | T22: 0 | U22: 0 | V22: 0 | W22: 0 | X22: 0 | Y22: 0 | Z22: 0 | AA22: 0 | AB22: 0 | AC22: 0 | AD22: 0 | AE22: 0 | AF22: 0 | AG22: 0 | AH22: 0 | AI22: 0 | AJ22: 0 | AK22: 0 | AL22: 0 | AM22: 0 | AN22: 0 | AO22: 0 | AP22: 0 | AQ22: =AR22/2500 -> 5.76 | AR22: =AS22*1800 -> 14400 | AS22: 8
A23: 20 | B23: BAJA VERAPAZ | C23: GRANADOS | P23: =Q23/2500 -> 8.64 | Q23: =R23*1800 -> 21600 | R23: 12 | S23: 0 | T23: 0 | U23: 0 | V23: 0 | W23: 0 | X23: 0 | Y23: 0 | Z23: 0 | AA23: 0 | AB23: 0 | AC23: 0 | AD23: 0 | AE23: 0 | AF23: 0 | AG23: 0 | AH23: 0 | AI23: 0 | AJ23: 0 | AK23: 0 | AL23: 0 | AM23: 0 | AN23: 0 | AO23: 0 | AP23: 0 | AQ23: =AR23/2500 -> 8.64 | AR23: =AS23*1800 -> 21600 | AS23: 12
A24: 21 | B24: BAJA VERAPAZ | C24: PURULHÁ | P24: =Q24/2500 -> 7.92 | Q24: =R24*1800 -> 19800 | R24: 11 | S24: 0 | T24: 0 | U24: 0 | V24: 0 | W24: 0 | X24: 0 | Y24: 0 | Z24: 0 | AA24: 0 | AB24: 0 | AC24: 0 | AD24: 0 | AE24: 0 | AF24: 0 | AG24: 0 | AH24: 0 | AI24: 0 | AJ24: 0 | AK24: 0 | AL24: 0 | AM24: 0 | AN24: 0 | AO24: 0 | AP24: 0 | AQ24: =AR24/2500 -> 7.92 | AR24: =AS24*1800 -> 19800 | AS24: 11
A25: 22 | B25: BAJA VERAPAZ | C25: RABINAL | P25: =Q25/2500 -> 1.44 | Q25: =R25*1800 -> 3600 | R25: 2 | S25: 0 | T25: 0 | U25: 0 | V25: 0 | W25: 0 | X25: 0 | Y25: 0 | Z25: 0 | AA25: 0 | AB25: 0 | AC25: 0 | AD25: 0 | AE25: 0 | AF25: 0 | AG25: 0 | AH25: 0 | AI25: 0 | AJ25: 0 | AK25: 0 | AL25: 0 | AM25: 0 | AN25: 0 | AO25: 0 | AP25: 0 | AQ25: =AR25/2500 -> 1.44 | AR25: =AS25*1800 -> 3600 | AS25: 2
A26: 23 | B26: BAJA VERAPAZ | C26: SALAMÁ | P26: =Q26/2500 -> 6.48 | Q26: =R26*1800 -> 16200 | R26: 9 | S26: 0 | T26: 0 | U26: 0 | V26: 0 | W26: 0 | X26: 0 | Y26: 0 | Z26: 0 | AA26: 0 | AB26: 0 | AC26: 0 | AD26: 0 | AE26: 0 | AF26: 0 | AG26: 0 | AH26: 0 | AI26: 0 | AJ26: 0 | AK26: 0 | AL26: 0 | AM26: 0 | AN26: 0 | AO26: 0 | AP26: 0 | AQ26: =AR26/2500 -> 6.48 | AR26: =AS26*1800 -> 16200 | AS26: 9
A27: 24 | B27: BAJA VERAPAZ | C27: SAN JERÓNIMO | P27: =Q27/2500 -> 4.32 | Q27: =R27*1800 -> 10800 | R27: 6 | S27: 0 | T27: 0 | U27: 0 | V27: 0 | W27: 0 | X27: 0 | Y27: 0 | Z27: 0 | AA27: 0 | AB27: 0 | AC27: 0 | AD27: 0 | AE27: 0 | AF27: 0 | AG27: 0 | AH27: 0 | AI27: 0 | AJ27: 0 | AK27: 0 | AL27: 0 | AM27: 0 | AN27: 0 | AO27: 0 | AP27: 0 | AQ27: =AR27/2500 -> 4.32 | AR27: =AS27*1800 -> 10800 | AS27: 6
A28: 25 | B28: BAJA VERAPAZ | C28: SAN MIGUEL CHICAJ | P28: =Q28/2500 -> 3.6 | Q28: =R28*1800 -> 9000 | R28: 5 | S28: 0 | T28: 0 | U28: 0 | V28: 0 | W28: 0 | X28: 0 | Y28: 0 | Z28: 0 | AA28: 0 | AB28: 0 | AC28: 0 | AD28: 0 | AE28: 0 | AF28: 0 | AG28: 0 | AH28: 0 | AI28: 0 | AJ28: 0 | AK28: 0 | AL28: 0 | AM28: 0 | AN28: 0 | AO28: 0 | AP28: 0 | AQ28: =AR28/2500 -> 3.6 | AR28: =AS28*1800 -> 9000 | AS28: 5
A29: 26 | B29: CHIMALTENANGO | C29: ACATENANGO | P29: =Q29/2500 -> 1.44 | Q29: =R29*1800 -> 3600 | R29: 2 | S29: 0 | T29: 0 | U29: 0 | V29: 0 | W29: 0 | X29: 0 | Y29: 0 | Z29: 0 | AA29: 0 | AB29: 0 | AC29: 0 | AD29: 0 | AE29: 0 | AF29: 0 | AG29: 0 | AH29: 0 | AI29: 0 | AJ29: 0 | AK29: 0 | AL29: 0 | AM29: 0 | AN29: 0 | AO29: 0 | AP29: 0 | AQ29: =AR29/2500 -> 1.44 | AR29: =AS29*1800 -> 3600 | AS29: 2
A30: 27 | B30: CHIMALTENANGO | C30: CHIMALTENANGO | P30: =Q30/2500 -> 4.32 | Q30: =R30*1800 -> 10800 | R30: 6 | S30: 0 | T30: 0 | U30: 0 | V30: 0 | W30: 0 | X30: 0 | Y30: 0 | Z30: 0 | AA30: 0 | AB30: 0 | AC30: 0 | AD30: 0 | AE30: 0 | AF30: 0 | AG30: 0 | AH30: 0 | AI30: 0 | AJ30: 0 | AK30: 0 | AL30: 0 | AM30: 0 | AN30: 0 | AO30: 0 | AP30: 0 | AQ30: =AR30/2500 -> 4.32 | AR30: =AS30*1800 -> 10800 | AS30: 6
A31: 28 | B31: CHIMALTENANGO | C31: COMALAPA | P31: =Q31/2500 -> 6.48 | Q31: =R31*1800 -> 16200 | R31: 9 | S31: 0 | T31: 0 | U31: 0 | V31: 0 | W31: 0 | X31: 0 | Y31: 0 | Z31: 0 | AA31: 0 | AB31: 0 | AC31: 0 | AD31: 0 | AE31: 0 | AF31: 0 | AG31: 0 | AH31: 0 | AI31: 0 | AJ31: 0 | AK31: 0 | AL31: 0 | AM31: 0 | AN31: 0 | AO31: 0 | AP31: 0 | AQ31: =AR31/2500 -> 6.48 | AR31: =AS31*1800 -> 16200 | AS31: 9
A32: 29 | B32: CHIMALTENANGO | C32: EL TEJAR | P32: =Q32/2500 -> 2.16 | Q32: =R32*1800 -> 5400 | R32: 3 | S32: 0 | T32: 0 | U32: 0 | V32: 0 | W32: 0 | X32: 0 | Y32: 0 | Z32: 0 | AA32: 0 | AB32: 0 | AC32: 0 | AD32: 0 | AE32: 0 | AF32: 0 | AG32: 0 | AH32: 0 | AI32: 0 | AJ32: 0 | AK32: 0 | AL32: 0 | AM32: 0 | AN32: 0 | AO32: 0 | AP32: 0 | AQ32: =AR32/2500 -> 2.16 | AR32: =AS32*1800 -> 5400 | AS32: 3
A33: 30 | B33: CHIMALTENANGO | C33: PARRAMOS | P33: =Q33/2500 -> 2.16 | Q33: =R33*1800 -> 5400 | R33: 3 | S33: 0 | T33: 0 | U33: 0 | V33: 0 | W33: 0 | X33: 0 | Y33: 0 | Z33: 0 | AA33: 0 | AB33: 0 | AC33: 0 | AD33: 0 | AE33: 0 | AF33: 0 | AG33: 0 | AH33: 0 | AI33: 0 | AJ33: 0 | AK33: 0 | AL33: 0 | AM33: 0 | AN33: 0 | AO33: 0 | AP33: 0 | AQ33: =AR33/2500 -> 2.16 | AR33: =AS33*1800 -> 5400 | AS33: 3
... A37: 34 | B37: CHIMALTENANGO | C37: SAN ANDRÉS ITZAPA | P37: =Q37/2500 -> 1.44 | Q37: =R37*1800 -> 3600 | R37: 2 | S37: 0 | T37: 0 | U37: 0 | V37: 0 | W37: 0 | X37: 0 | Y37: 0 | Z37: 0 | AA37: 0 | AB37: 0 | AC37: 0 | AD37: 0 | AE37: 0 | AF37: 0 | AG37: 0 | AH37: 0 | AI37: 0 | AJ37: 0 | AK37: 0 | AL37: 0 | AM37: 0 | AN37: 0 | AO37: 0 | AP37: 0 | AQ37: =AR37/2500 -> 1.44 | AR37: =AS37*1800 -> 3600 | AS37: 2
A38: 35 | B38: CHIMALTENANGO | C38: SAN JOSÉ POAQUIL | D38: Beca | P38: =Q38/2500 -> 0.72 | Q38: =R38*1800 -> 1800 | R38: 1 | S38: 0 | T38: 0 | U38: 0 | V38: 0 | W38: 0 | X38: 0 | Y38: 0 | Z38: 0 | AA38: 0 | AB38: 0 | AC38: 0 | AD38: 0 | AE38: 0 | AF38: 0 | AG38: 0 | AH38: 0 | AI38: 0 | AJ38: 0 | AK38: 0 | AL38: 0 | AM38: 0 | AN38: 0 | AO38: 0 | AP38: 0 | AQ38: =AR38/2500 -> 0.72 | AR38: =AS38*1800 -> 1800 | AS38: 1
A39: 36 | B39: CHIMALTENANGO | C39: SAN MARTÍN JILOTEPEQUE | P39: =Q39/2500 -> 0 | Q39: =R39*1800 -> 0 | S39: 0 | T39: 0 | U39: 0 | V39: 0 | W39: 0 | X39: 0 | Y39: 0 | Z39: 0 | AA39: 0 | AB39: 0 | AC39: 0 | AD39: 0 | AE39: 0 | AF39: 0 | AG39: 0 | AH39: 0 | AI39: 0 | AJ39: 0 | AK39: 0 | AL39: 0 | AM39: 0 | AN39: 0 | AO39: 0 | AP39: 0 | AQ39: =AR39/2500 -> 0 | AR39: =AS39*1800 -> 0
A40: 37 | B40: CHIMALTENANGO | C40: SANTA APOLONIA | P40: =Q40/2500 -> 0.72 | Q40: =R40*1800 -> 1800 | R40: 1 | S40: 0 | T40: 0 | U40: 0 | V40: 0 | W40: 0 | X40: 0 | Y40: 0 | Z40: 0 | AA40: 0 | AB40: 0 | AC40: 0 | AD40: 0 | AE40: 0 | AF40: 0 | AG40: 0 | AH40: 0 | AI40: 0 | AJ40: 0 | AK40: 0 | AL40: 0 | AM40: 0 | AN40: 0 | AO40: 0 | AP40: 0 | AQ40: =AR40/2500 -> 0.72 | AR40: =AS40*1800 -> 1800 | AS40: 1
A41: 38 | B41: CHIMALTENANGO | C41: SANTA CRUZ BALANYÁ | P41: =Q41/2500 -> 1.44 | Q41: =R41*1800 -> 3600 | R41: 2 | S41: 0 | T41: 0 | U41: 0 | V41: 0 | W41: 0 | X41: 0 | Y41: 0 | Z41: 0 | AA41: 0 | AB41: 0 | AC41: 0 | AD41: 0 | AE41: 0 | AF41: 0 | AG41: 0 | AH41: 0 | AI41: 0 | AJ41: 0 | AK41: 0 | AL41: 0 | AM41: 0 | AN41: 0 | AO41: 0 | AP41: 0 | AQ41: =AR41/2500 -> 1.44 | AR41: =AS41*1800 -> 3600 | AS41: 2
A42: 39 | B42: CHIMALTENANGO | C42: TECPÁN GUATEMALA | P42: =Q42/2500 -> 2.16 | Q42: =R42*1800 -> 5400 | R42: 3 | S42: 0 | T42: 0 | U42: 0 | V42: 0 | W42: 0 | X42: 0 | Y42: 0 | Z42: 0 | AA42: 0 | AB42: 0 | AC42: 0 | AD42: 0 | AE42: 0 | AF42: 0 | AG42: 0 | AH42: 0 | AI42: 0 | AJ42: 0 | AK42: 0 | AL42: 0 | AM42: 0 | AN42: 0 | AO42: 0 | AP42: 0 | AQ42: =AR42/2500 -> 2.16 | AR42: =AS42*1800 -> 5400 | AS42: 3
A43: 40 | B43: CHIMALTENANGO | C43: YEPOCAPA | P43: =Q43/2500 -> 0 | Q43: =R43*1800 -> 0 | R43: 0 | S43: 0 | T43: 0 | U43: 0 | V43: 0 | W43: 0 | X43: 0 | Y43: 0 | Z43: 0 | AA43: 0 | AB43: 0 | AC43: 0 | AD43: 0 | AE43: 0 | AF43: 0 | AG43: 0 | AH43: 0 | AI43: 0 | AJ43: 0 | AK43: 0 | AL43: 0 | AM43: 0 | AN43: 0 | AO43: 0 | AP43: 0 | AQ43: =AR43/2500 -> 0 | AR43: =AS43*1800 -> 0 | AS43: 0
A44: 41 | B44: CHIMALTENANGO | C44: ZARAGOZA | P44: =Q44/2500 -> 3.6 | Q44: =R44*1800 -> 9000 | R44: 5 | S44: 0 | T44: 0 | U44: 0 | V44: 0 | W44: 0 | X44: 0 | Y44: 0 | Z44: 0 | AA44: 0 | AB44: 0 | AC44: 0 | AD44: 0 | AE44: 0 | AF44: 0 | AG44: 0 | AH44: 0 | AI44: 0 | AJ44: 0 | AK44: 0 | AL44: 0 | AM44: 0 | AN44: 0 | AO44: 0 | AP44: 0 | AQ44: =AR44/2500 -> 3.6 | AR44: =AS44*1800 -> 9000 | AS44: 5
A45: 42 | B45: CHIQUIMULA | C45: CAMOTÁN | P45: =Q45/2500 -> 0.72 | Q45: =R45*1800 -> 1800 | R45: 1 | S45: 0 | T45: 0 | U45: 0 | V45: 0 | W45: 0 | X45: 0 | Y45: 0 | Z45: 0 | AA45: 0 | AB45: 0 | AC45: 0 | AD45: 0 | AE45: 0 | AF45: 0 | AG45: 0 | AH45: 0 | AI45: 0 | AJ45: 0 | AK45: 0 | AL45: 0 | AM45: 0 | AN45: 0 | AO45: 0 | AP45: 0 | AQ45: =AR45/2500 -> 0.72 | AR45: =AS45*1800 -> 1800 | AS45: 1
A46: 43 | B46: CHIQUIMULA | C46: CHIQUIMULA | P46: =Q46/2500 -> 8.64 | Q46: =R46*1800 -> 21600 | R46: 12 | S46: 0 | T46: 0 | U46: 0 | V46: 0 | W46: 0 | X46: 0 | Y46: 0 | Z46: 0 | AA46: 0 | AB46: 0 | AC46: 0 | AD46: 0 | AE46: 0 | AF46: 0 | AG46: 0 | AH46: 0 | AI46: 0 | AJ46: 0 | AK46: 0 | AL46: 0 | AM46: 0 | AN46: 0 | AO46: 0 | AP46: 0 | AQ46: =AR46/2500 -> 8.64 | AR46: =AS46*1800 -> 21600 | AS46: 12
A47: 44 | B47: CHIQUIMULA | C47: CONCEPCIÓN LAS MINAS | P47: =Q47/2500 -> 0 | Q47: =R47*1800 -> 0 | S47: 0 | T47: 0 | U47: 0 | V47: 0 | W47: 0 | X47: 0 | Y47: 0 | Z47: 0 | AA47: 0 | AB47: 0 | AC47: 0 | AD47: 0 | AE47: 0 | AF47: 0 | AG47: 0 | AH47: 0 | AI47: 0 | AJ47: 0 | AK47: 0 | AL47: 0 | AM47: 0 | AN47: 0 | AO47: 0 | AP47: 0 | AQ47: =AR47/2500 -> 0 | AR47: =AS47*1800 -> 0
A48: 45 | B48: CHIQUIMULA | C48: ESQUIPULAS | P48: =Q48/2500 -> 0 | Q48: =R48*1800 -> 0 | S48: 0 | T48: 0 | U48: 0 | V48: 0 | W48: 0 | X48: 0 | Y48: 0 | Z48: 0 | AA48: 0 | AB48: 0 | AC48: 0 | AD48: 0 | AE48: 0 | AF48: 0 | AG48: 0 | AH48: 0 | AI48: 0 | AJ48: 0 | AK48: 0 | AL48: 0 | AM48: 0 | AN48: 0 | AO48: 0 | AP48: 0 | AQ48: =AR48/2500 -> 0 | AR48: =AS48*1800 -> 0
A49: 46 | B49: CHIQUIMULA | C49: IPALA | P49: =Q49/2500 -> 0.72 | Q49: =R49*1800 -> 1800 | R49: 1 | S49: 0 | T49: 0 | U49: 0 | V49: 0 | W49: 0 | X49: 0 | Y49: 0 | Z49: 0 | AA49: 0 | AB49: 0 | AC49: 0 | AD49: 0 | AE49: 0 | AF49: 0 | AG49: 0 | AH49: 0 | AI49: 0 | AJ49: 0 | AK49: 0 | AL49: 0 | AM49: 0 | AN49: 0 | AO49: 0 | AP49: 0 | AQ49: =AR49/2500 -> 0.72 | AR49: =AS49*1800 -> 1800 | AS49: 1
A50: 47 | B50: CHIQUIMULA | C50: JOCOTÁN | P50: =Q50/2500 -> 5.04 | Q50: =R50*1800 -> 12600 | R50: 7 | S50: 0 | T50: 0 | U50: 0 | V50: 0 | W50: 0 | X50: 0 | Y50: 0 | Z50: 0 | AA50: 0 | AB50: 0 | AC50: 0 | AD50: 0 | AE50: 0 | AF50: 0 | AG50: 0 | AH50: 0 | AI50: 0 | AJ50: 0 | AK50: 0 | AL50: 0 | AM50: 0 | AN50: 0 | AO50: 0 | AP50: 0 | AQ50: =AR50/2500 -> 5.04 | AR50: =AS50*1800 -> 12600 | AS50: 7
A51: 48 | B51: CHIQUIMULA | C51: OLOPA | P51: =Q51/2500 -> 1.44 | Q51: =R51*1800 -> 3600 | R51: 2 | S51: 0 | T51: 0 | U51: 0 | V51: 0 | W51: 0 | X51: 0 | Y51: 0 | Z51: 0 | AA51: 0 | AB51: 0 | AC51: 0 | AD51: 0 | AE51: 0 | AF51: 0 | AG51: 0 | AH51: 0 | AI51: 0 | AJ51: 0 | AK51: 0 | AL51: 0 | AM51: 0 | AN51: 0 | AO51: 0 | AP51: 0 | AQ51: =AR51/2500 -> 1.44 | AR51: =AS51*1800 -> 3600 | AS51: 2
A52: 49 | B52: CHIQUIMULA | C52: QUEZALTEPEQUE | P52: =Q52/2500 -> 3.6 | Q52: =R52*1800 -> 9000 | R52: 5 | S52: 0 | T52: 0 | U52: 0 | V52: 0 | W52: 0 | X52: 0 | Y52: 0 | Z52: 0 | AA52: 0 | AB52: 0 | AC52: 0 | AD52: 0 | AE52: 0 | AF52: 0 | AG52: 0 | AH52: 0 | AI52: 0 | AJ52: 0 | AK52: 0 | AL52: 0 | AM52: 0 | AN52: 0 | AO52: 0 | AP52: 0 | AQ52: =AR52/2500 -> 3.6 | AR52: =AS52*1800 -> 9000 | AS52: 5
A53: 50 | B53: CHIQUIMULA | C53: SAN JOSÉ LA ARADA | P53: =Q53/2500 -> 3.6 | Q53: =R53*1800 -> 9000 | R53: 5 | S53: 0 | T53: 0 | U53: 0 | V53: 0 | W53: 0 | X53: 0 | Y53: 0 | Z53: 0 | AA53: 0 | AB53: 0 | AC53: 0 | AD53: 0 | AE53: 0 | AF53: 0 | AG53: 0 | AH53: 0 | AI53: 0 | AJ53: 0 | AK53: 0 | AL53: 0 | AM53: 0 | AN53: 0 | AO53: 0 | AP53: 0 | AQ53: =AR53/2500 -> 3.6 | AR53: =AS53*1800 -> 9000 | AS53: 5
A54: 51 | B54: CHIQUIMULA | C54: SAN JACINTO | P54: =Q54/2500 -> 1.44 | Q54: =R54*1800 -> 3600 | R54: 2 | AQ54: =AR54/2500 -> 1.44 | AR54: =AS54*1800 -> 3600 | AS54: 2
A55: 51 | B55: CHIQUIMULA | C55: SAN JUAN ERMITA | P55: =Q55/2500 -> 0 | Q55: =R55*1800 -> 0 | R55: 0 | S55: 0 | T55: 0 | U55: 0 | V55: 0 | W55: 0 | X55: 0 | Y55: 0 | Z55: 0 | AA55: 0 | AB55: 0 | AC55: 0 | AD55: 0 | AE55: 0 | AF55: 0 | AG55: 0 | AH55: 0 | AI55: 0 | AJ55: 0 | AK55: 0 | AL55: 0 | AM55: 0 | AN55: 0 | AO55: 0 | AP55: 0 | AQ55: =AR55/2500 -> 0 | AR55: =AS55*1800 -> 0 | AS55: 0
A56: 52 | B56: EL PROGRESO | C56: EL JÍCARO | D56: Beca | P56: =Q56/2500 -> 0.72 | Q56: =R56*1800 -> 1800 | R56: 1 | S56: 0 | T56: 0 | U56: 0 | V56: 0 | W56: 0 | X56: 0 | Y56: 0 | Z56: 0 | AA56: 0 | AB56: 0 | AC56: 0 | AD56: 0 | AE56: 0 | AF56: 0 | AG56: 0 | AH56: 0 | AI56: 0 | AJ56: 0 | AK56: 0 | AL56: 0 | AM56: 0 | AN56: 0 | AO56: 0 | AP56: 0 | AQ56: =AR56/2500 -> 0.72 | AR56: =AS56*1800 -> 1800 | AS56: 1
A57: 53 | B57: EL PROGRESO | C57: GUASTATOYA | P57: =Q57/2500 -> 3.6 | Q57: =R57*1800 -> 9000 | R57: 5 | S57: 0 | T57: 0 | U57: 0 | V57: 0 | W57: 0 | X57: 0 | Y57: 0 | Z57: 0 | AA57: 0 | AB57: 0 | AC57: 0 | AD57: 0 | AE57: 0 | AF57: 0 | AG57: 0 | AH57: 0 | AI57: 0 | AJ57: 0 | AK57: 0 | AL57: 0 | AM57: 0 | AN57: 0 | AO57: 0 | AP57: 0 | AQ57: =AR57/2500 -> 3.6 | AR57: =AS57*1800 -> 9000 | AS57: 5
A58: 54 | B58: EL PROGRESO | C58: MORAZÁN | P58: =Q58/2500 -> 0.72 | Q58: =R58*1800 -> 1800 | R58: 1 | S58: 0 | T58: 0 | U58: 0 | V58: 0 | W58: 0 | X58: 0 | Y58: 0 | Z58: 0 | AA58: 0 | AB58: 0 | AC58: 0 | AD58: 0 | AE58: 0 | AF58: 0 | AG58: 0 | AH58: 0 | AI58: 0 | AJ58: 0 | AK58: 0 | AL58: 0 | AM58: 0 | AN58: 0 | AO58: 0 | AP58: 0 | AQ58: =AR58/2500 -> 0.72 | AR58: =AS58*1800 -> 1800 | AS58: 1
A59: 55 | B59: EL PROGRESO | C59: SAN AGUSTÍN ACASAGUASTLÁN | P59: =Q59/2500 -> 5.76 | Q59: =R59*1800 -> 14400 | R59: 8 | S59: 0 | T59: 0 | U59: 0 | V59: 0 | W59: 0 | X59: 0 | Y59: 0 | Z59: 0 | AA59: 0 | AB59: 0 | AC59: 0 | AD59: 0 | AE59: 0 | AF59: 0 | AG59: 0 | AH59: 0 | AI59: 0 | AJ59: 0 | AK59: 0 | AL59: 0 | AM59: 0 | AN59: 0 | AO59: 0 | AP59: 0 | AQ59: =AR59/2500 -> 5.76 | AR59: =AS59*1800 -> 14400 | AS59: 8
A60: 56 | B60: EL PROGRESO | C60: SAN ANTONIO LA PAZ | P60: =Q60/2500 -> 2.16 | Q60: =R60*1800 -> 5400 | R60: 3 | S60: 0 | T60: 0 | U60: 0 | V60: 0 | W60: 0 | X60: 0 | Y60: 0 | Z60: 0 | AA60: 0 | AB60: 0 | AC60: 0 | AD60: 0 | AE60: 0 | AF60: 0 | AG60: 0 | AH60: 0 | AI60: 0 | AJ60: 0 | AK60: 0 | AL60: 0 | AM60: 0 | AN60: 0 | AO60: 0 | AP60: 0 | AQ60: =AR60/2500 -> 2.16 | AR60: =AS60*1800 -> 5400 | AS60: 3
A61: 57 | B61: EL PROGRESO | C61: SAN CRISTÓBAL ACASAGUASTLÁN | P61: =Q61/2500 -> 2.16 | Q61: =R61*1800 -> 5400 | R61: 3 | S61: 0 | T61: 0 | U61: 0 | V61: 0 | W61: 0 | X61: 0 | Y61: 0 | Z61: 0 | AA61: 0 | AB61: 0 | AC61: 0 | AD61: 0 | AE61: 0 | AF61: 0 | AG61: 0 | AH61: 0 | AI61: 0 | AJ61: 0 | AK61: 0 | AL61: 0 | AM61: 0 | AN61: 0 | AO61: 0 | AP61: 0 | AQ61: =AR61/2500 -> 2.16 | AR61: =AS61*1800 -> 5400 | AS61: 3
A62: 58 | B62: EL PROGRESO | C62: SANARATE | P62: =Q62/2500 -> 15.12 | Q62: =R62*1800 -> 37800 | R62: 21 | S62: 0 | T62: 0 | U62: 0 | V62: 0 | W62: 0 | X62: 0 | Y62: 0 | Z62: 0 | AA62: 0 | AB62: 0 | AC62: 0 | AD62: 0 | AE62: 0 | AF62: 0 | AG62: 0 | AH62: 0 | AI62: 0 | AJ62: 0 | AK62: 0 | AL62: 0 | AM62: 0 | AN62: 0 | AO62: 0 | AP62: 0 | AQ62: =AR62/2500 -> 15.12 | AR62: =AS62*1800 -> 37800 | AS62: 21
A63: 59 | B63: EL PROGRESO | C63: SANSARE | P63: =Q63/2500 -> 5.76 | Q63: =R63*1800 -> 14400 | R63: 8 | S63: 0 | T63: 0 | U63: 0 | V63: 0 | W63: 0 | X63: 0 | Y63: 0 | Z63: 0 | AA63: 0 | AB63: 0 | AC63: 0 | AD63: 0 | AE63: 0 | AF63: 0 | AG63: 0 | AH63: 0 | AI63: 0 | AJ63: 0 | AK63: 0 | AL63: 0 | AM63: 0 | AN63: 0 | AO63: 0 | AP63: 0 | AQ63: =AR63/2500 -> 5.76 | AR63: =AS63*1800 -> 14400 | AS63: 8
A64: 60 | B64: ESCUINTLA | C64: ESCUINTLA | P64: =Q64/2500 -> 7.92 | Q64: =R64*1800 -> 19800 | R64: 11 | S64: 0 | T64: 0 | U64: 0 | V64: 0 | W64: 0 | X64: 0 | Y64: 0 | Z64: 0 | AA64: 0 | AB64: 0 | AC64: 0 | AD64: 0 | AE64: 0 | AF64: 0 | AG64: 0 | AH64: 0 | AI64: 0 | AJ64: 0 | AK64: 0 | AL64: 0 | AM64: 0 | AN64: 0 | AO64: 0 | AP64: 0 | AQ64: =AR64/2500 -> 7.92 | AR64: =AS64*1800 -> 19800 | AS64: 11
A65: 61 | B65: ESCUINTLA | C65: GUANAGAZAPA | P65: =Q65/2500 -> 1.44 | Q65: =R65*1800 -> 3600 | R65: 2 | S65: 0 | T65: 0 | U65: 0 | V65: 0 | W65: 0 | X65: 0 | Y65: 0 | Z65: 0 | AA65: 0 | AB65: 0 | AC65: 0 | AD65: 0 | AE65: 0 | AF65: 0 | AG65: 0 | AH65: 0 | AI65: 0 | AJ65: 0 | AK65: 0 | AL65: 0 | AM65: 0 | AN65: 0 | AO65: 0 | AP65: 0 | AQ65: =AR65/2500 -> 1.44 | AR65: =AS65*1800 -> 3600 | AS65: 2
A66: 62 | B66: ESCUINTLA | C66: IZTAPA | P66: =Q66/2500 -> 2.16 | Q66: =R66*1800 -> 5400 | R66: 3 | S66: 0 | T66: 0 | U66: 0 | V66: 0 | W66: 0 | X66: 0 | Y66: 0 | Z66: 0 | AA66: 0 | AB66: 0 | AC66: 0 | AD66: 0 | AE66: 0 | AF66: 0 | AG66: 0 | AH66: 0 | AI66: 0 | AJ66: 0 | AK66: 0 | AL66: 0 | AM66: 0 | AN66: 0 | AO66: 0 | AP66: 0 | AQ66: =AR66/2500 -> 2.16 | AR66: =AS66*1800 -> 5400 | AS66: 3
A67: 63 | B67: ESCUINTLA | C67: LA DEMOCRACIA | P67: =Q67/2500 -> 5.76 | Q67: =R67*1800 -> 14400 | R67: 8 | S67: 0 | T67: 0 | U67: 0 | V67: 0 | W67: 0 | X67: 0 | Y67: 0 | Z67: 0 | AA67: 0 | AB67: 0 | AC67: 0 | AD67: 0 | AE67: 0 | AF67: 0 | AG67: 0 | AH67: 0 | AI67: 0 | AJ67: 0 | AK67: 0 | AL67: 0 | AM67: 0 | AN67: 0 | AO67: 0 | AP67: 0 | AQ67: =AR67/2500 -> 5.76 | AR67: =AS67*1800 -> 14400 | AS67: 8
A68: 64 | B68: ESCUINTLA | C68: LA GOMERA | P68: =Q68/2500 -> 5.76 | Q68: =R68*1800 -> 14400 | R68: 8 | S68: 0 | T68: 0 | U68: 0 | V68: 0 | W68: 0 | X68: 0 | Y68: 0 | Z68: 0 | AA68: 0 | AB68: 0 | AC68: 0 | AD68: 0 | AE68: 0 | AF68: 0 | AG68: 0 | AH68: 0 | AI68: 0 | AJ68: 0 | AK68: 0 | AL68: 0 | AM68: 0 | AN68: 0 | AO68: 0 | AP68: 0 | AQ68: =AR68/2500 -> 5.76 | AR68: =AS68*1800 -> 14400 | AS68: 8
... A72: 68 | B72: ESCUINTLA | C72: SAN JOSÉ | P72: =Q72/2500 -> 5.76 | Q72: =R72*1800 -> 14400 | R72: 8 | S72: 0 | T72: 0 | U72: 0 | V72: 0 | W72: 0 | X72: 0 | Y72: 0 | Z72: 0 | AA72: 0 | AB72: 0 | AC72: 0 | AD72: 0 | AE72: 0 | AF72: 0 | AG72: 0 | AH72: 0 | AI72: 0 | AJ72: 0 | AK72: 0 | AL72: 0 | AM72: 0 | AN72: 0 | AO72: 0 | AP72: 0 | AQ72: =AR72/2500 -> 5.76 | AR72: =AS72*1800 -> 14400 | AS72: 8
A73: 69 | B73: ESCUINTLA | C73: SAN VICENTE PACAYA | D73: Beca | P73: =Q73/2500 -> 8.64 | Q73: =R73*1800 -> 21600 | R73: 12 | S73: 0 | T73: 0 | U73: 0 | V73: 0 | W73: 0 | X73: 0 | Y73: 0 | Z73: 0 | AA73: 0 | AB73: 0 | AC73: 0 | AD73: 0 | AE73: 0 | AF73: 0 | AG73: 0 | AH73: 0 | AI73: 0 | AJ73: 0 | AK73: 0 | AL73: 0 | AM73: 0 | AN73: 0 | AO73: 0 | AP73: 0 | AQ73: =AR73/2500 -> 8.64 | AR73: =AS73*1800 -> 21600 | AS73: 12
A74: 70 | B74: ESCUINTLA | C74: SANTA LUCÍA COTZUMALGUAPA | P74: =Q74/2500 -> 7.92 | Q74: =R74*1800 -> 19800 | R74: 11 | S74: 0 | T74: 0 | U74: 0 | V74: 0 | W74: 0 | X74: 0 | Y74: 0 | Z74: 0 | AA74: 0 | AB74: 0 | AC74: 0 | AD74: 0 | AE74: 0 | AF74: 0 | AG74: 0 | AH74: 0 | AI74: 0 | AJ74: 0 | AK74: 0 | AL74: 0 | AM74: 0 | AN74: 0 | AO74: 0 | AP74: 0 | AQ74: =AR74/2500 -> 7.92 | AR74: =AS74*1800 -> 19800 | AS74: 11
A75: 71 | B75: ESCUINTLA | C75: SIPACATE | P75: =Q75/2500 -> 2.88 | Q75: =R75*1800 -> 7200 | R75: 4 | S75: 0 | T75: 0 | U75: 0 | V75: 0 | W75: 0 | X75: 0 | Y75: 0 | Z75: 0 | AA75: 0 | AB75: 0 | AC75: 0 | AD75: 0 | AE75: 0 | AF75: 0 | AG75: 0 | AH75: 0 | AI75: 0 | AJ75: 0 | AK75: 0 | AL75: 0 | AM75: 0 | AN75: 0 | AO75: 0 | AP75: 0 | AQ75: =AR75/2500 -> 2.88 | AR75: =AS75*1800 -> 7200 | AS75: 4
A76: 72 | B76: ESCUINTLA | C76: SIQUINALÁ | P76: =Q76/2500 -> 5.04 | Q76: =R76*1800 -> 12600 | R76: 7 | S76: 0 | T76: 0 | U76: 0 | V76: 0 | W76: 0 | X76: 0 | Y76: 0 | Z76: 0 | AA76: 0 | AB76: 0 | AC76: 0 | AD76: 0 | AE76: 0 | AF76: 0 | AG76: 0 | AH76: 0 | AI76: 0 | AJ76: 0 | AK76: 0 | AL76: 0 | AM76: 0 | AN76: 0 | AO76: 0 | AP76: 0 | AQ76: =AR76/2500 -> 5.04 | AR76: =AS76*1800 -> 12600 | AS76: 7
A77: 73 | B77: ESCUINTLA | C77: TIQUISATE | P77: =Q77/2500 -> 2.16 | Q77: =R77*1800 -> 5400 | R77: 3 | S77: 0 | T77: 0 | U77: 0 | V77: 0 | W77: 0 | X77: 0 | Y77: 0 | Z77: 0 | AA77: 0 | AB77: 0 | AC77: 0 | AD77: 0 | AE77: 0 | AF77: 0 | AG77: 0 | AH77: 0 | AI77: 0 | AJ77: 0 | AK77: 0 | AL77: 0 | AM77: 0 | AN77: 0 | AO77: 0 | AP77: 0 | AQ77: =AR77/2500 -> 2.16 | AR77: =AS77*1800 -> 5400 | AS77: 3
A78: 74 | B78: GUATEMALA | C78: AMATITLÁN | P78: =Q78/2500 -> 3.6 | Q78: =R78*1800 -> 9000 | R78: 5 | S78: 0 | T78: 0 | U78: 0 | V78: 0 | W78: 0 | X78: 0 | Y78: 0 | Z78: 0 | AA78: 0 | AB78: 0 | AC78: 0 | AD78: 0 | AE78: 0 | AF78: 0 | AG78: 0 | AH78: 0 | AI78: 0 | AJ78: 0 | AK78: 0 | AL78: 0 | AM78: 0 | AN78: 0 | AO78: 0 | AP78: 0 | AQ78: =AR78/2500 -> 3.6 | AR78: =AS78*1800 -> 9000 | AS78: 5
A79: 75 | B79: GUATEMALA | C79: CHINAUTLA | P79: =Q79/2500 -> 2.16 | Q79: =R79*1800 -> 5400 | R79: 3 | S79: 0 | T79: 0 | U79: 0 | V79: 0 | W79: 0 | X79: 0 | Y79: 0 | Z79: 0 | AA79: 0 | AB79: 0 | AC79: 0 | AD79: 0 | AE79: 0 | AF79: 0 | AG79: 0 | AH79: 0 | AI79: 0 | AJ79: 0 | AK79: 0 | AL79: 0 | AM79: 0 | AN79: 0 | AO79: 0 | AP79: 0 | AQ79: =AR79/2500 -> 2.16 | AR79: =AS79*1800 -> 5400 | AS79: 3
A80: 76 | B80: GUATEMALA | C80: CHUARRANCHO | P80: =Q80/2500 -> 0 | Q80: =R80*1800 -> 0 | S80: 0 | T80: 0 | U80: 0 | V80: 0 | W80: 0 | X80: 0 | Y80: 0 | Z80: 0 | AA80: 0 | AB80: 0 | AC80: 0 | AD80: 0 | AE80: 0 | AF80: 0 | AG80: 0 | AH80: 0 | AI80: 0 | AJ80: 0 | AK80: 0 | AL80: 0 | AM80: 0 | AN80: 0 | AO80: 0 | AP80: 0 | AQ80: =AR80/2500 -> 0 | AR80: =AS80*1800 -> 0
A81: 77 | B81: GUATEMALA | C81: FRAIJANES | P81: =Q81/2500 -> 2.88 | Q81: =R81*1800 -> 7200 | R81: 4 | S81: 0 | T81: 0 | U81: 0 | V81: 0 | W81: 0 | X81: 0 | Y81: 0 | Z81: 0 | AA81: 0 | AB81: 0 | AC81: 0 | AD81: 0 | AE81: 0 | AF81: 0 | AG81: 0 | AH81: 0 | AI81: 0 | AJ81: 0 | AK81: 0 | AL81: 0 | AM81: 0 | AN81: 0 | AO81: 0 | AP81: 0 | AQ81: =AR81/2500 -> 2.88 | AR81: =AS81*1800 -> 7200 | AS81: 4
A82: 78 | B82: GUATEMALA | C82: GUATEMALA | P82: =Q82/2500 -> 4.32 | Q82: =R82*1800 -> 10800 | R82: 6 | S82: 0 | T82: 0 | U82: 0 | V82: 0 | W82: 0 | X82: 0 | Y82: 0 | Z82: 0 | AA82: 0 | AB82: 0 | AC82: 0 | AD82: 0 | AE82: 0 | AF82: 0 | AG82: 0 | AH82: 0 | AI82: 0 | AJ82: 0 | AK82: 0 | AL82: 0 | AM82: 0 | AN82: 0 | AO82: 0 | AP82: 0 | AQ82: =AR82/2500 -> 4.32 | AR82: =AS82*1800 -> 10800 | AS82: 6
A83: 79 | B83: GUATEMALA | C83: MIXCO | P83: =Q83/2500 -> 2.16 | Q83: =R83*1800 -> 5400 | R83: 3 | S83: 0 | T83: 0 | U83: 0 | V83: 0 | W83: 0 | X83: 0 | Y83: 0 | Z83: 0 | AA83: 0 | AB83: 0 | AC83: 0 | AD83: 0 | AE83: 0 | AF83: 0 | AG83: 0 | AH83: 0 | AI83: 0 | AJ83: 0 | AK83: 0 | AL83: 0 | AM83: 0 | AN83: 0 | AO83: 0 | AP83: 0 | AQ83: =AR83/2500 -> 2.16 | AR83: =AS83*1800 -> 5400 | AS83: 3
A84: 80 | B84: GUATEMALA | C84: PALENCIA | P84: =Q84/2500 -> 7.92 | Q84: =R84*1800 -> 19800 | R84: 11 | S84: 0 | T84: 0 | U84: 0 | V84: 0 | W84: 0 | X84: 0 | Y84: 0 | Z84: 0 | AA84: 0 | AB84: 0 | AC84: 0 | AD84: 0 | AE84: 0 | AF84: 0 | AG84: 0 | AH84: 0 | AI84: 0 | AJ84: 0 | AK84: 0 | AL84: 0 | AM84: 0 | AN84: 0 | AO84: 0 | AP84: 0 | AQ84: =AR84/2500 -> 7.92 | AR84: =AS84*1800 -> 19800 | AS84: 11
A85: 81 | B85: GUATEMALA | C85: SAN JOSÉ DEL GOLFO | P85: =Q85/2500 -> 2.88 | Q85: =R85*1800 -> 7200 | R85: 4 | S85: 0 | T85: 0 | U85: 0 | V85: 0 | W85: 0 | X85: 0 | Y85: 0 | Z85: 0 | AA85: 0 | AB85: 0 | AC85: 0 | AD85: 0 | AE85: 0 | AF85: 0 | AG85: 0 | AH85: 0 | AI85: 0 | AJ85: 0 | AK85: 0 | AL85: 0 | AM85: 0 | AN85: 0 | AO85: 0 | AP85: 0 | AQ85: =AR85/2500 -> 2.88 | AR85: =AS85*1800 -> 7200 | AS85: 4
A86: 82 | B86: GUATEMALA | C86: SAN JOSÉ PINULA | P86: =Q86/2500 -> 1.44 | Q86: =R86*1800 -> 3600 | R86: 2 | S86: 0 | T86: 0 | U86: 0 | V86: 0 | W86: 0 | X86: 0 | Y86: 0 | Z86: 0 | AA86: 0 | AB86: 0 | AC86: 0 | AD86: 0 | AE86: 0 | AF86: 0 | AG86: 0 | AH86: 0 | AI86: 0 | AJ86: 0 | AK86: 0 | AL86: 0 | AM86: 0 | AN86: 0 | AO86: 0 | AP86: 0 | AQ86: =AR86/2500 -> 1.44 | AR86: =AS86*1800 -> 3600 | AS86: 2
A87: 83 | B87: GUATEMALA | C87: SAN JUAN SACATEPÉQUEZ | P87: =Q87/2500 -> 5.04 | Q87: =R87*1800 -> 12600 | R87: 7 | S87: 0 | T87: 0 | U87: 0 | V87: 0 | W87: 0 | X87: 0 | Y87: 0 | Z87: 0 | AA87: 0 | AB87: 0 | AC87: 0 | AD87: 0 | AE87: 0 | AF87: 0 | AG87: 0 | AH87: 0 | AI87: 0 | AJ87: 0 | AK87: 0 | AL87: 0 | AM87: 0 | AN87: 0 | AO87: 0 | AP87: 0 | AQ87: =AR87/2500 -> 5.04 | AR87: =AS87*1800 -> 12600 | AS87: 7
A88: 84 | B88: GUATEMALA | C88: SAN MIGUEL PETAPA | P88: =Q88/2500 -> 3.6 | Q88: =R88*1800 -> 9000 | R88: 5 | S88: 0 | T88: 0 | U88: 0 | V88: 0 | W88: 0 | X88: 0 | Y88: 0 | Z88: 0 | AA88: 0 | AB88: 0 | AC88: 0 | AD88: 0 | AE88: 0 | AF88: 0 | AG88: 0 | AH88: 0 | AI88: 0 | AJ88: 0 | AK88: 0 | AL88: 0 | AM88: 0 | AN88: 0 | AO88: 0 | AP88: 0 | AQ88: =AR88/2500 -> 3.6 | AR88: =AS88*1800 -> 9000 | AS88: 5
A89: 85 | B89: GUATEMALA | C89: SAN PEDRO AYAMPUC | P89: =Q89/2500 -> 0 | Q89: =R89*1800 -> 0 | S89: 0 | T89: 0 | U89: 0 | V89: 0 | W89: 0 | X89: 0 | Y89: 0 | Z89: 0 | AA89: 0 | AB89: 0 | AC89: 0 | AD89: 0 | AE89: 0 | AF89: 0 | AG89: 0 | AH89: 0 | AI89: 0 | AJ89: 0 | AK89: 0 | AL89: 0 | AM89: 0 | AN89: 0 | AO89: 0 | AP89: 0 | AQ89: =AR89/2500 -> 0 | AR89: =AS89*1800 -> 0
A90: 86 | B90: GUATEMALA | C90: SAN PEDRO SACATEPÉQUEZ | D90: Beca | P90: =Q90/2500 -> 9.36 | Q90: =R90*1800 -> 23400 | R90: 13 | S90: 0 | T90: 0 | U90: 0 | V90: 0 | W90: 0 | X90: 0 | Y90: 0 | Z90: 0 | AA90: 0 | AB90: 0 | AC90: 0 | AD90: 0 | AE90: 0 | AF90: 0 | AG90: 0 | AH90: 0 | AI90: 0 | AJ90: 0 | AK90: 0 | AL90: 0 | AM90: 0 | AN90: 0 | AO90: 0 | AP90: 0 | AQ90: =AR90/2500 -> 9.36 | AR90: =AS90*1800 -> 23400 | AS90: 13
A91: 87 | B91: GUATEMALA | C91: SAN RAYMUNDO | P91: =Q91/2500 -> 3.6 | Q91: =R91*1800 -> 9000 | R91: 5 | S91: 0 | T91: 0 | U91: 0 | V91: 0 | W91: 0 | X91: 0 | Y91: 0 | Z91: 0 | AA91: 0 | AB91: 0 | AC91: 0 | AD91: 0 | AE91: 0 | AF91: 0 | AG91: 0 | AH91: 0 | AI91: 0 | AJ91: 0 | AK91: 0 | AL91: 0 | AM91: 0 | AN91: 0 | AO91: 0 | AP91: 0 | AQ91: =AR91/2500 -> 3.6 | AR91: =AS91*1800 -> 9000 | AS91: 5
A92: 88 | B92: GUATEMALA | C92: SANTA CATARINA PINULA | P92: =Q92/2500 -> 4.32 | Q92: =R92*1800 -> 10800 | R92: 6 | S92: 0 | T92: 0 | U92: 0 | V92: 0 | W92: 0 | X92: 0 | Y92: 0 | Z92: 0 | AA92: 0 | AB92: 0 | AC92: 0 | AD92: 0 | AE92: 0 | AF92: 0 | AG92: 0 | AH92: 0 | AI92: 0 | AJ92: 0 | AK92: 0 | AL92: 0 | AM92: 0 | AN92: 0 | AO92: 0 | AP92: 0 | AQ92: =AR92/2500 -> 4.32 | AR92: =AS92*1800 -> 10800 | AS92: 6
A93: 89 | B93: GUATEMALA | C93: VILLA CANALES | P93: =Q93/2500 -> 2.88 | Q93: =R93*1800 -> 7200 | R93: 4 | S93: 0 | T93: 0 | U93: 0 | V93: 0 | W93: 0 | X93: 0 | Y93: 0 | Z93: 0 | AA93: 0 | AB93: 0 | AC93: 0 | AD93: 0 | AE93: 0 | AF93: 0 | AG93: 0 | AH93: 0 | AI93: 0 | AJ93: 0 | AK93: 0 | AL93: 0 | AM93: 0 | AN93: 0 | AO93: 0 | AP93: 0 | AQ93: =AR93/2500 -> 2.88 | AR93: =AS93*1800 -> 7200 | AS93: 4
A94: 90 | B94: GUATEMALA | C94: VILLA NUEVA | P94: =Q94/2500 -> 23.04 | Q94: =R94*1800 -> 57600 | R94: 32 | S94: 0 | T94: 0 | U94: 0 | V94: 0 | W94: 0 | X94: 0 | Y94: 0 | Z94: 0 | AA94: 0 | AB94: 0 | AC94: 0 | AD94: 0 | AE94: 0 | AF94: 0 | AG94: 0 | AH94: 0 | AI94: 0 | AJ94: 0 | AK94: 0 | AL94: 0 | AM94: 0 | AN94: 0 | AO94: 0 | AP94: 0 | AQ94: =AR94/2500 -> 23.04 | AR94: =AS94*1800 -> 57600 | AS94: 32
A95: 91 | B95: HUEHUETENANGO | C95: AGUACATÁN | P95: =Q95/2500 -> 2.88 | Q95: =R95*1800 -> 7200 | R95: 4 | S95: 0 | T95: 0 | U95: 0 | V95: 0 | W95: 0 | X95: 0 | Y95: 0 | Z95: 0 | AA95: 0 | AB95: 0 | AC95: 0 | AD95: 0 | AE95: 0 | AF95: 0 | AG95: 0 | AH95: 0 | AI95: 0 | AJ95: 0 | AK95: 0 | AL95: 0 | AM95: 0 | AN95: 0 | AO95: 0 | AP95: 0 | AQ95: =AR95/2500 -> 2.88 | AR95: =AS95*1800 -> 7200 | AS95: 4
A96: 92 | B96: HUEHUETENANGO | C96: BARILLAS | P96: =Q96/2500 -> 2.16 | Q96: =R96*1800 -> 5400 | R96: 3 | S96: 0 | T96: 0 | U96: 0 | V96: 0 | W96: 0 | X96: 0 | Y96: 0 | Z96: 0 | AA96: 0 | AB96: 0 | AC96: 0 | AD96: 0 | AE96: 0 | AF96: 0 | AG96: 0 | AH96: 0 | AI96: 0 | AJ96: 0 | AK96: 0 | AL96: 0 | AM96: 0 | AN96: 0 | AO96: 0 | AP96: 0 | AQ96: =AR96/2500 -> 2.16 | AR96: =AS96*1800 -> 5400 | AS96: 3
A97: 93 | B97: HUEHUETENANGO | C97: CHIANTLA | P97: =Q97/2500 -> 0.72 | Q97: =R97*1800 -> 1800 | R97: 1 | S97: 0 | T97: 0 | U97: 0 | V97: 0 | W97: 0 | X97: 0 | Y97: 0 | Z97: 0 | AA97: 0 | AB97: 0 | AC97: 0 | AD97: 0 | AE97: 0 | AF97: 0 | AG97: 0 | AH97: 0 | AI97: 0 | AJ97: 0 | AK97: 0 | AL97: 0 | AM97: 0 | AN97: 0 | AO97: 0 | AP97: 0 | AQ97: =AR97/2500 -> 0.72 | AR97: =AS97*1800 -> 1800 | AS97: 1
A98: 94 | B98: HUEHUETENANGO | C98: COLOTENANGO | P98: =Q98/2500 -> 2.88 | Q98: =R98*1800 -> 7200 | R98: 4 | S98: 0 | T98: 0 | U98: 0 | V98: 0 | W98: 0 | X98: 0 | Y98: 0 | Z98: 0 | AA98: 0 | AB98: 0 | AC98: 0 | AD98: 0 | AE98: 0 | AF98: 0 | AG98: 0 | AH98: 0 | AI98: 0 | AJ98: 0 | AK98: 0 | AL98: 0 | AM98: 0 | AN98: 0 | AO98: 0 | AP98: 0 | AQ98: =AR98/2500 -> 2.88 | AR98: =AS98*1800 -> 7200 | AS98: 4
A99: 95 | B99: HUEHUETENANGO | C99: CONCEPCIÓN HUISTA | P99: =Q99/2500 -> 2.16 | Q99: =R99*1800 -> 5400 | R99: 3 | S99: 0 | T99: 0 | U99: 0 | V99: 0 | W99: 0 | X99: 0 | Y99: 0 | Z99: 0 | AA99: 0 | AB99: 0 | AC99: 0 | AD99: 0 | AE99: 0 | AF99: 0 | AG99: 0 | AH99: 0 | AI99: 0 | AJ99: 0 | AK99: 0 | AL99: 0 | AM99: 0 | AN99: 0 | AO99: 0 | AP99: 0 | AQ99: =AR99/2500 -> 2.16 | AR99: =AS99*1800 -> 5400 | AS99: 3
A100: 96 | B100: HUEHUETENANGO | C100: CUILCO | P100: =Q100/2500 -> 2.16 | Q100: =R100*1800 -> 5400 | R100: 3 | S100: 0 | T100: 0 | U100: 0 | V100: 0 | W100: 0 | X100: 0 | Y100: 0 | Z100: 0 | AA100: 0 | AB100: 0 | AC100: 0 | AD100: 0 | AE100: 0 | AF100: 0 | AG100: 0 | AH100: 0 | AI100: 0 | AJ100: 0 | AK100: 0 | AL100: 0 | AM100: 0 | AN100: 0 | AO100: 0 | AP100: 0 | AQ100: =AR100/2500 -> 2.16 | AR100: =AS100*1800 -> 5400 | AS100: 3
A101: 97 | B101: HUEHUETENANGO | C101: HUEHUETENANGO | P101: =Q101/2500 -> 1.44 | Q101: =R101*1800 -> 3600 | R101: 2 | S101: 0 | T101: 0 | U101: 0 | V101: 0 | W101: 0 | X101: 0 | Y101: 0 | Z101: 0 | AA101: 0 | AB101: 0 | AC101: 0 | AD101: 0 | AE101: 0 | AF101: 0 | AG101: 0 | AH101: 0 | AI101: 0 | AJ101: 0 | AK101: 0 | AL101: 0 | AM101: 0 | AN101: 0 | AO101: 0 | AP101: 0 | AQ101: =AR101/2500 -> 1.44 | AR101: =AS101*1800 -> 3600 | AS101: 2
A102: 98 | B102: HUEHUETENANGO | C102: JACALTENANGO | P102: =Q102/2500 -> 2.16 | Q102: =R102*1800 -> 5400 | R102: 3 | S102: 0 | T102: 0 | U102: 0 | V102: 0 | W102: 0 | X102: 0 | Y102: 0 | Z102: 0 | AA102: 0 | AB102: 0 | AC102: 0 | AD102: 0 | AE102: 0 | AF102: 0 | AG102: 0 | AH102: 0 | AI102: 0 | AJ102: 0 | AK102: 0 | AL102: 0 | AM102: 0 | AN102: 0 | AO102: 0 | AP102: 0 | AQ102: =AR102/2500 -> 2.16 | AR102: =AS102*1800 -> 5400 | AS102: 3
A103: 99 | B103: HUEHUETENANGO | C103: LA DEMOCRACIA | P103: =Q103/2500 -> 0 | Q103: =R103*1800 -> 0 | S103: 0 | T103: 0 | U103: 0 | V103: 0 | W103: 0 | X103: 0 | Y103: 0 | Z103: 0 | AA103: 0 | AB103: 0 | AC103: 0 | AD103: 0 | AE103: 0 | AF103: 0 | AG103: 0 | AH103: 0 | AI103: 0 | AJ103: 0 | AK103: 0 | AL103: 0 | AM103: 0 | AN103: 0 | AO103: 0 | AP103: 0 | AQ103: =AR103/2500 -> 0 | AR103: =AS103*1800 -> 0
A104: 100 | B104: HUEHUETENANGO | C104: LA LIBERTAD | P104: =Q104/2500 -> 1.44 | Q104: =R104*1800 -> 3600 | R104: 2 | S104: 0 | T104: 0 | U104: 0 | V104: 0 | W104: 0 | X104: 0 | Y104: 0 | Z104: 0 | AA104: 0 | AB104: 0 | AC104: 0 | AD104: 0 | AE104: 0 | AF104: 0 | AG104: 0 | AH104: 0 | AI104: 0 | AJ104: 0 | AK104: 0 | AL104: 0 | AM104: 0 | AN104: 0 | AO104: 0 | AP104: 0 | AQ104: =AR104/2500 -> 1.44 | AR104: =AS104*1800 -> 3600 | AS104: 2
A105: 101 | B105: HUEHUETENANGO | C105: MALACATANCITO | P105: =Q105/2500 -> 0 | Q105: =R105*1800 -> 0 | S105: 0 | T105: 0 | U105: 0 | V105: 0 | W105: 0 | X105: 0 | Y105: 0 | Z105: 0 | AA105: 0 | AB105: 0 | AC105: 0 | AD105: 0 | AE105: 0 | AF105: 0 | AG105: 0 | AH105: 0 | AI105: 0 | AJ105: 0 | AK105: 0 | AL105: 0 | AM105: 0 | AN105: 0 | AO105: 0 | AP105: 0 | AQ105: =AR105/2500 -> 0 | AR105: =AS105*1800 -> 0
A106: 102 | B106: HUEHUETENANGO | C106: NENTÓN | P106: =Q106/2500 -> 1.44 | Q106: =R106*1800 -> 3600 | R106: 2 | S106: 0 | T106: 0 | U106: 0 | V106: 0 | W106: 0 | X106: 0 | Y106: 0 | Z106: 0 | AA106: 0 | AB106: 0 | AC106: 0 | AD106: 0 | AE106: 0 | AF106: 0 | AG106: 0 | AH106: 0 | AI106: 0 | AJ106: 0 | AK106: 0 | AL106: 0 | AM106: 0 | AN106: 0 | AO106: 0 | AP106: 0 | AQ106: =AR106/2500 -> 1.44 | AR106: =AS106*1800 -> 3600 | AS106: 2
A107: 103 | B107: HUEHUETENANGO | C107: PETATAN | D107: Beca | P107: =Q107/2500 -> 0.72 | Q107: =R107*1800 -> 1800 | R107: 1 | S107: 0 | T107: 0 | U107: 0 | V107: 0 | W107: 0 | X107: 0 | Y107: 0 | Z107: 0 | AA107: 0 | AB107: 0 | AC107: 0 | AD107: 0 | AE107: 0 | AF107: 0 | AG107: 0 | AH107: 0 | AI107: 0 | AJ107: 0 | AK107: 0 | AL107: 0 | AM107: 0 | AN107: 0 | AO107: 0 | AP107: 0 | AQ107: =AR107/2500 -> 0.72 | AR107: =AS107*1800 -> 1800 | AS107: 1
A108: 104 | B108: HUEHUETENANGO | C108: SAN ANTONIO HUISTA | P108: =Q108/2500 -> 0.72 | Q108: =R108*1800 -> 1800 | R108: 1 | S108: 0 | T108: 0 | U108: 0 | V108: 0 | W108: 0 | X108: 0 | Y108: 0 | Z108: 0 | AA108: 0 | AB108: 0 | AC108: 0 | AD108: 0 | AE108: 0 | AF108: 0 | AG108: 0 | AH108: 0 | AI108: 0 | AJ108: 0 | AK108: 0 | AL108: 0 | AM108: 0 | AN108: 0 | AO108: 0 | AP108: 0 | AQ108: =AR108/2500 -> 0.72 | AR108: =AS108*1800 -> 1800 | AS108: 1
A109: 105 | B109: HUEHUETENANGO | C109: SAN GASPAR IXCHIL | P109: =Q109/2500 -> 0.72 | Q109: =R109*1800 -> 1800 | R109: 1 | S109: 0 | T109: 0 | U109: 0 | V109: 0 | W109: 0 | X109: 0 | Y109: 0 | Z109: 0 | AA109: 0 | AB109: 0 | AC109: 0 | AD109: 0 | AE109: 0 | AF109: 0 | AG109: 0 | AH109: 0 | AI109: 0 | AJ109: 0 | AK109: 0 | AL109: 0 | AM109: 0 | AN109: 0 | AO109: 0 | AP109: 0 | AQ109: =AR109/2500 -> 0.72 | AR109: =AS109*1800 -> 1800 | AS109: 1
...

Sheet JOVENES PROTAGONISTAS
A2: PROGRAMA SOCIAL "JÓVENES PROTAGONISTAS" | V2: =+H146 -> 0 | Y2: =476985.41+34720 -> 511705.41
A3: NO. | B3: DEPARTAMENTO | C3: MUNICIPIO | D3: UNIDAD DE MEDIDA | E3: EJECUCIÓN 30 ENERO | G3: EJECUCIÓN 28 FEBRERO | I3: EJECUCIÓN 31 DE MARZO | K3: EJECUCIÓN 30 DE ABRIL | M3: EJECUCIÓN 31 DE MAYO | O3: EJECUCIÓN 30 DE JUNIO | Q3: EJECUCIÓN 31 DE JULIO | S3: EJECUCIÓN TOTAL 2026 | V3: 3872299.4 | X3: 1794116.5 | Y3: =+Y2/5092 -> 100.49203 | Z3: 1459509.5 | AA3: 2566297.1
E4: FÍSICA | F4: FINANCIERA | G4: FÍSICA | H4: FINANCIERA | I4: FÍSICA | J4: FINANCIERA | K4: FÍSICA | L4: FINANCIERA | M4: FÍSICA | N4: FINANCIERA | O4: FÍSICA | P4: FINANCIERA | Q4: FÍSICA | R4: FINANCIERA | S4: FÍSICA | T4: FINANCIERA | V4: =+V3/4899 -> 790.42649 | X4: =+X3/1779 -> 1008.4972 | Y4: =+Y3 -> 100.49203 | Z4: =+Z3/I133 -> 165.75917 | AA4: =+AA3/11160 -> 229.95494
A5: 1 | B5: Guatemala | C5: San Juan Sacatepéquez | D5: Persona | E5: 0 | F5: 0 | G5: 280 | H5: =+G5*Y5 -> 28137.768 | I5: 275 | J5: =+I5*Z5 -> 45583.772 | K5: 29 | L5: 24931.105 | M5: 28 | N5: =+M5*X5 -> 28237.921 | O5: 268 | P5: =+O5*AA5 -> 61627.923 | Q5: 102 | R5: =+Q5*V5 -> 80623.502 | S5: =+G5+I5+K5+M5+O5+Q5 -> 982 | T5: =+H5+J5+L5+N5+P5+R5 -> 269141.99 | V5: =+V4 -> 790.42649 | X5: =+X4 -> 1008.4972 | Y5: =+Y4 -> 100.49203 | Z5: =+Z4 -> 165.75917 | AA5: =+AA4 -> 229.95494
A6: =+A5+1 -> 2 | C6: San Raymundo | E6: 0 | F6: 0 | G6: 130 | H6: =+G6*Y5 -> 13063.964 | I6: 174 | J6: =+I6*Z6 -> 28842.096 | K6: 38 | L6: 32668.345 | M6: 14 | N6: =+M6*X6 -> 14118.961 | O6: 134 | P6: =+O6*AA6 -> 30813.962 | Q6: 42 | R6: =+Q6*V6 -> 33197.912 | S6: =+G6+I6+K6+M6+O6+Q6 -> 532 | T6: =+H6+J6+L6+N6+P6+R6 -> 152705.24 | V6: =+V5 -> 790.42649 | W6: =+W5 -> 0 | X6: =+X5 -> 1008.4972 | Y6: =+Y5 -> 100.49203 | Z6: =+Z5 -> 165.75917 | AA6: =+AA5 -> 229.95494
A7: =+A6+1 -> 3 | C7: Villa Nueva | E7: 0 | F7: 0 | G7: 354 | H7: =+G7*Y6 -> 35574.178 | I7: 373 | J7: =+I7*Z7 -> 61828.171 | K7: 39 | L7: 33528.038 | M7: 9 | N7: =+M7*X7 -> 9076.4747 | O7: 377 | P7: =+O7*AA7 -> 86693.012 | Q7: 202 | R7: =+Q7*V7 -> 159666.15 | S7: =+G7+I7+K7+M7+O7+Q7 -> 1354 | T7: =+H7+J7+L7+N7+P7+R7 -> 386366.02 | V7: =+V6 -> 790.42649 | W7: =+W6 -> 0 | X7: =+X6 -> 1008.4972 | Y7: =+Y6 -> 100.49203 | Z7: =+Z6 -> 165.75917 | AA7: =+AA6 -> 229.95494
A8: =+A7+1 -> 4 | C8: San Pedro Sacatepéquez | E8: 0 | F8: 0 | G8: 204 | H8: =+G8*Y7 -> 20500.374 | I8: 171 | J8: =+I8*Z8 -> 28344.818 | K8: 12 | L8: 10316.319 | M8: 5 | N8: =+M8*X8 -> 5042.4859 | O8: 123 | P8: =+O8*AA8 -> 28284.457 | Q8: 53 | R8: =+Q8*V8 -> 41892.604 | S8: =+G8+I8+K8+M8+O8+Q8 -> 568 | T8: =+H8+J8+L8+N8+P8+R8 -> 134381.06 | V8: =+V7 -> 790.42649 | W8: =+W7 -> 0 | X8: =+X7 -> 1008.4972 | Y8: =+Y7 -> 100.49203 | Z8: =+Z7 -> 165.75917 | AA8: =+AA7 -> 229.95494
A9: =+A8+1 -> 5 | C9: Mixco | E9: 0 | F9: 0 | G9: 108 | H9: =+G9*Y8 -> 10853.139 | I9: 167 | J9: =+I9*Z9 -> 27681.782 | K9: 15 | L9: 12895.399 | M9: 8 | N9: =+M9*X9 -> 8067.9775 | O9: 125 | P9: =+O9*AA9 -> 28744.367 | Q9: 11 | R9: =+Q9*V9 -> 8694.6914 | S9: =+G9+I9+K9+M9+O9+Q9 -> 434 | T9: =+H9+J9+L9+N9+P9+R9 -> 96937.356 | V9: =+V8 -> 790.42649 | W9: =+W8 -> 0 | X9: =+X8 -> 1008.4972 | Y9: =+Y8 -> 100.49203 | Z9: =+Z8 -> 165.75917 | AA9: =+AA8 -> 229.95494
A10: =+A9+1 -> 6 | C10: Guatemala | E10: 0 | F10: 0 | G10: 967 | H10: =+G10*Y9 -> 97175.792 | I10: 946 | J10: =+I10*Z10 -> 156808.18 | K10: 153 | L10: 131533.07 | M10: 247 | N10: =+M10*X10 -> 249098.81 | O10: 990 | P10: =+O10*AA10 -> 227655.39 | Q10: 463 | R10: =+Q10*V10 -> 365967.46 | S10: =+G10+I10+K10+M10+O10+Q10 -> 3766 | T10: =+H10+J10+L10+N10+P10+R10 -> 1228238.7 | V10: =+V9 -> 790.42649 | W10: =+W9 -> 0 | X10: =+X9 -> 1008.4972 | Y10: =+Y9 -> 100.49203 | Z10: =+Z9 -> 165.75917 | AA10: =+AA9 -> 229.95494
A11: =+A10+1 -> 7 | C11: Chinautla | E11: 0 | F11: 0 | G11: 0 | H11: 0 | I11: 0 | J11: 0 | K11: 0 | L11: 0 | M11: 0 | N11: =+M11*X11 -> 0 | O11: 4 | P11: =+O11*AA11 -> 919.81975 | Q11: 33 | R11: =+Q11*V11 -> 26084.074 | S11: =+G11+I11+K11+M11+O11+Q11 -> 37 | T11: =+H11+J11+L11+N11+P11+R11 -> 27003.894 | V11: =+V10 -> 790.42649 | W11: =+W10 -> 0 | X11: =+X10 -> 1008.4972 | AA11: =+AA10 -> 229.95494
A12: =+A11+1 -> 8 | B12: Petén | C12: San Benito | E12: 0 | F12: 0 | G12: 99 | H12: =+G12*Y10 -> 9948.7108 | I12: 93 | J12: =+I12*Z12 -> 15415.603 | K12: 20 | L12: 17193.866 | M12: 0 | N12: =+M12*X12 -> 0 | O12: 120 | P12: =+O12*AA12 -> 27594.593 | Q12: 0 | R12: =+Q12*V12 -> 0 | S12: =+G12+I12+K12+M12+O12+Q12 -> 332 | T12: =+H12+J12+L12+N12+P12+R12 -> 70152.772 | V12: =+V11 -> 790.42649 | W12: =+W11 -> 0 | X12: =+X11 -> 1008.4972 | Y12: =+Y10 -> 100.49203 | Z12: =+Z10 -> 165.75917 | AA12: =+AA11 -> 229.95494
A13: =+A12+1 -> 9 | C13: La Libertad | E13: 0 | F13: 0 | G13: 13 | H13: =+G13*Y12 -> 1306.3964 | I13: 7 | J13: =+I13*Z13 -> 1160.3142 | K13: 4 | L13: 3438.7731 | M13: 0 | N13: =+M13*X13 -> 0 | O13: 0 | P13: =+O13*AA13 -> 0 | Q13: 9 | R13: =+Q13*V13 -> 7113.8384 | S13: =+G13+I13+K13+M13+O13+Q13 -> 33 | T13: =+H13+J13+L13+N13+P13+R13 -> 13019.322 | V13: =+V12 -> 790.42649 | W13: =+W12 -> 0 | X13: =+X12 -> 1008.4972 | Y13: =+Y12 -> 100.49203 | Z13: =+Z12 -> 165.75917 | AA13: =+AA12 -> 229.95494
A14: =+A13+1 -> 10 | C14: Melchor de Mencos | E14: 0 | F14: 0 | G14: 101 | H14: =+G14*Y13 -> 10149.695 | I14: 94 | J14: =+I14*Z14 -> 15581.362 | K14: 0 | L14: 0 | M14: 0 | N14: =+M14*X14 -> 0 | O14: 120 | P14: =+O14*AA14 -> 27594.593 | Q14: 0 | R14: =+Q14*V14 -> 0 | S14: =+G14+I14+K14+M14+O14+Q14 -> 315 | T14: =+H14+J14+L14+N14+P14+R14 -> 53325.65 | V14: =+V13 -> 790.42649 | W14: =+W13 -> 0 | X14: =+X13 -> 1008.4972 | Y14: =+Y13 -> 100.49203 | Z14: =+Z13 -> 165.75917 | AA14: =+AA13 -> 229.95494
A15: =+A14+1 -> 11 | C15: Sayaxché | E15: 0 | F15: 0 | G15: 125 | H15: =+G15*Y14 -> 12561.504 | I15: 160 | J15: =+I15*Z15 -> 26521.467 | K15: 21 | L15: 18053.559 | M15: 0 | N15: =+M15*X15 -> 0 | O15: 120 | P15: =+O15*AA15 -> 27594.593 | Q15: 0 | R15: =+Q15*V15 -> 0 | S15: =+G15+I15+K15+M15+O15+Q15 -> 426 | T15: =+H15+J15+L15+N15+P15+R15 -> 84731.122 | V15: =+V14 -> 790.42649 | W15: =+W14 -> 0 | X15: =+X14 -> 1008.4972 | Y15: =+Y14 -> 100.49203 | Z15: =+Z14 -> 165.75917 | AA15: =+AA14 -> 229.95494
A16: =+A15+1 -> 12 | B16: Alta Verapaz | C16: Cobán | E16: 0 | F16: 0 | G16: 10 | H16: =+G16*Y15 -> 1004.9203 | I16: 150 | J16: =+I16*Z16 -> 24863.876 | K16: 3 | L16: 2579.0798 | M16: 7 | N16: =+M16*X16 -> 7059.4803 | O16: 6 | P16: =+O16*AA16 -> 1379.7296 | Q16: 3 | R16: =+Q16*V16 -> 2371.2795 | S16: =+G16+I16+K16+M16+O16+Q16 -> 179 | T16: =+H16+J16+L16+N16+P16+R16 -> 39258.365 | V16: =+V15 -> 790.42649 | W16: =+W15 -> 0 | X16: =+X15 -> 1008.4972 | Y16: =+Y15 -> 100.49203 | Z16: =+Z15 -> 165.75917 | AA16: =+AA15 -> 229.95494
A17: =+A16+1 -> 13 | C17: San Miguel Tucuru | E17: 0 | F17: 0 | G17: 0 | H17: 0 | I17: 39 | J17: =+I17*Z17 -> 6464.6077 | K17: 18 | L17: 15474.479 | M17: 10 | N17: =+M17*X17 -> 10084.972 | O17: 3 | P17: =+O17*AA17 -> 689.86481 | Q17: 5 | R17: =+Q17*V17 -> 3952.1324 | S17: =+G17+I17+K17+M17+O17+Q17 -> 75 | T17: =+H17+J17+L17+N17+P17+R17 -> 36666.056 | V17: =+V16 -> 790.42649 | W17: =+W16 -> 0 | X17: =+X16 -> 1008.4972 | Z17: =+Z16 -> 165.75917 | AA17: =+AA16 -> 229.95494
A18: =+A17+1 -> 14 | C18: San Cristóbal Verapaz | E18: 0 | F18: 0 | G18: 21 | H18: =+G18*Y16 -> 2110.3326 | I18: 95 | J18: =+I18*Z18 -> 15747.121 | K18: 0 | L18: 0 | M18: 13 | N18: =+M18*X18 -> 13110.463 | O18: 0 | P18: =+O18*AA18 -> 0 | Q18: 26 | R18: =+Q18*V18 -> 20551.089 | S18: =+G18+I18+K18+M18+O18+Q18 -> 155 | T18: =+H18+J18+L18+N18+P18+R18 -> 51519.006 | V18: =+V17 -> 790.42649 | W18: =+W17 -> 0 | X18: =+X17 -> 1008.4972 | Y18: =+Y16 -> 100.49203 | Z18: =+Z17 -> 165.75917 | AA18: =+AA17 -> 229.95494
A19: =+A18+1 -> 15 | C19: Tamahú | E19: 0 | F19: 0 | G19: 0 | H19: 0 | I19: 0 | J19: 0 | K19: 0 | L19: 0 | M19: 0 | N19: 0 | O19: 0 | P19: 0 | Q19: 1 | R19: =+Q19*V19 -> 790.42649 | S19: =+G19+I19+K19+M19+O19+Q19 -> 1 | T19: =+H19+J19+L19+N19+P19+R19 -> 790.42649 | V19: =+V18 -> 790.42649
A20: =+A19+1 -> 16 | C20: San Pedro Carchá | E20: 0 | F20: 0 | G20: 0 | H20: 0 | I20: 0 | J20: 0 | K20: 0 | L20: 0 | M20: 0 | N20: 0 | O20: 0 | P20: 0 | Q20: 1 | R20: =+Q20*V20 -> 790.42649 | S20: =+G20+I20+K20+M20+O20+Q20 -> 1 | T20: =+H20+J20+L20+N20+P20+R20 -> 790.42649 | V20: =+V19 -> 790.42649
A21: =+A20+1 -> 17 | C21: Tactic | E21: 0 | F21: 0 | G21: 0 | H21: 0 | I21: 0 | J21: 0 | K21: 0 | L21: 0 | M21: 0 | N21: 0 | O21: 0 | P21: 0 | Q21: 1 | R21: =+Q21*V21 -> 790.42649 | S21: =+G21+I21+K21+M21+O21+Q21 -> 1 | T21: =+H21+J21+L21+N21+P21+R21 -> 790.42649 | V21: =+V20 -> 790.42649
A22: =+A21+1 -> 18 | B22: Baja Verapaz | C22: Purulhá | E22: 0 | F22: 0 | G22: 4 | H22: =+G22*Y18 -> 401.96811 | I22: 20 | J22: =+I22*Z22 -> 3315.1834 | K22: 11 | L22: 9456.6261 | M22: 60 | N22: =+M22*X22 -> 60509.831 | O22: 35 | P22: =+O22*AA22 -> 8048.4228 | Q22: 25 | R22: =+Q22*V22 -> 19760.662 | S22: =+G22+I22+K22+M22+O22+Q22 -> 155 | T22: =+H22+J22+L22+N22+P22+R22 -> 101492.69 | V22: =+V21 -> 790.42649 | W22: =+W18 -> 0 | X22: =+X18 -> 1008.4972 | Y22: =+Y18 -> 100.49203 | Z22: =+Z18 -> 165.75917 | AA22: =+AA18 -> 229.95494
A23: =+A22+1 -> 19 | C23: Rabinal | E23: 0 | F23: 0 | G23: 0 | H23: 0 | I23: 36 | J23: =+I23*Z23 -> 5967.3302 | K23: 18 | L23: 15474.479 | M23: 9 | N23: =+M23*X23 -> 9076.4747 | O23: 134 | P23: =+O23*AA23 -> 30813.962 | Q23: 14 | R23: =+Q23*V23 -> 11065.971 | S23: =+G23+I23+K23+M23+O23+Q23 -> 211 | T23: =+H23+J23+L23+N23+P23+R23 -> 72398.216 | V23: =+V22 -> 790.42649 | W23: =+W22 -> 0 | X23: =+X22 -> 1008.4972 | Z23: =+Z22 -> 165.75917 | AA23: =+AA22 -> 229.95494
A24: =+A23+1 -> 20 | C24: Salamá | E24: 0 | F24: 0 | G24: 8 | H24: =+G24*Y22 -> 803.93623 | I24: 38 | J24: =+I24*Z24 -> 6298.8485 | K24: 8 | L24: 6877.5463 | M24: 0 | N24: =+M24*X24 -> 0 | O24: 22 | P24: =+O24*AA24 -> 5059.0086 | Q24: 16 | R24: =+Q24*V24 -> 12646.824 | S24: =+G24+I24+K24+M24+O24+Q24 -> 92 | T24: =+H24+J24+L24+N24+P24+R24 -> 31686.163 | V24: =+V23 -> 790.42649 | W24: =+W23 -> 0 | X24: =+X23 -> 1008.4972 | Y24: =+Y22 -> 100.49203 | Z24: =+Z23 -> 165.75917 | AA24: =+AA23 -> 229.95494
A25: =+A24+1 -> 21 | C25: San Jerónimo | E25: 0 | F25: 0 | G25: 0 | H25: 0 | I25: 0 | J25: 0 | K25: 0 | L25: 0 | M25: 0 | N25: 0 | O25: 0 | P25: 0 | Q25: 1 | R25: =+Q25*V25 -> 790.42649 | S25: =+G25+I25+K25+M25+O25+Q25 -> 1 | T25: =+H25+J25+L25+N25+P25+R25 -> 790.42649 | V25: =+V24 -> 790.42649
A26: =+A25+1 -> 22 | C26: San Miguel Chicaj | E26: 0 | F26: 0 | G26: 0 | H26: 0 | I26: 0 | J26: 0 | K26: 0 | L26: 0 | M26: 0 | N26: 0 | O26: 0 | P26: 0 | Q26: 4 | R26: =+Q26*V26 -> 3161.7059 | S26: =+G26+I26+K26+M26+O26+Q26 -> 4 | T26: =+H26+J26+L26+N26+P26+R26 -> 3161.7059 | V26: =+V25 -> 790.42649
A27: =+A26+1 -> 23 | B27: Izabal | C27: Livingston | E27: 0 | F27: 0 | G27: 52 | H27: =+G27*Y24 -> 5225.5855 | I27: 243 | J27: =+I27*Z27 -> 40279.479 | K27: 25 | L27: 21492.332 | M27: 12 | N27: =+M27*X27 -> 12101.966 | O27: 8 | P27: =+O27*AA27 -> 1839.6395 | Q27: 36 | R27: =+Q27*V27 -> 28455.354 | S27: =+G27+I27+K27+M27+O27+Q27 -> 376 | T27: =+H27+J27+L27+N27+P27+R27 -> 109394.36 | V27: =+V26 -> 790.42649 | W27: =+W24 -> 0 | X27: =+X24 -> 1008.4972 | Y27: =+Y24 -> 100.49203 | Z27: =+Z24 -> 165.75917 | AA27: =+AA24 -> 229.95494
A28: =+A27+1 -> 24 | C28: El Estor | E28: 0 | F28: 0 | G28: 30 | H28: =+G28*Y27 -> 3014.7609 | I28: 32 | J28: =+I28*Z28 -> 5304.2935 | K28: 4 | L28: 3438.7731 | M28: 9 | N28: =+M28*X28 -> 9076.4747 | O28: 6 | P28: =+O28*AA28 -> 1379.7296 | Q28: 86 | R28: =+Q28*V28 -> 67976.678 | S28: =+G28+I28+K28+M28+O28+Q28 -> 167 | T28: =+H28+J28+L28+N28+P28+R28 -> 90190.71 | V28: =+V27 -> 790.42649 | W28: =+W27 -> 0 | X28: =+X27 -> 1008.4972 | Y28: =+Y27 -> 100.49203 | Z28: =+Z27 -> 165.75917 | AA28: =+AA27 -> 229.95494
A29: =+A28+1 -> 25 | C29: Los Amates | E29: 0 | F29: 0 | G29: 23 | H29: =+G29*Y28 -> 2311.3167 | I29: 64 | J29: =+I29*Z29 -> 10608.587 | K29: 33 | L29: 28369.878 | M29: 0 | N29: =+M29*X29 -> 0 | O29: 125 | P29: =+O29*AA29 -> 28744.367 | Q29: 7 | R29: =+Q29*V29 -> 5532.9854 | S29: =+G29+I29+K29+M29+O29+Q29 -> 252 | T29: =+H29+J29+L29+N29+P29+R29 -> 75567.135 | V29: =+V28 -> 790.42649 | W29: =+W28 -> 0 | X29: =+X28 -> 1008.4972 | Y29: =+Y28 -> 100.49203 | Z29: =+Z28 -> 165.75917 | AA29: =+AA28 -> 229.95494
A30: =+A29+1 -> 26 | C30: Puerto Barrios | E30: 0 | F30: 0 | G30: 39 | H30: =+G30*Y29 -> 3919.1891 | I30: 39 | J30: =+I30*Z30 -> 6464.6077 | K30: 6 | L30: 5158.1597 | M30: 4 | N30: =+M30*X30 -> 4033.9888 | O30: 23 | P30: =+O30*AA30 -> 5288.9636 | Q30: 51 | R30: =+Q30*V30 -> 40311.751 | S30: =+G30+I30+K30+M30+O30+Q30 -> 162 | T30: =+H30+J30+L30+N30+P30+R30 -> 65176.66 | V30: =+V29 -> 790.42649 | W30: =+W29 -> 0 | X30: =+X29 -> 1008.4972 | Y30: =+Y29 -> 100.49203 | Z30: =+Z29 -> 165.75917 | AA30: =+AA29 -> 229.95494
A31: =+A30+1 -> 27 | C31: Morales | E31: 0 | F31: 0 | G31: 31 | H31: =+G31*Y30 -> 3115.2529 | I31: 45 | J31: =+I31*Z31 -> 7459.1627 | K31: 1 | L31: 859.69328 | M31: 3 | N31: =+M31*X31 -> 3025.4916 | O31: 27 | P31: =+O31*AA31 -> 6208.7833 | Q31: 15 | R31: =+Q31*V31 -> 11856.397 | S31: =+G31+I31+K31+M31+O31+Q31 -> 122 | T31: =+H31+J31+L31+N31+P31+R31 -> 32524.781 | V31: =+V30 -> 790.42649 | W31: =+W30 -> 0 | X31: =+X30 -> 1008.4972 | Y31: =+Y30 -> 100.49203 | Z31: =+Z30 -> 165.75917 | AA31: =+AA30 -> 229.95494
A32: =+A31+1 -> 28 | B32: Quetzaltenango | C32: Quetzaltenango | E32: 0 | F32: 0 | G32: 43 | H32: =+G32*Y31 -> 4321.1572 | I32: 160 | J32: =+I32*Z32 -> 26521.467 | K32: 43 | L32: 36966.811 | M32: 13 | N32: =+M32*X32 -> 13110.463 | O32: 346 | P32: =+O32*AA32 -> 79564.409 | Q32: 30 | R32: =+Q32*V32 -> 23712.795 | S32: =+G32+I32+K32+M32+O32+Q32 -> 635 | T32: =+H32+J32+L32+N32+P32+R32 -> 184197.1 | V32: =+V31 -> 790.42649 | W32: =+W31 -> 0 | X32: =+X31 -> 1008.4972 | Y32: =+Y31 -> 100.49203 | Z32: =+Z31 -> 165.75917 | AA32: =+AA31 -> 229.95494
A33: =+A32+1 -> 29 | C33: Cantel | E33: 0 | F33: 0 | G33: 43 | H33: =+G33*Y32 -> 4321.1572 | I33: 168 | J33: =+I33*Z33 -> 27847.541 | K33: 21 | L33: 18053.559 | M33: 10 | N33: =+M33*X33 -> 10084.972 | O33: 302 | P33: =+O33*AA33 -> 69446.391 | Q33: 41 | R33: =+Q33*V33 -> 32407.486 | S33: =+G33+I33+K33+M33+O33+Q33 -> 585 | T33: =+H33+J33+L33+N33+P33+R33 -> 162161.11 | V33: =+V32 -> 790.42649 | W33: =+W32 -> 0 | X33: =+X32 -> 1008.4972 | Y33: =+Y32 -> 100.49203 | Z33: =+Z32 -> 165.75917 | AA33: =+AA32 -> 229.95494
A34: =+A33+1 -> 30 | C34: San Mateo | E34: 0 | F34: 0 | G34: 0 | H34: =+G34*Y33 -> 0 | I34: 43 | J34: =+I34*Z34 -> 7127.6443 | K34: 7 | L34: 6017.853 | M34: 2 | N34: =+M34*X34 -> 2016.9944 | O34: 177 | P34: =+O34*AA34 -> 40702.024 | Q34: 21 | R34: =+Q34*V34 -> 16598.956 | S34: =+G34+I34+K34+M34+O34+Q34 -> 250 | T34: =+H34+J34+L34+N34+P34+R34 -> 72463.472 | V34: =+V33 -> 790.42649 | W34: =+W33 -> 0 | X34: =+X33 -> 1008.4972 | Y34: =+Y33 -> 100.49203 | Z34: =+Z33 -> 165.75917 | AA34: =+AA33 -> 229.95494
A35: =+A34+1 -> 31 | C35: Coatepeque | E35: 0 | F35: 0 | G35: 71 | H35: =+G35*Y34 -> 7134.934 | I35: 146 | J35: =+I35*Z35 -> 24200.839 | K35: 27 | L35: 23211.719 | M35: 43 | N35: =+M35*X35 -> 43365.379 | O35: 379 | P35: =+O35*AA35 -> 87152.922 | Q35: 41 | R35: =+Q35*V35 -> 32407.486 | S35: =+G35+I35+K35+M35+O35+Q35 -> 707 | T35: =+H35+J35+L35+N35+P35+R35 -> 217473.28 | V35: =+V34 -> 790.42649 | W35: =+W34 -> 0 | X35: =+X34 -> 1008.4972 | Y35: =+Y34 -> 100.49203 | Z35: =+Z34 -> 165.75917 | AA35: =+AA34 -> 229.95494
A36: =+A35+1 -> 32 | C36: Cajolá | E36: 0 | F36: 0 | G36: 0 | H36: 0 | I36: 0 | J36: 0 | K36: 0 | L36: 0 | M36: 0 | N36: =+M36*X36 -> 0 | O36: 0 | P36: =+O36*AA36 -> 0 | Q36: 20 | R36: =+Q36*V36 -> 15808.53 | S36: =+G36+I36+K36+M36+O36+Q36 -> 20 | T36: =+H36+J36+L36+N36+P36+R36 -> 15808.53 | V36: =+V35 -> 790.42649 | W36: =+W35 -> 0 | X36: =+X35 -> 1008.4972 | AA36: =+AA35 -> 229.95494
A37: =+A36+1 -> 33 | C37: Huitán | E37: 0 | F37: 0 | G37: 0 | H37: 0 | I37: 0 | J37: 0 | K37: 0 | L37: 0 | M37: 0 | N37: =+M37*X37 -> 0 | O37: 0 | P37: =+O37*AA37 -> 0 | Q37: 0 | R37: =+Q37*V37 -> 0 | S37: =+G37+I37+K37+M37+O37+Q37 -> 0 | T37: =+H37+J37+L37+N37+P37+R37 -> 0 | V37: =+V36 -> 790.42649 | W37: =+W36 -> 0 | X37: =+X36 -> 1008.4972 | AA37: =+AA36 -> 229.95494
A38: =+A37+1 -> 34 | C38: Palestian de Los Altos | E38: 0 | F38: 0 | G38: 0 | H38: 0 | I38: 0 | J38: 0 | K38: 0 | L38: 0 | M38: 0 | N38: =+M38*X38 -> 0 | O38: 21 | P38: =+O38*AA38 -> 4829.0537 | Q38: 51 | R38: =+Q38*V38 -> 40311.751 | S38: =+G38+I38+K38+M38+O38+Q38 -> 72 | T38: =+H38+J38+L38+N38+P38+R38 -> 45140.805 | V38: =+V37 -> 790.42649 | W38: =+W37 -> 0 | X38: =+X37 -> 1008.4972 | AA38: =+AA37 -> 229.95494
A39: =+A38+1 -> 35 | C39: La Esperanza | E39: 0 | F39: 0 | G39: 0 | H39: 0 | I39: 0 | J39: 0 | K39: 0 | L39: 0 | M39: 0 | N39: 0 | O39: 0 | P39: 0 | Q39: 1 | R39: =+Q39*V39 -> 790.42649 | S39: =+G39+I39+K39+M39+O39+Q39 -> 1 | T39: =+H39+J39+L39+N39+P39+R39 -> 790.42649 | V39: =+V38 -> 790.42649
A40: =+A39+1 -> 36 | C40: Salcajá | E40: 0 | F40: 0 | G40: 0 | H40: 0 | I40: 0 | J40: 0 | K40: 0 | L40: 0 | M40: 0 | N40: 0 | O40: 0 | P40: 0 | Q40: 9 | R40: =+Q40*V40 -> 7113.8384 | S40: =+G40+I40+K40+M40+O40+Q40 -> 9 | T40: =+H40+J40+L40+N40+P40+R40 -> 7113.8384 | V40: =+V39 -> 790.42649
A41: =+A40+1 -> 37 | C41: San Juan Ostuncalco | E41: 0 | F41: 0 | G41: 0 | H41: 0 | I41: 0 | J41: 0 | K41: 0 | L41: 0 | M41: 0 | N41: 0 | O41: 0 | P41: 0 | Q41: 1 | R41: =+Q41*V41 -> 790.42649 | S41: =+G41+I41+K41+M41+O41+Q41 -> 1 | T41: =+H41+J41+L41+N41+P41+R41 -> 790.42649 | V41: =+V40 -> 790.42649
A42: =+A41+1 -> 38 | B42: Quiché | C42: Chajul | E42: 0 | F42: 0 | G42: 30 | H42: =+G42*Y35 -> 3014.7609 | I42: 156 | J42: =+I42*Z42 -> 25858.431 | K42: 21 | L42: 18053.559 | M42: 13 | N42: =+M42*X42 -> 13110.463 | O42: 128 | P42: =+O42*AA42 -> 29434.232 | Q42: 7 | R42: =+Q42*V42 -> 5532.9854 | S42: =+G42+I42+K42+M42+O42+Q42 -> 355 | T42: =+H42+J42+L42+N42+P42+R42 -> 95004.431 | V42: =+V41 -> 790.42649 | W42: =+W38 -> 0 | X42: =+X38 -> 1008.4972 | Y42: =+Y35 -> 100.49203 | Z42: =+Z35 -> 165.75917 | AA42: =+AA38 -> 229.95494
A43: =+A42+1 -> 39 | C43: San Juan Cotzal | E43: 0 | F43: 0 | G43: 50 | H43: =+G43*Y42 -> 5024.6014 | I43: 112 | J43: =+I43*Z43 -> 18565.027 | K43: 8 | L43: 6877.5463 | M43: 71 | N43: =+M43*X43 -> 71603.3 | O43: 67 | P43: =+O43*AA43 -> 15406.981 | Q43: 35 | R43: =+Q43*V43 -> 27664.927 | S43: =+G43+I43+K43+M43+O43+Q43 -> 343 | T43: =+H43+J43+L43+N43+P43+R43 -> 145142.38 | V43: =+V42 -> 790.42649 | W43: =+W42 -> 0 | X43: =+X42 -> 1008.4972 | Y43: =+Y42 -> 100.49203 | Z43: =+Z42 -> 165.75917 | AA43: =+AA42 -> 229.95494
A44: =+A43+1 -> 40 | C44: Nebaj | E44: 0 | F44: 0 | G44: 14 | H44: =+G44*Y43 -> 1406.8884 | I44: 147 | J44: =+I44*Z44 -> 24366.598 | K44: 19 | L44: 16334.172 | M44: 63 | N44: =+M44*X44 -> 63535.323 | O44: 120 | P44: =+O44*AA44 -> 27594.593 | Q44: 0 | R44: =+Q44*V44 -> 0 | S44: =+G44+I44+K44+M44+O44+Q44 -> 363 | T44: =+H44+J44+L44+N44+P44+R44 -> 133237.57 | V44: =+V43 -> 790.42649 | W44: =+W43 -> 0 | X44: =+X43 -> 1008.4972 | Y44: =+Y43 -> 100.49203 | Z44: =+Z43 -> 165.75917 | AA44: =+AA43 -> 229.95494
A45: =+A44+1 -> 41 | C45: San Pedro Jocopilas | E45: 0 | F45: 0 | G45: 18 | H45: =+G45*Y44 -> 1808.8565 | I45: 81 | J45: =+I45*Z45 -> 13426.493 | K45: 25 | L45: 21492.332 | M45: 0 | N45: =+M45*X45 -> 0 | O45: 120 | P45: =+O45*AA45 -> 27594.593 | Q45: 28 | R45: =+Q45*V45 -> 22131.942 | S45: =+G45+I45+K45+M45+O45+Q45 -> 272 | T45: =+H45+J45+L45+N45+P45+R45 -> 86454.216 | V45: =+V44 -> 790.42649 | W45: =+W44 -> 0 | X45: =+X44 -> 1008.4972 | Y45: =+Y44 -> 100.49203 | Z45: =+Z44 -> 165.75917 | AA45: =+AA44 -> 229.95494
A46: =+A45+1 -> 42 | C46: Santa Cruz del Quiché | E46: 0 | F46: 0 | G46: 34 | H46: =+G46*Y45 -> 3416.729 | I46: 0 | J46: =+I46*Z46 -> 0 | K46: 0 | L46: 0 | M46: 0 | N46: =+M46*X46 -> 0 | O46: 120 | P46: =+O46*AA46 -> 27594.593 | Q46: 30 | R46: =+Q46*V46 -> 23712.795 | S46: =+G46+I46+K46+M46+O46+Q46 -> 184 | T46: =+H46+J46+L46+N46+P46+R46 -> 54724.116 | V46: =+V45 -> 790.42649 | W46: =+W45 -> 0 | X46: =+X45 -> 1008.4972 | Y46: =+Y45 -> 100.49203 | Z46: =+Z45 -> 165.75917 | AA46: =+AA45 -> 229.95494
A47: =+A46+1 -> 43 | C47: San Miguel Uspantan | E47: 0 | F47: 0 | G47: 0 | H47: =+G47*Y46 -> 0 | I47: 0 | J47: =+I47*Z47 -> 0 | K47: 65 | L47: 55880.063 | M47: 3 | N47: =+M47*X47 -> 3025.4916 | O47: 126 | P47: =+O47*AA47 -> 28974.322 | Q47: 1 | R47: =+Q47*V47 -> 790.42649 | S47: =+G47+I47+K47+M47+O47+Q47 -> 195 | T47: =+H47+J47+L47+N47+P47+R47 -> 88670.304 | V47: =+V46 -> 790.42649 | W47: =+W46 -> 0 | X47: =+X46 -> 1008.4972 | Y47: =+Y46 -> 100.49203 | Z47: =+Z46 -> 165.75917 | AA47: =+AA46 -> 229.95494
A48: =+A47+1 -> 44 | C48: Pachalum | E48: 0 | F48: 0 | G48: 60 | H48: =+G48*Y47 -> 6029.5217 | I48: 130 | J48: =+I48*Z48 -> 21548.692 | K48: 36 | L48: 30948.958 | M48: 0 | N48: =+M48*X48 -> 0 | O48: 0 | P48: =+O48*AA48 -> 0 | Q48: 70 | R48: =+Q48*V48 -> 55329.854 | S48: =+G48+I48+K48+M48+O48+Q48 -> 296 | T48: =+H48+J48+L48+N48+P48+R48 -> 113857.03 | V48: =+V47 -> 790.42649 | W48: =+W47 -> 0 | X48: =+X47 -> 1008.4972 | Y48: =+Y47 -> 100.49203 | Z48: =+Z47 -> 165.75917 | AA48: =+AA47 -> 229.95494
A49: =+A48+1 -> 45 | C49: Ixcán | E49: 0 | F49: 0 | G49: 0 | H49: 0 | I49: 0 | J49: 0 | K49: 0 | L49: 2579.0798 | M49: 0 | N49: =+M49*X49 -> 0 | O49: 16 | P49: =+O49*AA49 -> 3679.279 | Q49: 52 | R49: =+Q49*V49 -> 41102.177 | S49: =+G49+I49+K49+M49+O49+Q49 -> 68 | T49: =+H49+J49+L49+N49+P49+R49 -> 47360.536 | V49: =+V48 -> 790.42649 | W49: =+W48 -> 0 | X49: =+X48 -> 1008.4972 | AA49: =+AA48 -> 229.95494
A50: =+A49+1 -> 46 | B50: San Marcos | C50: San Antonio Sacatepéquez | E50: 0 | F50: 0 | G50: 29 | H50: =+G50*Y48 -> 2914.2688 | I50: 27 | J50: =+I50*Z50 -> 4475.4976 | K50: 3 | L50: 2579.0798 | M50: 2 | N50: =+M50*X50 -> 2016.9944 | O50: 122 | P50: =+O50*AA50 -> 28054.502 | Q50: 9 | R50: =+Q50*V50 -> 7113.8384 | S50: =+G50+I50+K50+M50+O50+Q50 -> 192 | T50: =+H50+J50+L50+N50+P50+R50 -> 47154.182 | V50: =+V49 -> 790.42649 | W50: =+W49 -> 0 | X50: =+X49 -> 1008.4972 | Y50: =+Y48 -> 100.49203 | Z50: =+Z48 -> 165.75917 | AA50: =+AA49 -> 229.95494
A51: =+A50+1 -> 47 | C51: San Pedro Sacatepéquez | E51: 0 | F51: 0 | G51: 50 | H51: =+G51*Y50 -> 5024.6014 | I51: 59 | J51: =+I51*Z51 -> 9779.7911 | K51: 3 | L51: 11176.013 | M51: 10 | N51: =+M51*X51 -> 10084.972 | O51: 132 | P51: =+O51*AA51 -> 30354.052 | Q51: 4 | R51: =+Q51*V51 -> 3161.7059 | S51: =+G51+I51+K51+M51+O51+Q51 -> 258 | T51: =+H51+J51+L51+N51+P51+R51 -> 69581.135 | V51: =+V50 -> 790.42649 | W51: =+W50 -> 0 | X51: =+X50 -> 1008.4972 | Y51: =+Y50 -> 100.49203 | Z51: =+Z50 -> 165.75917 | AA51: =+AA50 -> 229.95494
A52: =+A51+1 -> 48 | C52: Esquipulas Palo Gordo | E52: 0 | F52: 0 | G52: 35 | H52: =+G52*Y51 -> 3517.221 | I52: 45 | J52: =+I52*Z52 -> 7459.1627 | K52: 13 | L52: 0 | M52: 14 | N52: =+M52*X52 -> 14118.961 | O52: 3 | P52: =+O52*AA52 -> 689.86481 | Q52: 13 | R52: =+Q52*V52 -> 10275.544 | S52: =+G52+I52+K52+M52+O52+Q52 -> 123 | T52: =+H52+J52+L52+N52+P52+R52 -> 36060.753 | V52: =+V51 -> 790.42649 | W52: =+W51 -> 0 | X52: =+X51 -> 1008.4972 | Y52: =+Y51 -> 100.49203 | Z52: =+Z51 -> 165.75917 | AA52: =+AA51 -> 229.95494
A53: =+A52+1 -> 49 | B53: Sololá | C53: Sololá | E53: 0 | F53: 0 | G53: 50 | H53: =+G53*Y52 -> 5024.6014 | I53: 18 | J53: =+I53*Z53 -> 2983.6651 | K53: 0 | L53: 859.69328 | M53: 0 | N53: =+M53*X53 -> 0 | O53: 12 | P53: =+O53*AA53 -> 2759.4593 | Q53: 25 | R53: =+Q53*V53 -> 19760.662 | S53: =+G53+I53+K53+M53+O53+Q53 -> 105 | T53: =+H53+J53+L53+N53+P53+R53 -> 31388.081 | V53: =+V52 -> 790.42649 | W53: =+W52 -> 0 | X53: =+X52 -> 1008.4972 | Y53: =+Y52 -> 100.49203 | Z53: =+Z52 -> 165.75917 | AA53: =+AA52 -> 229.95494
A54: =+A53+1 -> 50 | C54: Santa Lucia Utatlan | E54: 0 | F54: 0 | G54: 39 | H54: =+G54*Y53 -> 3919.1891 | I54: 0 | J54: =+I54*Z54 -> 0 | K54: 1 | L54: 16334.172 | M54: 0 | N54: =+M54*X54 -> 0 | O54: 10 | P54: =+O54*AA54 -> 2299.5494 | Q54: 16 | R54: =+Q54*V54 -> 12646.824 | S54: =+G54+I54+K54+M54+O54+Q54 -> 66 | T54: =+H54+J54+L54+N54+P54+R54 -> 35199.735 | V54: =+V53 -> 790.42649 | W54: =+W53 -> 0 | X54: =+X53 -> 1008.4972 | Y54: =+Y53 -> 100.49203 | Z54: =+Z53 -> 165.75917 | AA54: =+AA53 -> 229.95494
A55: =+A54+1 -> 51 | C55: Santiago Atitlán | E55: 0 | F55: 0 | G55: 57 | H55: =+G55*Y54 -> 5728.0456 | I55: 113 | J55: =+I55*Z55 -> 18730.786 | K55: 19 | L55: 0 | M55: 18 | N55: =+M55*X55 -> 18152.949 | O55: 16 | P55: =+O55*AA55 -> 3679.279 | Q55: 11 | R55: =+Q55*V55 -> 8694.6914 | S55: =+G55+I55+K55+M55+O55+Q55 -> 234 | T55: =+H55+J55+L55+N55+P55+R55 -> 54985.752 | V55: =+V54 -> 790.42649 | W55: =+W54 -> 0 | X55: =+X54 -> 1008.4972 | Y55: =+Y54 -> 100.49203 | Z55: =+Z54 -> 165.75917 | AA55: =+AA54 -> 229.95494
A56: =+A55+1 -> 52 | C56: Concepción | E56: 0 | F56: 0 | G56: 0 | H56: 0 | I56: 0 | J56: 0 | K56: 0 | L56: 0 | M56: 0 | N56: =+M56*X56 -> 0 | O56: 0 | P56: =+O56*AA56 -> 0 | Q56: 12 | R56: =+Q56*V56 -> 9485.1178 | S56: =+G56+I56+K56+M56+O56+Q56 -> 12 | T56: =+H56+J56+L56+N56+P56+R56 -> 9485.1178 | V56: =+V55 -> 790.42649 | W56: =+W55 -> 0 | X56: =+X55 -> 1008.4972 | AA56: =+AA55 -> 229.95494
A57: =+A56+1 -> 53 | C57: San Pedro La Laguna | E57: 0 | F57: 0 | G57: 0 | H57: 0 | I57: 0 | J57: 0 | K57: 0 | L57: 0 | M57: 0 | N57: =+M57*X57 -> 0 | O57: 0 | P57: =+O57*AA57 -> 0 | Q57: 13 | R57: =+Q57*V57 -> 10275.544 | S57: =+G57+I57+K57+M57+O57+Q57 -> 13 | T57: =+H57+J57+L57+N57+P57+R57 -> 10275.544 | V57: =+V56 -> 790.42649 | W57: =+W56 -> 0 | X57: =+X56 -> 1008.4972 | AA57: =+AA56 -> 229.95494
A58: =+A57+1 -> 54 | C58: Santa Cruz La Laguna | E58: 0 | F58: 0 | G58: 0 | H58: 0 | I58: 0 | J58: 0 | K58: 0 | L58: 0 | M58: 0 | N58: =+M58*X58 -> 0 | O58: 0 | P58: =+O58*AA58 -> 0 | Q58: 0 | R58: =+Q58*V58 -> 0 | S58: =+G58+I58+K58+M58+O58+Q58 -> 0 | T58: =+H58+J58+L58+N58+P58+R58 -> 0 | V58: =+V57 -> 790.42649 | W58: =+W57 -> 0 | X58: =+X57 -> 1008.4972 | AA58: =+AA57 -> 229.95494
A59: =+A58+1 -> 55 | B59: Huehuetenango | C59: Huehuetenango | E59: 0 | F59: 0 | G59: 55 | H59: =+G59*Y55 -> 5527.0616 | I59: 30 | J59: =+I59*Z59 -> 4972.7751 | K59: 18 | L59: 15474.479 | M59: 40 | N59: =+M59*X59 -> 40339.888 | O59: 132 | P59: =+O59*AA59 -> 30354.052 | Q59: 28 | R59: =+Q59*V59 -> 22131.942 | S59: =+G59+I59+K59+M59+O59+Q59 -> 303 | T59: =+H59+J59+L59+N59+P59+R59 -> 118800.2 | V59: =+V58 -> 790.42649 | W59: =+W58 -> 0 | X59: =+X58 -> 1008.4972 | Y59: =+Y55 -> 100.49203 | Z59: =+Z55 -> 165.75917 | AA59: =+AA58 -> 229.95494
A60: =+A59+1 -> 56 | C60: Aguacatan | E60: 0 | F60: 0 | G60: 37 | H60: =+G60*Y59 -> 3718.2051 | I60: 14 | J60: =+I60*Z60 -> 2320.6284 | K60: 5 | L60: 4298.4664 | M60: 0 | N60: =+M60*X60 -> 0 | O60: 21 | P60: =+O60*AA60 -> 4829.0537 | Q60: 12 | R60: =+Q60*V60 -> 9485.1178 | S60: =+G60+I60+K60+M60+O60+Q60 -> 89 | T60: =+H60+J60+L60+N60+P60+R60 -> 24651.471 | V60: =+V59 -> 790.42649 | W60: =+W59 -> 0 | X60: =+X59 -> 1008.4972 | Y60: =+Y59 -> 100.49203 | Z60: =+Z59 -> 165.75917 | AA60: =+AA59 -> 229.95494
A61: =+A60+1 -> 57 | C61: San Ildefonso Ixtahuacan | E61: 0 | F61: 0 | G61: 0 | H61: 0 | I61: 30 | J61: =+I61*Z61 -> 4972.7751 | K61: 9 | L61: 7737.2395 | M61: 21 | N61: =+M61*X61 -> 21178.441 | O61: 132 | P61: =+O61*AA61 -> 30354.052 | Q61: 31 | R61: =+Q61*V61 -> 24503.221 | S61: =+G61+I61+K61+M61+O61+Q61 -> 223 | T61: =+H61+J61+L61+N61+P61+R61 -> 88745.729 | V61: =+V60 -> 790.42649 | W61: =+W60 -> 0 | X61: =+X60 -> 1008.4972 | Z61: =+Z60 -> 165.75917 | AA61: =+AA60 -> 229.95494
A62: =+A61+1 -> 58 | C62: San Juan Ixcoy | E62: 0 | F62: 0 | G62: 0 | H62: 0 | I62: 58 | J62: =+I62*Z62 -> 9614.0319 | K62: 4 | L62: 3438.7731 | M62: 5 | N62: =+M62*X62 -> 5042.4859 | O62: 1 | P62: =+O62*AA62 -> 229.95494 | Q62: 27 | R62: =+Q62*V62 -> 21341.515 | S62: =+G62+I62+K62+M62+O62+Q62 -> 95 | T62: =+H62+J62+L62+N62+P62+R62 -> 39666.761 | V62: =+V61 -> 790.42649 | W62: =+W61 -> 0 | X62: =+X61 -> 1008.4972 | Z62: =+Z61 -> 165.75917 | AA62: =+AA61 -> 229.95494
A63: =+A62+1 -> 59 | C63: San Sebastian Huehuetenango | E63: 0 | F63: 0 | G63: 0 | H63: 0 | I63: 31 | J63: =+I63*Z63 -> 5138.5343 | K63: 9 | L63: 7737.2395 | M63: 10 | N63: =+M63*X63 -> 10084.972 | O63: 10 | P63: =+O63*AA63 -> 2299.5494 | Q63: 44 | R63: =+Q63*V63 -> 34778.765 | S63: =+G63+I63+K63+M63+O63+Q63 -> 104 | T63: =+H63+J63+L63+N63+P63+R63 -> 60039.061 | V63: =+V62 -> 790.42649 | W63: =+W62 -> 0 | X63: =+X62 -> 1008.4972 | Z63: =+Z62 -> 165.75917 | AA63: =+AA62 -> 229.95494
A64: =+A63+1 -> 60 | C64: Chiantla | E64: 0 | F64: 0 | G64: 51 | H64: =+G64*Y60 -> 5125.0935 | I64: 31 | J64: =+I64*Z64 -> 5138.5343 | K64: 9 | L64: 7737.2395 | M64: 35 | N64: =+M64*X64 -> 35297.402 | O64: 126 | P64: =+O64*AA64 -> 28974.322 | Q64: 26 | R64: =+Q64*V64 -> 20551.089 | S64: =+G64+I64+K64+M64+O64+Q64 -> 278 | T64: =+H64+J64+L64+N64+P64+R64 -> 102823.68 | V64: =+V63 -> 790.42649 | W64: =+W63 -> 0 | X64: =+X63 -> 1008.4972 | Y64: =+Y60 -> 100.49203 | Z64: =+Z63 -> 165.75917 | AA64: =+AA63 -> 229.95494
A65: =+A64+1 -> 61 | B65: Zacapa | C65: La Unión | E65: 0 | F65: 0 | G65: 21 | H65: =+G65*Y64 -> 2110.3326 | I65: 5 | J65: =+I65*Z65 -> 828.79585 | K65: 1 | L65: 859.69328 | M65: 23 | N65: =+M65*X65 -> 23195.435 | O65: 5 | P65: =+O65*AA65 -> 1149.7747 | Q65: 26 | R65: =+Q65*V65 -> 20551.089 | S65: =+G65+I65+K65+M65+O65+Q65 -> 81 | T65: =+H65+J65+L65+N65+P65+R65 -> 48695.12 | V65: =+V64 -> 790.42649 | W65: =+W64 -> 0 | X65: =+X64 -> 1008.4972 | Y65: =+Y64 -> 100.49203 | Z65: =+Z64 -> 165.75917 | AA65: =+AA64 -> 229.95494
A66: =+A65+1 -> 62 | C66: Gualán | E66: 0 | F66: 0 | G66: 13 | H66: =+G66*Y65 -> 1306.3964 | I66: 18 | J66: =+I66*Z66 -> 2983.6651 | K66: 4 | L66: 3438.7731 | M66: 0 | N66: =+M66*X66 -> 0 | O66: 5 | P66: =+O66*AA66 -> 1149.7747 | Q66: 5 | R66: =+Q66*V66 -> 3952.1324 | S66: =+G66+I66+K66+M66+O66+Q66 -> 45 | T66: =+H66+J66+L66+N66+P66+R66 -> 12830.742 | V66: =+V65 -> 790.42649 | W66: =+W65 -> 0 | X66: =+X65 -> 1008.4972 | Y66: =+Y65 -> 100.49203 | Z66: =+Z65 -> 165.75917 | AA66: =+AA65 -> 229.95494
A67: =+A66+1 -> 63 | C67: Estanzuela | E67: 0 | F67: 0 | G67: 0 | H67: 0 | I67: 25 | J67: =+I67*Z67 -> 4143.9793 | K67: 8 | L67: 6877.5463 | M67: 1 | N67: =+M67*X67 -> 1008.4972 | O67: 20 | P67: =+O67*AA67 -> 4599.0988 | Q67: 36 | R67: =+Q67*V67 -> 28455.354 | S67: =+G67+I67+K67+M67+O67+Q67 -> 90 | T67: =+H67+J67+L67+N67+P67+R67 -> 45084.475 | V67: =+V66 -> 790.42649 | W67: =+W66 -> 0 | X67: =+X66 -> 1008.4972 | Z67: =+Z66 -> 165.75917 | AA67: =+AA66 -> 229.95494
A68: =+A67+1 -> 64 | C68: Rio Hondo | E68: 0 | F68: 0 | G68: 0 | H68: 0 | I68: 15 | J68: =+I68*Z68 -> 2486.3876 | K68: 5 | L68: 4298.4664 | M68: 4 | N68: =+M68*X68 -> 4033.9888 | O68: 18 | P68: =+O68*AA68 -> 4139.1889 | Q68: 10 | R68: =+Q68*V68 -> 7904.2649 | S68: =+G68+I68+K68+M68+O68+Q68 -> 52 | T68: =+H68+J68+L68+N68+P68+R68 -> 22862.296 | V68: =+V67 -> 790.42649 | W68: =+W67 -> 0 | X68: =+X67 -> 1008.4972 | Z68: =+Z67 -> 165.75917 | AA68: =+AA67 -> 229.95494
A69: =+A68+1 -> 65 | C69: Teculutan | E69: 0 | F69: 0 | G69: 0 | H69: 0 | I69: 16 | J69: =+I69*Z69 -> 2652.1467 | K69: 20 | L69: 17193.866 | M69: 0 | N69: =+M69*X69 -> 0 | O69: 14 | P69: =+O69*AA69 -> 3219.3691 | Q69: 30 | R69: =+Q69*V69 -> 23712.795 | S69: =+G69+I69+K69+M69+O69+Q69 -> 80 | T69: =+H69+J69+L69+N69+P69+R69 -> 46778.176 | V69: =+V68 -> 790.42649 | W69: =+W68 -> 0 | X69: =+X68 -> 1008.4972 | Z69: =+Z68 -> 165.75917 | AA69: =+AA68 -> 229.95494
A70: =+A69+1 -> 66 | C70: Zacapa | E70: 0 | F70: 0 | G70: 57 | H70: =+G70*Y66 -> 5728.0456 | I70: 80 | J70: =+I70*Z70 -> 13260.734 | K70: 9 | L70: 7737.2395 | M70: 26 | N70: =+M70*X70 -> 26220.927 | O70: 133 | P70: =+O70*AA70 -> 30584.007 | Q70: 35 | R70: =+Q70*V70 -> 27664.927 | S70: =+G70+I70+K70+M70+O70+Q70 -> 340 | T70: =+H70+J70+L70+N70+P70+R70 -> 111195.88 | V70: =+V69 -> 790.42649 | W70: =+W69 -> 0 | X70: =+X69 -> 1008.4972 | Y70: =+Y66 -> 100.49203 | Z70: =+Z69 -> 165.75917 | AA70: =+AA69 -> 229.95494
A71: =+A70+1 -> 67 | B71: Jalapa | C71: Jalapa | E71: 0 | F71: 0 | G71: 102 | H71: =+G71*Y70 -> 10250.187 | I71: 274 | J71: =+I71*Z71 -> 45418.013 | K71: 15 | L71: 12895.399 | M71: 76 | N71: =+M71*X71 -> 76645.786 | O71: 261 | P71: =+O71*AA71 -> 60018.239 | Q71: 139 | R71: =+Q71*V71 -> 109869.28 | S71: =+G71+I71+K71+M71+O71+Q71 -> 867 | T71: =+H71+J71+L71+N71+P71+R71 -> 315096.91 | V71: =+V70 -> 790.42649 | W71: =+W70 -> 0 | X71: =+X70 -> 1008.4972 | Y71: =+Y70 -> 100.49203 | Z71: =+Z70 -> 165.75917 | AA71: =+AA70 -> 229.95494
A72: =+A71+1 -> 68 | C72: San Pedro Pinula | E72: 0 | F72: 0 | G72: 50 | H72: =+G72*Y71 -> 5024.6014 | I72: 113 | J72: =+I72*Z72 -> 18730.786 | K72: 0 | L72: 0 | M72: 38 | N72: =+M72*X72 -> 38322.893 | O72: 125 | P72: =+O72*AA72 -> 28744.367 | Q72: 4 | R72: =+Q72*V72 -> 3161.7059 | S72: =+G72+I72+K72+M72+O72+Q72 -> 330 | T72: =+H72+J72+L72+N72+P72+R72 -> 93984.354 | V72: =+V71 -> 790.42649 | W72: =+W71 -> 0 | X72: =+X71 -> 1008.4972 | Y72: =+Y71 -> 100.49203 | Z72: =+Z71 -> 165.75917 | AA72: =+AA71 -> 229.95494
A73: =+A72+1 -> 69 | C73: San Carlos Alzatate | E73: 0 | F73: 0 | G73: 30 | H73: =+G73*Y72 -> 3014.7609 | I73: 154 | J73: =+I73*Z73 -> 25526.912 | K73: 70 | L73: 60178.53 | M73: 47 | N73: =+M73*X73 -> 47399.368 | O73: 130 | P73: =+O73*AA73 -> 29894.142 | Q73: 127 | R73: =+Q73*V73 -> 100384.16 | S73: =+G73+I73+K73+M73+O73+Q73 -> 558 | T73: =+H73+J73+L73+N73+P73+R73 -> 266397.88 | V73: =+V72 -> 790.42649 | W73: =+W72 -> 0 | X73: =+X72 -> 1008.4972 | Y73: =+Y72 -> 100.49203 | Z73: =+Z72 -> 165.75917 | AA73: =+AA72 -> 229.95494
A74: =+A73+1 -> 70 | C74: San Manuel Chaparron | E74: 0 | F74: 0 | G74: 0 | H74: 0 | I74: 207 | J74: =+I74*Z74 -> 34312.148 | K74: 20 | L74: 17193.866 | M74: 40 | N74: =+M74*X74 -> 40339.888 | O74: 147 | P74: =+O74*AA74 -> 33803.376 | Q74: 157 | R74: =+Q74*V74 -> 124096.96 | S74: =+G74+I74+K74+M74+O74+Q74 -> 571 | T74: =+H74+J74+L74+N74+P74+R74 -> 249746.24 | V74: =+V73 -> 790.42649 | W74: =+W73 -> 0 | X74: =+X73 -> 1008.4972 | Z74: =+Z73 -> 165.75917 | AA74: =+AA73 -> 229.95494
A75: =+A74+1 -> 71 | C75: Mataquescuintla | E75: 0 | F75: 0 | G75: 0 | H75: 0 | I75: 300 | J75: =+I75*Z75 -> 49727.751 | K75: 39 | L75: 33528.038 | M75: 20 | N75: =+M75*X75 -> 20169.944 | O75: 289 | P75: =+O75*AA75 -> 66456.977 | Q75: 256 | R75: =+Q75*V75 -> 202349.18 | S75: =+G75+I75+K75+M75+O75+Q75 -> 904 | T75: =+H75+J75+L75+N75+P75+R75 -> 372231.89 | V75: =+V74 -> 790.42649 | W75: =+W74 -> 0 | X75: =+X74 -> 1008.4972 | Z75: =+Z74 -> 165.75917 | AA75: =+AA74 -> 229.95494
A76: =+A75+1 -> 72 | C76: San Luis Jilotepeque | E76: 0 | F76: 0 | G76: 60 | H76: =+G76*Y73 -> 6029.5217 | I76: 120 | J76: =+I76*Z76 -> 19891.101 | K76: 0 | L76: 0 | M76: 0 | N76: =+M76*X76 -> 0 | O76: 157 | P76: =+O76*AA76 -> 36102.925 | Q76: 70 | R76: =+Q76*V76 -> 55329.854 | S76: =+G76+I76+K76+M76+O76+Q76 -> 407 | T76: =+H76+J76+L76+N76+P76+R76 -> 117353.4 | V76: =+V75 -> 790.42649 | W76: =+W75 -> 0 | X76: =+X75 -> 1008.4972 | Y76: =+Y73 -> 100.49203 | Z76: =+Z75 -> 165.75917 | AA76: =+AA75 -> 229.95494
A77: =+A76+1 -> 73 | B77: Jutiapa | C77: Comapa | E77: 0 | F77: 0 | G77: 0 | H77: 0 | I77: 32 | J77: =+I77*Z77 -> 5304.2935 | K77: 9 | L77: 7737.2395 | M77: 2 | N77: =+M77*X77 -> 2016.9944 | O77: 4 | P77: =+O77*AA77 -> 919.81975 | Q77: 11 | R77: =+Q77*V77 -> 8694.6914 | S77: =+G77+I77+K77+M77+O77+Q77 -> 58 | T77: =+H77+J77+L77+N77+P77+R77 -> 24673.038 | V77: =+V76 -> 790.42649 | W77: =+W76 -> 0 | X77: =+X76 -> 1008.4972 | Z77: =+Z76 -> 165.75917 | AA77: =+AA76 -> 229.95494
A78: =+A77+1 -> 74 | C78: El Adelanto | E78: 0 | F78: 0 | G78: 0 | H78: 0 | I78: 30 | J78: =+I78*Z78 -> 4972.7751 | K78: 14 | L78: 12035.706 | M78: 14 | N78: =+M78*X78 -> 14118.961 | O78: 3 | P78: =+O78*AA78 -> 689.86481 | Q78: 6 | R78: =+Q78*V78 -> 4742.5589 | S78: =+G78+I78+K78+M78+O78+Q78 -> 67 | T78: =+H78+J78+L78+N78+P78+R78 -> 36559.865 | V78: =+V77 -> 790.42649 | W78: =+W77 -> 0 | X78: =+X77 -> 1008.4972 | Z78: =+Z77 -> 165.75917 | AA78: =+AA77 -> 229.95494
A79: =+A78+1 -> 75 | C79: Jutiapa | E79: 0 | F79: 0 | G79: 25 | H79: =+G79*Y76 -> 2512.3007 | I79: 11 | J79: =+I79*Z79 -> 1823.3509 | K79: 11 | L79: 9456.6261 | M79: 9 | N79: =+M79*X79 -> 9076.4747 | O79: 1 | P79: =+O79*AA79 -> 229.95494 | Q79: 2 | R79: =+Q79*V79 -> 1580.853 | S79: =+G79+I79+K79+M79+O79+Q79 -> 59 | T79: =+H79+J79+L79+N79+P79+R79 -> 24679.56 | V79: =+V78 -> 790.42649 | W79: =+W78 -> 0 | X79: =+X78 -> 1008.4972 | Y79: =+Y76 -> 100.49203 | Z79: =+Z78 -> 165.75917 | AA79: =+AA78 -> 229.95494
A80: =+A79+1 -> 76 | C80: Yupiltepeque | E80: 0 | F80: 0 | G80: 0 | H80: 0 | I80: 0 | J80: =+I80*Z80 -> 0 | K80: 0 | L80: 0 | M80: 0 | N80: =+M80*X80 -> 0 | O80: 5 | P80: =+O80*AA80 -> 1149.7747 | Q80: 48 | R80: =+Q80*V80 -> 37940.471 | S80: =+G80+I80+K80+M80+O80+Q80 -> 53 | T80: =+H80+J80+L80+N80+P80+R80 -> 39090.246 | V80: =+V79 -> 790.42649 | W80: =+W79 -> 0 | X80: =+X79 -> 1008.4972 | AA80: =+AA79 -> 229.95494
A81: =+A80+1 -> 77 | C81: Moyuta | E81: 0 | F81: 0 | G81: 0 | H81: 0 | I81: 0 | J81: =+I81*Z81 -> 0 | K81: 0 | L81: 0 | M81: 0 | N81: =+M81*X81 -> 0 | O81: 0 | P81: =+O81*AA81 -> 0 | Q81: 0 | R81: =+Q81*V81 -> 0 | S81: =+G81+I81+K81+M81+O81+Q81 -> 0 | T81: =+H81+J81+L81+N81+P81+R81 -> 0 | V81: =+V80 -> 790.42649 | W81: =+W80 -> 0 | X81: =+X80 -> 1008.4972 | AA81: =+AA80 -> 229.95494
A82: =+A81+1 -> 78 | C82: Jalpatagua | E82: 0 | F82: 0 | G82: 0 | H82: 0 | I82: 0 | J82: =+I82*Z82 -> 0 | K82: 0 | L82: 0 | M82: 0 | N82: =+M82*X82 -> 0 | O82: 0 | P82: =+O82*AA82 -> 0 | Q82: 0 | R82: =+Q82*V82 -> 0 | S82: =+G82+I82+K82+M82+O82+Q82 -> 0 | T82: =+H82+J82+L82+N82+P82+R82 -> 0 | V82: =+V81 -> 790.42649 | W82: =+W81 -> 0 | X82: =+X81 -> 1008.4972 | AA82: =+AA81 -> 229.95494
A83: =+A82+1 -> 79 | C83: San José Acatempa | E83: 0 | F83: 0 | G83: 0 | H83: 0 | I83: 0 | J83: =+I83*Z83 -> 0 | K83: 0 | L83: 0 | M83: 0 | N83: =+M83*X83 -> 0 | O83: 0 | P83: =+O83*AA83 -> 0 | Q83: 0 | R83: =+Q83*V83 -> 0 | S83: =+G83+I83+K83+M83+O83+Q83 -> 0 | T83: =+H83+J83+L83+N83+P83+R83 -> 0 | V83: =+V82 -> 790.42649 | W83: =+W82 -> 0 | X83: =+X82 -> 1008.4972 | AA83: =+AA82 -> 229.95494
A84: =+A83+1 -> 80 | C84: Santa Catarina Mita | E84: 0 | F84: 0 | G84: 0 | H84: 0 | I84: 0 | J84: =+I84*Z84 -> 0 | K84: 0 | L84: 0 | M84: 0 | N84: =+M84*X84 -> 0 | O84: 0 | P84: =+O84*AA84 -> 0 | Q84: 0 | R84: =+Q84*V84 -> 0 | S84: =+G84+I84+K84+M84+O84+Q84 -> 0 | T84: =+H84+J84+L84+N84+P84+R84 -> 0 | V84: =+V83 -> 790.42649 | W84: =+W83 -> 0 | X84: =+X83 -> 1008.4972 | AA84: =+AA83 -> 229.95494
A85: =+A84+1 -> 81 | B85: Chiquimula | C85: Jocotán | E85: 0 | F85: 0 | G85: 20 | H85: =+G85*Y79 -> 2009.8406 | I85: 66 | J85: =+I85*Z85 -> 10940.105 | K85: 58 | L85: 49862.21 | M85: 36 | N85: =+M85*X85 -> 36305.899 | O85: 186 | P85: =+O85*AA85 -> 42771.618 | Q85: 153 | R85: =+Q85*V85 -> 120935.25 | S85: =+G85+I85+K85+M85+O85+Q85 -> 519 | T85: =+H85+J85+L85+N85+P85+R85 -> 262824.93 | V85: =+V84 -> 790.42649 | W85: =+W84 -> 0 | X85: =+X84 -> 1008.4972 | Y85: =+Y79 -> 100.49203 | Z85: =+Z79 -> 165.75917 | AA85: =+AA84 -> 229.95494
A86: =+A85+1 -> 82 | C86: Olopa | E86: 0 | F86: 0 | G86: 21 | H86: =+G86*Y85 -> 2110.3326 | I86: 200 | J86: =+I86*Z86 -> 33151.834 | K86: 69 | L86: 59318.836 | M86: 1 | N86: =+M86*X86 -> 1008.4972 | O86: 162 | P86: =+O86*AA86 -> 37252.7 | Q86: 125 | R86: =+Q86*V86 -> 98803.311 | S86: =+G86+I86+K86+M86+O86+Q86 -> 578 | T86: =+H86+J86+L86+N86+P86+R86 -> 231645.51 | V86: =+V85 -> 790.42649 | W86: =+W85 -> 0 | X86: =+X85 -> 1008.4972 | Y86: =+Y85 -> 100.49203 | Z86: =+Z85 -> 165.75917 | AA86: =+AA85 -> 229.95494
A87: =+A86+1 -> 83 | C87: Chiquimula | E87: 0 | F87: 0 | G87: 0 | H87: =+G87*Y86 -> 0 | I87: 46 | J87: =+I87*Z87 -> 7624.9219 | K87: 79 | L87: 67915.769 | M87: 45 | N87: =+M87*X87 -> 45382.374 | O87: 212 | P87: =+O87*AA87 -> 48750.447 | Q87: 203 | R87: =+Q87*V87 -> 160456.58 | S87: =+G87+I87+K87+M87+O87+Q87 -> 585 | T87: =+H87+J87+L87+N87+P87+R87 -> 330130.09 | V87: =+V86 -> 790.42649 | W87: =+W86 -> 0 | X87: =+X86 -> 1008.4972 | Y87: =+Y86 -> 100.49203 | Z87: =+Z86 -> 165.75917 | AA87: =+AA86 -> 229.95494
A88: =+A87+1 -> 84 | C88: Camotan | E88: 0 | F88: 0 | G88: 0 | H88: 0 | I88: 13 | J88: =+I88*Z88 -> 2154.8692 | K88: 10 | L88: 8596.9328 | M88: 52 | N88: =+M88*X88 -> 52441.854 | O88: 5 | P88: =+O88*AA88 -> 1149.7747 | Q88: 148 | R88: =+Q88*V88 -> 116983.12 | S88: =+G88+I88+K88+M88+O88+Q88 -> 228 | T88: =+H88+J88+L88+N88+P88+R88 -> 181326.55 | V88: =+V87 -> 790.42649 | W88: =+W87 -> 0 | X88: =+X87 -> 1008.4972 | Z88: =+Z87 -> 165.75917 | AA88: =+AA87 -> 229.95494
A89: =+A88+1 -> 85 | C89: San Juan La Ermita | E89: 0 | F89: 0 | G89: 18 | H89: =+G89*Y87 -> 1808.8565 | I89: 152 | J89: =+I89*Z89 -> 25195.394 | K89: 60 | L89: 51581.597 | M89: 37 | N89: =+M89*X89 -> 37314.396 | O89: 175 | P89: =+O89*AA89 -> 40242.114 | Q89: 133 | R89: =+Q89*V89 -> 105126.72 | S89: =+G89+I89+K89+M89+O89+Q89 -> 575 | T89: =+H89+J89+L89+N89+P89+R89 -> 261269.08 | V89: =+V88 -> 790.42649 | W89: =+W88 -> 0 | X89: =+X88 -> 1008.4972 | Y89: =+Y87 -> 100.49203 | Z89: =+Z88 -> 165.75917 | AA89: =+AA88 -> 229.95494
A90: =+A89+1 -> 86 | B90: Santa Rosa | C90: Barberena | E90: 0 | F90: 0 | G90: 18 | H90: =+G90*Y89 -> 1808.8565 | I90: 6 | J90: =+I90*Z90 -> 994.55503 | K90: 48 | L90: 41265.278 | M90: 22 | N90: =+M90*X90 -> 22186.938 | O90: 122 | P90: =+O90*AA90 -> 28054.502 | Q90: 102 | R90: =+Q90*V90 -> 80623.502 | S90: =+G90+I90+K90+M90+O90+Q90 -> 318 | T90: =+H90+J90+L90+N90+P90+R90 -> 174933.63 | V90: =+V89 -> 790.42649 | W90: =+W89 -> 0 | X90: =+X89 -> 1008.4972 | Y90: =+Y89 -> 100.49203 | Z90: =+Z89 -> 165.75917 | AA90: =+AA89 -> 229.95494
A91: =+A90+1 -> 87 | C91: Taxisco | E91: 0 | F91: 0 | G91: 28 | H91: =+G91*Y90 -> 2813.7768 | I91: 142 | J91: =+I91*Z91 -> 23537.802 | K91: 18 | L91: 15474.479 | M91: 10 | N91: =+M91*X91 -> 10084.972 | O91: 120 | P91: =+O91*AA91 -> 27594.593 | Q91: 100 | R91: =+Q91*V91 -> 79042.649 | S91: =+G91+I91+K91+M91+O91+Q91 -> 418 | T91: =+H91+J91+L91+N91+P91+R91 -> 158548.27 | V91: =+V90 -> 790.42649 | W91: =+W90 -> 0 | X91: =+X90 -> 1008.4972 | Y91: =+Y90 -> 100.49203 | Z91: =+Z90 -> 165.75917 | AA91: =+AA90 -> 229.95494
A92: =+A91+1 -> 88 | C92: Chiquimulilla | E92: 0 | F92: 0 | G92: 46 | H92: =+G92*Y91 -> 4622.6333 | I92: 131 | J92: =+I92*Z92 -> 21714.451 | K92: 9 | L92: 7737.2395 | M92: 3 | N92: =+M92*X92 -> 3025.4916 | O92: 120 | P92: =+O92*AA92 -> 27594.593 | Q92: 104 | R92: =+Q92*V92 -> 82204.355 | S92: =+G92+I92+K92+M92+O92+Q92 -> 413 | T92: =+H92+J92+L92+N92+P92+R92 -> 146898.76 | V92: =+V91 -> 790.42649 | W92: =+W91 -> 0 | X92: =+X91 -> 1008.4972 | Y92: =+Y91 -> 100.49203 | Z92: =+Z91 -> 165.75917 | AA92: =+AA91 -> 229.95494
A93: =+A92+1 -> 89 | C93: Cuilapa | E93: 0 | F93: 0 | G93: 32 | H93: =+G93*Y92 -> 3215.7449 | I93: 122 | J93: =+I93*Z93 -> 20222.619 | K93: 5 | L93: 4298.4664 | M93: 0 | N93: =+M93*X93 -> 0 | O93: 0 | P93: =+O93*AA93 -> 0 | Q93: 102 | R93: =+Q93*V93 -> 80623.502 | S93: =+G93+I93+K93+M93+O93+Q93 -> 261 | T93: =+H93+J93+L93+N93+P93+R93 -> 108360.33 | V93: =+V92 -> 790.42649 | W93: =+W92 -> 0 | X93: =+X92 -> 1008.4972 | Y93: =+Y92 -> 100.49203 | Z93: =+Z92 -> 165.75917 | AA93: =+AA92 -> 229.95494
A94: =+A93+1 -> 90 | C94: Pueblo Nuevo Viñas | E94: 0 | F94: 0 | G94: 67 | H94: =+G94*Y93 -> 6732.9659 | I94: 118 | J94: =+I94*Z94 -> 19559.582 | K94: 13 | L94: 11176.013 | M94: 9 | N94: =+M94*X94 -> 9076.4747 | O94: 142 | P94: =+O94*AA94 -> 32653.601 | Q94: 103 | R94: =+Q94*V94 -> 81413.928 | S94: =+G94+I94+K94+M94+O94+Q94 -> 452 | T94: =+H94+J94+L94+N94+P94+R94 -> 160612.56 | V94: =+V93 -> 790.42649 | W94: =+W93 -> 0 | X94: =+X93 -> 1008.4972 | Y94: =+Y93 -> 100.49203 | Z94: =+Z93 -> 165.75917 | AA94: =+AA93 -> 229.95494
A95: =+A94+1 -> 91 | B95: Retalhuleu | C95: Retalhuleu | E95: 0 | F95: 0 | G95: 39 | H95: =+G95*Y94 -> 3919.1891 | I95: 183 | J95: =+I95*Z95 -> 30333.928 | K95: 48 | L95: 41265.278 | M95: 16 | N95: =+M95*X95 -> 16135.955 | O95: 251 | P95: =+O95*AA95 -> 57718.689 | Q95: 21 | R95: =+Q95*V95 -> 16598.956 | S95: =+G95+I95+K95+M95+O95+Q95 -> 558 | T95: =+H95+J95+L95+N95+P95+R95 -> 165972 | V95: =+V94 -> 790.42649 | W95: =+W94 -> 0 | X95: =+X94 -> 1008.4972 | Y95: =+Y94 -> 100.49203 | Z95: =+Z94 -> 165.75917 | AA95: =+AA94 -> 229.95494
A96: =+A95+1 -> 92 | C96: Nuevo San Carlos | E96: 0 | F96: 0 | G96: 56 | H96: =+G96*Y95 -> 5627.5536 | I96: 184 | J96: =+I96*Z96 -> 30499.687 | K96: 96 | L96: 82530.555 | M96: 7 | N96: =+M96*X96 -> 7059.4803 | O96: 250 | P96: =+O96*AA96 -> 57488.735 | Q96: 14 | R96: =+Q96*V96 -> 11065.971 | S96: =+G96+I96+K96+M96+O96+Q96 -> 607 | T96: =+H96+J96+L96+N96+P96+R96 -> 194271.98 | V96: =+V95 -> 790.42649 | W96: =+W95 -> 0 | X96: =+X95 -> 1008.4972 | Y96: =+Y95 -> 100.49203 | Z96: =+Z95 -> 165.75917 | AA96: =+AA95 -> 229.95494
A97: =+A96+1 -> 93 | C97: Santa Cruz Muluá | E97: 0 | F97: 0 | G97: 94 | H97: =+G97*Y96 -> 9446.2507 | I97: 103 | J97: =+I97*Z97 -> 17073.195 | K97: 2 | L97: 1719.3866 | M97: 32 | N97: =+M97*X97 -> 32271.91 | O97: 245 | P97: =+O97*AA97 -> 56338.96 | Q97: 15 | R97: =+Q97*V97 -> 11856.397 | S97: =+G97+I97+K97+M97+O97+Q97 -> 491 | T97: =+H97+J97+L97+N97+P97+R97 -> 128706.1 | V97: =+V96 -> 790.42649 | W97: =+W96 -> 0 | X97: =+X96 -> 1008.4972 | Y97: =+Y96 -> 100.49203 | Z97: =+Z96 -> 165.75917 | AA97: =+AA96 -> 229.95494
A98: =+A97+1 -> 94 | C98: Champerico | E98: 0 | F98: 0 | G98: 0 | H98: 0 | I98: 56 | J98: =+I98*Z98 -> 9282.5136 | K98: 8 | L98: 6877.5463 | M98: 88 | N98: =+M98*X98 -> 88747.753 | O98: 194 | P98: =+O98*AA98 -> 44611.258 | Q98: 17 | R98: =+Q98*V98 -> 13437.25 | S98: =+G98+I98+K98+M98+O98+Q98 -> 363 | T98: =+H98+J98+L98+N98+P98+R98 -> 162956.32 | V98: =+V97 -> 790.42649 | W98: =+W97 -> 0 | X98: =+X97 -> 1008.4972 | Z98: =+Z97 -> 165.75917 | AA98: =+AA97 -> 229.95494
A99: =+A98+1 -> 95 | C99: El Asintal | E99: 0 | F99: 0 | G99: 0 | H99: 0 | I99: 50 | J99: =+I99*Z99 -> 8287.9585 | K99: 50 | L99: 42984.664 | M99: 28 | N99: =+M99*X99 -> 28237.921 | O99: 358 | P99: =+O99*AA99 -> 82323.868 | Q99: 8 | R99: =+Q99*V99 -> 6323.4119 | S99: =+G99+I99+K99+M99+O99+Q99 -> 494 | T99: =+H99+J99+L99+N99+P99+R99 -> 168157.82 | V99: =+V98 -> 790.42649 | W99: =+W98 -> 0 | X99: =+X98 -> 1008.4972 | Z99: =+Z98 -> 165.75917 | AA99: =+AA98 -> 229.95494
A100: =+A99+1 -> 96 | C100: San Sebastían | E100: 0 | F100: 0 | G100: 53 | H100: =+G100*Y97 -> 5326.0775 | I100: 134 | J100: =+I100*Z100 -> 22211.729 | K100: 8 | L100: 6877.5463 | M100: 23 | N100: =+M100*X100 -> 23195.435 | O100: 318 | P100: =+O100*AA100 -> 73125.67 | Q100: 0 | R100: =+Q100*V100 -> 0 | S100: =+G100+I100+K100+M100+O100+Q100 -> 536 | T100: =+H100+J100+L100+N100+P100+R100 -> 130736.46 | V100: =+V99 -> 790.42649 | W100: =+W99 -> 0 | X100: =+X99 -> 1008.4972 | Y100: =+Y97 -> 100.49203 | Z100: =+Z99 -> 165.75917 | AA100: =+AA99 -> 229.95494
A101: =+A100+1 -> 97 | B101: Escuintla | C101: Santa Lucia Cotzumalguapa | E101: 0 | F101: 0 | G101: 52 | H101: =+G101*Y100 -> 5225.5855 | I101: 55 | J101: =+I101*Z101 -> 9116.7544 | K101: 4 | L101: 3438.7731 | M101: 0 | N101: =+M101*X101 -> 0 | O101: 127 | P101: =+O101*AA101 -> 29204.277 | Q101: 5 | R101: =+Q101*V101 -> 3952.1324 | S101: =+G101+I101+K101+M101+O101+Q101 -> 243 | T101: =+H101+J101+L101+N101+P101+R101 -> 50937.523 | V101: =+V100 -> 790.42649 | W101: =+W100 -> 0 | X101: =+X100 -> 1008.4972 | Y101: =+Y100 -> 100.49203 | Z101: =+Z100 -> 165.75917 | AA101: =+AA100 -> 229.95494
...

Sheet BOLSA
C2: MINISTERIO DE DESARROLLO SOCIAL
C3: PROGRAMA SOCIAL BOLSA SOCIAL
C4: TRANSFERENCIA MONETARIA CONDICIONADA PARA ALIMENTOS
C5: APORTES POR DEPARTAMENTO Y MUNICIPIO AÑO 2026
G7: ENERO | H7: FEBRERO | I7: MARZO | K7: ABRIL | N7: MAYO | P7: JUNIO | Q7: JULIO
C8: No. | D8: DEPARTAMENTO | E8: MUNICIPIO | F8: UBICACIÓN GEOGRAFICA | I8: PLANILLA 1 | J8: PLANILLA 2 | K8: PLANILLA 3 | L8: PLANILLA 4 | M8: PLANILLA 5 | N8: PLANILLA 5AD | O8: PLANILLA 6 | P8: PLANILLA 7 | Q8: PLANILLA 8 | R8: APORTES AGOSTO | S8: APORTES SEPTIEMBRE | T8: APORTES OCTUBRE | U8: APORTES NOVIEMBRE | V8: APORTES DICIEMBRE | W8: TOTAL APORTES EFECTUADOS | X8: MONTO TOTAL EJECUTADO Q.
C9: 1 | D9: GUATEMALA | E9: GUATEMALA | F9: 101 | G9: 0 | H9: 0 | I9: 4327 | J9: 4327 | K9: 7792 | L9: 7792 | N9: 7782 | O9: 7770 | P9: 8530 | Q9: 10208 | W9: =SUM(H9:V9) -> 58528 | X9: =+W9*325 -> 19021600
C10: 2 | E10: SANTA CATARINA PINULA | F10: 102 | G10: 0 | H10: 0 | I10: 577 | J10: 577 | K10: 595 | L10: 595 | N10: 603 | O10: 599 | P10: 609 | Q10: 597 | W10: =SUM(H10:V10) -> 4752 | X10: =+W10*325 -> 1544400
C11: 3 | E11: SAN JOSÉ PINULA | F11: 103 | G11: 0 | H11: 0 | I11: 758 | J11: 758 | K11: 769 | L11: 769 | N11: 774 | O11: 767 | P11: 781 | Q11: 760 | W11: =SUM(H11:V11) -> 6136 | X11: =+W11*325 -> 1994200
C12: 4 | E12: SAN JOSÉ DEL GOLFO | F12: 104 | G12: 0 | H12: 0 | I12: 222 | J12: 222 | K12: 226 | L12: 226 | M12: 226 | N12: 0 | O12: 223 | P12: 228 | Q12: 226 | W12: =SUM(H12:V12) -> 1799 | X12: =+W12*325 -> 584675
C13: 5 | E13: PALENCIA | F13: 105 | G13: 0 | H13: 0 | I13: 3028 | J13: 3028 | K13: 3067 | L13: 3067 | N13: 3077 | O13: 3063 | P13: 3083 | Q13: 3050 | W13: =SUM(H13:V13) -> 24463 | X13: =+W13*325 -> 7950475
C14: 6 | E14: CHINAUTLA | F14: 106 | G14: 0 | H14: 0 | I14: 2694 | J14: 2694 | K14: 2726 | L14: 2726 | N14: 2741 | O14: 2731 | P14: 2743 | Q14: 2702 | W14: =SUM(H14:V14) -> 21757 | X14: =+W14*325 -> 7071025
C15: 7 | E15: SAN PEDRO AYAMPUC | F15: 107 | G15: 0 | H15: 0 | I15: 2893 | J15: 2893 | K15: 2924 | L15: 2924 | N15: 2926 | O15: 2921 | P15: 2933 | Q15: 2867 | W15: =SUM(H15:V15) -> 23281 | X15: =+W15*325 -> 7566325
C16: 8 | E16: MIXCO | F16: 108 | G16: 0 | H16: 0 | I16: 3942 | J16: 3942 | K16: 3996 | L16: 3996 | N16: 4004 | O16: 3993 | P16: 4005 | Q16: 3933 | W16: =SUM(H16:V16) -> 31811 | X16: =+W16*325 -> 10338575
C17: 9 | E17: SAN PEDRO SACATEPÉQUEZ | F17: 109 | G17: 0 | H17: 0 | I17: 2567 | J17: 2567 | K17: 2583 | L17: 2583 | N17: 2582 | O17: 2571 | P17: 2589 | Q17: 3532 | W17: =SUM(H17:V17) -> 21574 | X17: =+W17*325 -> 7011550
C18: 10 | E18: SAN JUAN SACATEPÉQUEZ | F18: 110 | G18: 0 | H18: 0 | I18: 4923 | J18: 4923 | K18: 4991 | L18: 4991 | N18: 5032 | O18: 5020 | P18: 5048 | Q18: 5003 | W18: =SUM(H18:V18) -> 39931 | X18: =+W18*325 -> 12977575
C19: 11 | E19: SAN RAYMUNDO | F19: 111 | G19: 0 | H19: 0 | I19: 2386 | J19: 2386 | K19: 2398 | L19: 2398 | N19: 2403 | O19: 2396 | P19: 2410 | Q19: 2391 | W19: =SUM(H19:V19) -> 19168 | X19: =+W19*325 -> 6229600
C20: 12 | E20: CHUARRANCHO | F20: 112 | G20: 0 | H20: 0 | I20: 767 | J20: 767 | K20: 773 | L20: 773 | N20: 773 | O20: 770 | P20: 780 | Q20: 762 | W20: =SUM(H20:V20) -> 6165 | X20: =+W20*325 -> 2003625
C21: 13 | E21: FRAIJANES | F21: 113 | G21: 0 | H21: 0 | I21: 774 | J21: 774 | K21: 797 | L21: 797 | M21: 797 | N21: 0 | O21: 785 | P21: 803 | Q21: 798 | W21: =SUM(H21:V21) -> 6325 | X21: =+W21*325 -> 2055625
C22: 14 | E22: AMATITLÁN | F22: 114 | G22: 0 | H22: 0 | I22: 1982 | J22: 1982 | K22: 2010 | L22: 2010 | N22: 2005 | O22: 2003 | P22: 2013 | Q22: 2003 | W22: =SUM(H22:V22) -> 16008 | X22: =+W22*325 -> 5202600
C23: 15 | E23: VILLA NUEVA | F23: 115 | G23: 0 | H23: 0 | I23: 9420 | J23: 9420 | K23: 9605 | L23: 9605 | N23: 9590 | O23: 9576 | P23: 9629 | Q23: 9495 | W23: =SUM(H23:V23) -> 76340 | X23: =+W23*325 -> 24810500
C24: 16 | E24: VILLA CANALES | F24: 116 | G24: 0 | H24: 0 | I24: 4826 | J24: 4826 | K24: 4860 | L24: 4860 | N24: 4853 | O24: 4848 | P24: 4855 | Q24: 4810 | W24: =SUM(H24:V24) -> 38738 | X24: =+W24*325 -> 12589850
C25: 17 | E25: SAN MIGUEL PETAPA | F25: 117 | G25: 0 | H25: 0 | I25: 1848 | J25: 1848 | K25: 1873 | L25: 1873 | M25: 1873 | N25: 0 | O25: 1829 | P25: 1891 | Q25: 1863 | W25: =SUM(H25:V25) -> 14898 | X25: =+W25*325 -> 4841850
C26: TOTAL | H26: =SUM(H9:H25) -> 0 | I26: =SUM(I9:I25) -> 47934 | J26: =SUM(J9:J25) -> 47934 | K26: =SUM(K9:K25) -> 51985 | L26: =SUM(L9:L25) -> 51985 | M26: =SUM(M9:M25) -> 2896 | N26: =SUM(N9:N25) -> 49145 | O26: =SUM(O9:O25) -> 51865 | ... X26: =SUM(X9:X25) -> 133794050
G27: =+G26*2325 -> 0 | H27: =+H26*2325 -> 0 | I27: =+I26*325 -> 15578550 | J27: =+J26*325 -> 15578550 | K27: =+K26*325 -> 16895125 | L27: =+L26*325 -> 16895125 | M27: =+M26*325 -> 941200 | N27: =+N26*325 -> 15972125 | O27: =+O26*325 -> 16856125 | P27: =+P26*325 -> 17202250 | ... W27: =+W26*325 -> 133794050
W30: Presupuesto Asignado vgente | X30: 214000000
W31: Presupuesto por ejecutar | X31: =+X30-X26 -> 80205950

Sheet COMEDORES
A1: PROGRAMA SOCIAL "COMEDOR SOCIAL"
A2: AÑO 2026
A3: NO. | B3: DEPARTAMENTO | C3: MUNICIPIO | D3: UNIDAD DE MEDIDA | E3: EJECUCIÓN 30 ENERO | G3: EJECUCIÓN 28 FEBRERO | I3: EJECUCIÓN 31 MARZO | K3: EJECUCIÓN 30 ABRIL | M3: EJECUCIÓN 31 MAYO | O3: EJECUCIÓN 30 JUNIO | Q3: EJECUCIÓN 31 JULIO | S3: EJECUCIÓN 31 AGOSTO | U3: EJECUCIÓN 30 SEPTIEMBRE | W3: EJECUCIÓN 31 OCTUBRE | Y3: EJECUCIÓN 30 NOVIEMBRE | AA3: EJECUCIÓN 31 DICIEMBRE | AC3: EJECUCIÓN TOTAL 2026
E4: FÍSICA | F4: FINANCIERA | G4: FÍSICA | H4: FINANCIERA | I4: FÍSICA | J4: FINANCIERA | K4: FÍSICA | L4: FINANCIERA | M4: FÍSICA | N4: FINANCIERA | O4: FÍSICA | P4: FINANCIERA | Q4: FÍSICA | R4: FINANCIERA | S4: FÍSICA | T4: FINANCIERA | U4: FÍSICA | V4: FINANCIERA | W4: FÍSICA | X4: FINANCIERA | Y4: FÍSICA | Z4: FINANCIERA | AA4: FÍSICA | AB4: FINANCIERA | AC4: FÍSICA | AD4: FINANCIERA
A5: 1 | B5: ALTA VERAPAZ | C5: CAHABÓN | D5: Desayuno | E5: 2080 | F5: 0 | G5: 2600 | H5: =80000+74000 -> 154000 | I5: 2860 | J5: 185000 | K5: 2423 | L5: 241012.2 | M5: 2600 | N5: 206677.21 | O5: 2730 | P5: 219102 | Q5: 2730 | R5: 223167.1 | AC5: =AA5+Y5+W5+U5+S5+Q5+O5+K5+M5+I5+G5+E5 -> 18023 | AD5: =AB5+Z5+X5+V5+T5+R5+P5+L5+N5+J5+H5+F5 -> 1228958.5
B6: ALTA VERAPAZ | C6: CAHABÓN | D6: Almuerzo | E6: 3400 | G6: 4000 | I6: 4400 | K6: 3800 | M6: 4000 | O6: 4000 | Q6: 4200 | AC6: =AA6+Y6+W6+U6+S6+Q6+O6+K6+M6+I6+G6+E6 -> 27800 | AD6: =AB6+Z6+X6+V6+T6+R6+P6+L6+N6+J6+H6+F6 -> 0
A7: 2 | B7: ALTA VERAPAZ | C7: CHAHAL | D7: Desayuno | E7: 2400 | F7: 0 | G7: 3000 | H7: =88912.5+81600 -> 170512.5 | I7: 3300 | J7: 183600 | K7: 2850 | L7: 286367.25 | M7: 3000 | N7: 235359.75 | O7: 3150 | P7: 252280 | Q7: 3450 | R7: 260725.55 | AC7: =AA7+Y7+W7+U7+S7+Q7+O7+K7+M7+I7+G7+E7 -> 21150 | AD7: =AB7+Z7+X7+V7+T7+R7+P7+L7+N7+J7+H7+F7 -> 1388845.1
B8: ALTA VERAPAZ | C8: CHAHAL | D8: Almuerzo | E8: 3825 | G8: 4500 | I8: 4950 | K8: 4245 | M8: 4500 | O8: 4709 | Q8: 5175 | AC8: =AA8+Y8+W8+U8+S8+Q8+O8+K8+M8+I8+G8+E8 -> 31904 | AD8: =AB8+Z8+X8+V8+T8+R8+P8+L8+N8+J8+H8+F8 -> 0
A9: 3 | B9: ALTA VERAPAZ | C9: CHISEC | D9: Desayuno | E9: 0 | F9: 0 | G9: 0 | H9: 0 | I9: 0 | J9: 0 | K9: 1780 | L9: 0 | M9: 2000 | N9: 153843.1 | O9: 2000 | P9: 165304.35 | Q9: 2300 | R9: 171057.5 | AC9: =AA9+Y9+W9+U9+S9+Q9+O9+K9+M9+I9+G9+E9 -> 8080 | AD9: =AB9+Z9+X9+V9+T9+R9+P9+L9+N9+J9+H9+F9 -> 490204.95
B10: ALTA VERAPAZ | C10: CHISEC | D10: Almuerzo | E10: 0 | G10: 0 | I10: 0 | K10: 2850 | M10: 3000 | O10: 3150 | Q10: 3450 | AC10: =AA10+Y10+W10+U10+S10+Q10+O10+K10+M10+I10+G10+E10 -> 12450 | AD10: =AB10+Z10+X10+V10+T10+R10+P10+L10+N10+J10+H10+F10 -> 0
A11: 4 | B11: ALTA VERAPAZ | C11: COBÁN | D11: Desayuno | E11: 2400 | F11: 0 | G11: 3000 | H11: =89100+82912 -> 172012 | I11: 3300 | J11: 155460 | K11: 2850 | L11: 237546 | M11: 3000 | N11: 0 | O11: 3150 | P11: 345150 | Q11: 3450 | R11: 185850 | AC11: =AA11+Y11+W11+U11+S11+Q11+O11+K11+M11+I11+G11+E11 -> 21150 | AD11: =AB11+Z11+X11+V11+T11+R11+P11+L11+N11+J11+H11+F11 -> 1096018
B12: ALTA VERAPAZ | C12: COBÁN | D12: Almuerzo | E12: 3400 | G12: 4000 | I12: 4400 | K12: 3800 | M12: 4000 | O12: 4200 | Q12: 4600 | AC12: =AA12+Y12+W12+U12+S12+Q12+O12+K12+M12+I12+G12+E12 -> 28400 | AD12: =AB12+Z12+X12+V12+T12+R12+P12+L12+N12+J12+H12+F12 -> 0
A13: 5 | B13: ALTA VERAPAZ | C13: FRAY BARTOLOMÉ DE LAS CASAS | D13: Desayuno | E13: 2400 | F13: 0 | G13: 3000 | H13: =88550+83200 -> 171750 | I13: 3300 | J13: 156000 | K13: 2850 | L13: 286172 | M13: 3000 | N13: 200980 | O13: 3150 | P13: 211328 | Q13: 4300 | R13: 222600 | AC13: =AA13+Y13+W13+U13+S13+Q13+O13+K13+M13+I13+G13+E13 -> 22000 | AD13: =AB13+Z13+X13+V13+T13+R13+P13+L13+N13+J13+H13+F13 -> 1248830
B14: ALTA VERAPAZ | C14: FRAY BARTOLOMÉ DE LAS CASAS | D14: Almuerzo | E14: 4200 | G14: 5000 | I14: 5500 | K14: 4735 | M14: 4976 | O14: 5250 | Q14: 6158 | AC14: =AA14+Y14+W14+U14+S14+Q14+O14+K14+M14+I14+G14+E14 -> 35819 | AD14: =AB14+Z14+X14+V14+T14+R14+P14+L14+N14+J14+H14+F14 -> 0
A15: 6 | B15: ALTA VERAPAZ | C15: PANZÓS | D15: Desayuno | E15: 2400 | F15: 0 | G15: 3000 | H15: =89550+82800 -> 172350 | I15: 3300 | J15: 153954 | K15: 2850 | L15: 268758 | M15: 3000 | N15: 0 | O15: 3150 | P15: 395019 | Q15: 3450 | R15: 213228 | AC15: =AA15+Y15+W15+U15+S15+Q15+O15+K15+M15+I15+G15+E15 -> 21150 | AD15: =AB15+Z15+X15+V15+T15+R15+P15+L15+N15+J15+H15+F15 -> 1203309
B16: ALTA VERAPAZ | C16: PANZÓS | D16: Almuerzo | E16: 4250 | G16: 5000 | I16: 5500 | K16: 4692 | M16: 4955 | O16: 5214 | Q16: 5750 | AC16: =AA16+Y16+W16+U16+S16+Q16+O16+K16+M16+I16+G16+E16 -> 35361 | AD16: =AB16+Z16+X16+V16+T16+R16+P16+L16+N16+J16+H16+F16 -> 0
A17: 7 | B17: ALTA VERAPAZ | C17: RAXRUHÁ | D17: Desayuno | E17: 0 | F17: 0 | G17: 0 | H17: 0 | I17: 0 | J17: 0 | K17: 0 | L17: 0 | M17: 200 | N17: 0 | O17: 2300 | P17: 0 | Q17: 2300 | R17: 195941 | AC17: =AA17+Y17+W17+U17+S17+Q17+O17+K17+M17+I17+G17+E17 -> 4800 | AD17: =AB17+Z17+X17+V17+T17+R17+P17+L17+N17+J17+H17+F17 -> 195941
B18: ALTA VERAPAZ | C18: RAXRUHÁ | D18: Almuerzo | E18: 0 | G18: 0 | I18: 0 | K18: 0 | M18: 450 | O18: 3600 | Q18: 3300 | AC18: =AA18+Y18+W18+U18+S18+Q18+O18+K18+M18+I18+G18+E18 -> 7350 | AD18: =AB18+Z18+X18+V18+T18+R18+P18+L18+N18+J18+H18+F18 -> 0
A19: 8 | B19: ALTA VERAPAZ | C19: SAN AGUSTÍN LANQUÍN | D19: Desayuno | E19: 2400 | F19: 0 | G19: 3000 | H19: =89550+82800 -> 172350 | I19: 3300 | J19: 186300 | K19: 2820 | L19: 313366 | M19: 3000 | N19: 251818.9 | O19: 3075 | P19: 266060 | Q19: 3400 | R19: 273400.5 | AC19: =AA19+Y19+W19+U19+S19+Q19+O19+K19+M19+I19+G19+E19 -> 20995 | AD19: =AB19+Z19+X19+V19+T19+R19+P19+L19+N19+J19+H19+F19 -> 1463295.4
B20: ALTA VERAPAZ | C20: SAN AGUSTÍN LANQUÍN | D20: Almuerzo | E20: 4250 | G20: 5000 | I20: 5500 | K20: 4750 | M20: 5000 | O20: 5145 | Q20: 5575 | AC20: =AA20+Y20+W20+U20+S20+Q20+O20+K20+M20+I20+G20+E20 -> 35220 | AD20: =AB20+Z20+X20+V20+T20+R20+P20+L20+N20+J20+H20+F20 -> 0
A21: 9 | B21: ALTA VERAPAZ | C21: SAN CRISTÓBAL VERAPAZ | D21: Desayuno | E21: 2392 | F21: 0 | G21: 2000 | H21: =89750+84150 -> 173900 | I21: 2200 | J21: 122774 | K21: 1863 | L21: 182479 | M21: 2000 | N21: 154509.31 | O21: 2100 | P21: 165890 | Q21: 2300 | R21: 174184.5 | AC21: =AA21+Y21+W21+U21+S21+Q21+O21+K21+M21+I21+G21+E21 -> 14855 | AD21: =AB21+Z21+X21+V21+T21+R21+P21+L21+N21+J21+H21+F21 -> 973736.81
B22: ALTA VERAPAZ | C22: SAN CRISTÓBAL VERAPAZ | D22: Almuerzo | E22: 3400 | G22: 3132 | I22: 3300 | K22: 2794 | M22: 3000 | O22: 3150 | Q22: 3450 | AC22: =AA22+Y22+W22+U22+S22+Q22+O22+K22+M22+I22+G22+E22 -> 22226 | AD22: =AB22+Z22+X22+V22+T22+R22+P22+L22+N22+J22+H22+F22 -> 0
A23: 10 | B23: ALTA VERAPAZ | C23: SAN JUAN CHAMELCO | D23: Desayuno | E23: 1600 | F23: 0 | G23: 2000 | H23: 89475 | I23: 2200 | J23: 118125 | K23: 1900 | L23: 171450 | M23: 2000 | N23: 120650 | O23: 2089 | P23: 127000 | Q23: 2300 | R23: 133097 | AC23: =AA23+Y23+W23+U23+S23+Q23+O23+K23+M23+I23+G23+E23 -> 14089 | AD23: =AB23+Z23+X23+V23+T23+R23+P23+L23+N23+J23+H23+F23 -> 759797
B24: ALTA VERAPAZ | C24: SAN JUAN CHAMELCO | D24: Almuerzo | E24: 2550 | G24: 3000 | I24: 3300 | K24: 2850 | M24: 3000 | O24: 3150 | Q24: 3450 | AC24: =AA24+Y24+W24+U24+S24+Q24+O24+K24+M24+I24+G24+E24 -> 21300 | AD24: =AB24+Z24+X24+V24+T24+R24+P24+L24+N24+J24+H24+F24 -> 0
A25: 11 | B25: ALTA VERAPAZ | C25: SANTA CATALINA LA TINTA | D25: Desayuno | E25: 2400 | F25: 0 | G25: 3000 | H25: =89850+83100 -> 172950 | I25: 3300 | J25: 186975 | K25: 2810 | L25: 308750.5 | M25: 2902 | N25: 247062.15 | O25: 3042 | P25: 260687.39 | Q25: 3450 | R25: 257796.24 | AC25: =AA25+Y25+W25+U25+S25+Q25+O25+K25+M25+I25+G25+E25 -> 20904 | AD25: =AB25+Z25+X25+V25+T25+R25+P25+L25+N25+J25+H25+F25 -> 1434221.3
B26: ALTA VERAPAZ | C26: SANTA CATALINA LA TINTA | D26: Almuerzo | E26: 4192 | G26: 5000 | I26: 5500 | K26: 4621 | M26: 5000 | O26: 4722 | Q26: 5750 | AC26: =AA26+Y26+W26+U26+S26+Q26+O26+K26+M26+I26+G26+E26 -> 34785 | AD26: =AB26+Z26+X26+V26+T26+R26+P26+L26+N26+J26+H26+F26 -> 0
A27: 12 | B27: ALTA VERAPAZ | C27: SENAHU | D27: Desayuno | E27: 2400 | F27: 0 | G27: 3000 | H27: =89250+83700 -> 172950 | I27: 3300 | J27: 120900 | K27: 2850 | L27: 232200 | M27: 3000 | N27: 0 | O27: 3150 | P27: 344340 | Q27: 3425 | R27: 185850 | AC27: =AA27+Y27+W27+U27+S27+Q27+O27+K27+M27+I27+G27+E27 -> 21125 | AD27: =AB27+Z27+X27+V27+T27+R27+P27+L27+N27+J27+H27+F27 -> 1056240
B28: ALTA VERAPAZ | C28: SENAHU | D28: Almuerzo | E28: 3400 | G28: 3900 | I28: 4400 | K28: 3800 | M28: 3970 | O28: 4200 | Q28: 4600 | AC28: =AA28+Y28+W28+U28+S28+Q28+O28+K28+M28+I28+G28+E28 -> 28270 | AD28: =AB28+Z28+X28+V28+T28+R28+P28+L28+N28+J28+H28+F28 -> 0
A29: 13 | B29: ALTA VERAPAZ | C29: SAN MIGUEL TUCURU | D29: Desayuno | E29: 1064 | F29: 0 | G29: 2000 | H29: 88950 | I29: 2200 | J29: 150075 | K29: 1850 | L29: 182479 | M29: 2000 | N29: 156032 | O29: 2100 | P29: 158862.2 | Q29: 1725 | R29: 174184.5 | AC29: =AA29+Y29+W29+U29+S29+Q29+O29+K29+M29+I29+G29+E29 -> 12939 | AD29: =AB29+Z29+X29+V29+T29+R29+P29+L29+N29+J29+H29+F29 -> 910582.7
B30: ALTA VERAPAZ | C30: SAN MIGUEL TUCURU | D30: Almuerzo | E30: 2017 | G30: 3000 | I30: 3300 | K30: 2850 | M30: 2796 | O30: 3150 | Q30: 2875 | AC30: =AA30+Y30+W30+U30+S30+Q30+O30+K30+M30+I30+G30+E30 -> 19988 | AD30: =AB30+Z30+X30+V30+T30+R30+P30+L30+N30+J30+H30+F30 -> 0
A31: 14 | B31: ALTA VERAPAZ | C31: TAMAHU | D31: Desayuno | E31: 0 | F31: 0 | G31: 0 | H31: 0 | I31: 0 | J31: 0 | K31: 0 | L31: 0 | M31: 0 | N31: 0 | O31: 0 | P31: 0 | Q31: 3000 | R31: 0 | AC31: =AA31+Y31+W31+U31+S31+Q31+O31+K31+M31+I31+G31+E31 -> 3000 | AD31: =AB31+Z31+X31+V31+T31+R31+P31+L31+N31+J31+H31+F31 -> 0
B32: ALTA VERAPAZ | C32: TAMAHU | D32: Almuerzo | E32: 0 | G32: 0 | I32: 0 | K32: 0 | M32: 0 | O32: 0 | Q32: 4000 | AC32: =AA32+Y32+W32+U32+S32+Q32+O32+K32+M32+I32+G32+E32 -> 4000 | AD32: =AB32+Z32+X32+V32+T32+R32+P32+L32+N32+J32+H32+F32 -> 0
A33: 15 | B33: BAJA VERAPAZ | C33: CUBULCO | D33: Desayuno | E33: 0 | F33: 0 | G33: 0 | H33: 0 | I33: 0 | J33: 0 | K33: 0 | L33: 0 | M33: 0 | N33: 0 | O33: 0 | P33: 0 | Q33: 300 | R33: 0 | AC33: =AA33+Y33+W33+U33+S33+Q33+O33+K33+M33+I33+G33+E33 -> 300 | AD33: =AB33+Z33+X33+V33+T33+R33+P33+L33+N33+J33+H33+F33 -> 0
B34: BAJA VERAPAZ | C34: CUBULCO | D34: Almuerzo | E34: 0 | G34: 0 | I34: 0 | K34: 0 | M34: 0 | O34: 0 | Q34: 300 | AC34: =AA34+Y34+W34+U34+S34+Q34+O34+K34+M34+I34+G34+E34 -> 300 | AD34: =AB34+Z34+X34+V34+T34+R34+P34+L34+N34+J34+H34+F34 -> 0
A35: 16 | B35: BAJA VERAPAZ | C35: CUBULCO 2 | D35: Desayuno | E35: 0 | F35: 0 | G35: 0 | H35: 0 | I35: 0 | J35: 0 | K35: 0 | L35: 0 | M35: 0 | N35: 0 | O35: 0 | P35: 0 | Q35: 450 | R35: 0 | AC35: =AA35+Y35+W35+U35+S35+Q35+O35+K35+M35+I35+G35+E35 -> 450 | AD35: =AB35+Z35+X35+V35+T35+R35+P35+L35+N35+J35+H35+F35 -> 0
B36: BAJA VERAPAZ | C36: CUBULCO 2 | D36: Almuerzo | E36: 0 | G36: 0 | I36: 0 | K36: 0 | M36: 0 | O36: 0 | Q36: 400 | AC36: =AA36+Y36+W36+U36+S36+Q36+O36+K36+M36+I36+G36+E36 -> 400 | AD36: =AB36+Z36+X36+V36+T36+R36+P36+L36+N36+J36+H36+F36 -> 0
A37: 17 | B37: BAJA VERAPAZ | C37: CUBULCO (Fijo) | D37: Desayuno | E37: 0 | F37: 0 | G37: 0 | H37: 0 | I37: 0 | J37: 0 | K37: 0 | L37: 0 | M37: 0 | N37: 0 | O37: 0 | P37: 0 | Q37: 450 | R37: 0 | AC37: =AA37+Y37+W37+U37+S37+Q37+O37+K37+M37+I37+G37+E37 -> 450 | AD37: =AB37+Z37+X37+V37+T37+R37+P37+L37+N37+J37+H37+F37 -> 0
B38: BAJA VERAPAZ | C38: CUBULCO (Fijo) | D38: Almuerzo | E38: 0 | G38: 0 | I38: 0 | K38: 0 | M38: 0 | O38: 0 | Q38: 450 | AC38: =AA38+Y38+W38+U38+S38+Q38+O38+K38+M38+I38+G38+E38 -> 450 | AD38: =AB38+Z38+X38+V38+T38+R38+P38+L38+N38+J38+H38+F38 -> 0
A39: 18 | B39: BAJA VERAPAZ | C39: PURULHA (Movil) | D39: Desayuno | E39: 0 | F39: 0 | G39: 0 | H39: 0 | I39: 1200 | J39: 0 | K39: 2350 | L39: 63500 | M39: 3000 | N39: 0 | O39: 3150 | P39: 366955.4 | Q39: 3300 | R39: 190927.2 | AC39: =AA39+Y39+W39+U39+S39+Q39+O39+K39+M39+I39+G39+E39 -> 13000 | AD39: =AB39+Z39+X39+V39+T39+R39+P39+L39+N39+J39+H39+F39 -> 621382.6
B40: BAJA VERAPAZ | C40: PURULHA (Movil) | D40: Almuerzo | E40: 0 | G40: 0 | I40: 1800 | K40: 3500 | M40: 4858 | O40: 5191 | Q40: 5500 | AC40: =AA40+Y40+W40+U40+S40+Q40+O40+K40+M40+I40+G40+E40 -> 20849 | AD40: =AB40+Z40+X40+V40+T40+R40+P40+L40+N40+J40+H40+F40 -> 0
A41: 19 | B41: BAJA VERAPAZ | C41: PURULHA (Fijo) | D41: Desayuno | E41: 0 | F41: 0 | G41: 0 | H41: 0 | I41: 0 | J41: 0 | K41: 1885 | L41: 96407 | M41: 1900 | N41: 160399.2 | O41: 2100 | P41: 155409.8 | Q41: 2300 | R41: 212607 | AC41: =AA41+Y41+W41+U41+S41+Q41+O41+K41+M41+I41+G41+E41 -> 8185 | AD41: =AB41+Z41+X41+V41+T41+R41+P41+L41+N41+J41+H41+F41 -> 624823
B42: BAJA VERAPAZ | C42: PURULHA (Fijo) | D42: Almuerzo | E42: 0 | G42: 0 | I42: 0 | K42: 2945 | M42: 3316 | O42: 3636 | Q42: 3838 | AC42: =AA42+Y42+W42+U42+S42+Q42+O42+K42+M42+I42+G42+E42 -> 13735 | AD42: =AB42+Z42+X42+V42+T42+R42+P42+L42+N42+J42+H42+F42 -> 0
A43: 20 | B43: BAJA VERAPAZ | C43: SALAMA | D43: Desayuno | E43: 0 | F43: 0 | G43: 0 | H43: 0 | I43: 0 | J43: 0 | K43: 0 | L43: 0 | M43: 0 | N43: 0 | O43: 0 | P43: 0 | Q43: 1825 | R43: 0 | AC43: =AA43+Y43+W43+U43+S43+Q43+O43+K43+M43+I43+G43+E43 -> 1825 | AD43: =AB43+Z43+X43+V43+T43+R43+P43+L43+N43+J43+H43+F43 -> 0
B44: BAJA VERAPAZ | C44: SALAMA | D44: Almuerzo | E44: 0 | G44: 0 | I44: 0 | K44: 0 | M44: 0 | O44: 0 | Q44: 2225 | AC44: =AA44+Y44+W44+U44+S44+Q44+O44+K44+M44+I44+G44+E44 -> 2225 | AD44: =AB44+Z44+X44+V44+T44+R44+P44+L44+N44+J44+H44+F44 -> 0
A45: 21 | B45: BAJA VERAPAZ | C45: SALAMA 2 | D45: Desayuno | E45: 0 | F45: 0 | G45: 0 | H45: 0 | I45: 0 | J45: 0 | K45: 0 | L45: 0 | M45: 0 | N45: 0 | O45: 0 | P45: 0 | Q45: 1850 | R45: 0 | AC45: =AA45+Y45+W45+U45+S45+Q45+O45+K45+M45+I45+G45+E45 -> 1850 | AD45: =AB45+Z45+X45+V45+T45+R45+P45+L45+N45+J45+H45+F45 -> 0
B46: BAJA VERAPAZ | C46: SALAMA 2 | D46: Almuerzo | E46: 0 | G46: 0 | I46: 0 | K46: 0 | M46: 0 | O46: 0 | Q46: 2700 | AC46: =AA46+Y46+W46+U46+S46+Q46+O46+K46+M46+I46+G46+E46 -> 2700 | AD46: =AB46+Z46+X46+V46+T46+R46+P46+L46+N46+J46+H46+F46 -> 0
A47: 22 | B47: BAJA VERAPAZ | C47: SAN JERONIMO | D47: Desayuno | E47: 1200 | F47: 0 | G47: 1500 | H47: 89250 | I47: 1650 | J47: 95570.5 | K47: 1900 | L47: 155925 | M47: 1979 | N47: 0 | O47: 2100 | P47: 133475 | Q47: 2290 | R47: 285004 | AC47: =AA47+Y47+W47+U47+S47+Q47+O47+K47+M47+I47+G47+E47 -> 12619 | AD47: =AB47+Z47+X47+V47+T47+R47+P47+L47+N47+J47+H47+F47 -> 759224.5
B48: BAJA VERAPAZ | C48: SAN JERONIMO | D48: Almuerzo | E48: 2537 | G48: 3000 | I48: 3300 | K48: 3325 | M48: 3406 | O48: 3675 | Q48: 4309 | AC48: =AA48+Y48+W48+U48+S48+Q48+O48+K48+M48+I48+G48+E48 -> 23552 | AD48: =AB48+Z48+X48+V48+T48+R48+P48+L48+N48+J48+H48+F48 -> 0
A49: 23 | B49: BAJA VERAPAZ | C49: SAN MIGUEL CHICAJ | D49: Desayuno | E49: 2400 | F49: 0 | G49: 3000 | H49: =89850+83100 -> 172950 | I49: 3300 | J49: 207750 | K49: 2700 | L49: 292666 | M49: 2965 | N49: 239454 | O49: 3150 | P49: 264655.5 | Q49: 3450 | R49: 279363 | AC49: =AA49+Y49+W49+U49+S49+Q49+O49+K49+M49+I49+G49+E49 -> 20965 | AD49: =AB49+Z49+X49+V49+T49+R49+P49+L49+N49+J49+H49+F49 -> 1456838.5
B50: BAJA VERAPAZ | C50: SAN MIGUEL CHICAJ | D50: Almuerzo | E50: 4250 | G50: 5000 | I50: 5500 | K50: 4500 | M50: 4991 | O50: 5250 | Q50: 5455 | AC50: =AA50+Y50+W50+U50+S50+Q50+O50+K50+M50+I50+G50+E50 -> 34946 | AD50: =AB50+Z50+X50+V50+T50+R50+P50+L50+N50+J50+H50+F50 -> 0
A51: 24 | B51: CHIMALTENANGO | C51: ACATENANGO (cerrado) | D51: Desayuno | E51: 2700 | F51: 0 | G51: 3000 | H51: =8621.5+74082+68972 -> 151675.5 | I51: 3300 | J51: 137944 | K51: 1500 | L51: 253800 | M51: 0 | N51: 0 | O51: 0 | P51: 69361.5 | Q51: 0 | R51: 0 | AC51: =AA51+Y51+W51+U51+S51+Q51+O51+K51+M51+I51+G51+E51 -> 10500 | AD51: =AB51+Z51+X51+V51+T51+R51+P51+L51+N51+J51+H51+F51 -> 612781
B52: CHIMALTENANGO | C52: ACATENANGO (cerrado) | D52: Almuerzo | E52: 3800 | G52: 4000 | I52: 4400 | K52: 2000 | M52: 0 | O52: 0 | Q52: 0 | AC52: =AA52+Y52+W52+U52+S52+Q52+O52+K52+M52+I52+G52+E52 -> 14200 | AD52: =AB52+Z52+X52+V52+T52+R52+P52+L52+N52+J52+H52+F52 -> 0
A53: 25 | B53: CHIMALTENANGO | C53: ACATENANCO (Fijo) | D53: Desayuno | E53: 0 | F53: 0 | G53: 0 | H53: 0 | I53: 0 | J53: 0 | K53: 1350 | L53: 0 | M53: 3000 | N53: 194291.5 | O53: 3000 | P53: 153508.5 | Q53: 3450 | R53: 222870 | AC53: =AA53+Y53+W53+U53+S53+Q53+O53+K53+M53+I53+G53+E53 -> 10800 | AD53: =AB53+Z53+X53+V53+T53+R53+P53+L53+N53+J53+H53+F53 -> 570670
B54: CHIMALTENANGO | C54: ACATENANGO (Fijo) | D54: Almuerzo | E54: 0 | G54: 0 | I54: 0 | K54: 1800 | M54: 4000 | O54: 4000 | Q54: 4600 | AC54: =AA54+Y54+W54+U54+S54+Q54+O54+K54+M54+I54+G54+E54 -> 14400 | AD54: =AB54+Z54+X54+V54+T54+R54+P54+L54+N54+J54+H54+F54 -> 0
A55: 26 | B55: CHIMALTENANGO | C55: PATZÚN | D55: Desayuno | E55: 1800 | F55: 0 | G55: 2000 | H55: =6812.25+79406 -> 86218.25 | I55: 2200 | J55: 74934.75 | K55: 1900 | L55: 268260 | M55: 1700 | N55: 140837.5 | O55: 2100 | P55: 126012.5 | Q55: 2300 | R55: 155662.5 | AC55: =AA55+Y55+W55+U55+S55+Q55+O55+K55+M55+I55+G55+E55 -> 14000 | AD55: =AB55+Z55+X55+V55+T55+R55+P55+L55+N55+J55+H55+F55 -> 851925.5
B56: CHIMALTENANGO | C56: PATZÚN | D56: Almuerzo | E56: 3325 | G56: 3500 | I56: 3850 | K56: 3325 | M56: 2975 | O56: 3675 | Q56: 4025 | AC56: =AA56+Y56+W56+U56+S56+Q56+O56+K56+M56+I56+G56+E56 -> 24675 | AD56: =AB56+Z56+X56+V56+T56+R56+P56+L56+N56+J56+H56+F56 -> 0
A57: 27 | B57: CHIMALTENANGO | C57: SAN MIGUEL POCHUTA | D57: Desayuno | E57: 1800 | F57: 0 | G57: 2000 | H57: =84944+78556.5 -> 163500.5 | I57: 2200 | J57: 130927.5 | K57: 1900 | L57: 218700 | M57: 2000 | N57: 153900 | O57: 2100 | P57: 162000 | Q57: 2300 | R57: 170100 | AC57: =AA57+Y57+W57+U57+S57+Q57+O57+K57+M57+I57+G57+E57 -> 14300 | AD57: =AB57+Z57+X57+V57+T57+R57+P57+L57+N57+J57+H57+F57 -> 999128
B58: CHIMALTENANGO | C58: SAN MIGUEL POCHUTA | D58: Almuerzo | E58: 4750 | G58: 4850 | I58: 4400 | K58: 3800 | M58: 4000 | O58: 4200 | Q58: 4600 | AC58: =AA58+Y58+W58+U58+S58+Q58+O58+K58+M58+I58+G58+E58 -> 30600 | AD58: =AB58+Z58+X58+V58+T58+R58+P58+L58+N58+J58+H58+F58 -> 0
A59: 28 | B59: CHIMALTENANGO | C59: SAN PEDRO YEPOCAPA | D59: Desayuno | E59: 2160 | F59: 0 | G59: 3000 | H59: =89157.8+82770.3 -> 171928.1 | I59: 3300 | J59: 91967 | K59: 2850 | L59: 253800 | M59: 3000 | N59: 178600 | O59: 3000 | P59: 188000 | Q59: 3450 | R59: 188000 | AC59: =AA59+Y59+W59+U59+S59+Q59+O59+K59+M59+I59+G59+E59 -> 20760 | AD59: =AB59+Z59+X59+V59+T59+R59+P59+L59+N59+J59+H59+F59 -> 1072295.1
B60: CHIMALTENANGO | C60: SAN PEDRO YEPOCAPA | D60: Almuerzo | E60: 4750 | G60: 4750 | I60: 4400 | K60: 3800 | M60: 4000 | O60: 4000 | Q60: 4600 | AC60: =AA60+Y60+W60+U60+S60+Q60+O60+K60+M60+I60+G60+E60 -> 30300 | AD60: =AB60+Z60+X60+V60+T60+R60+P60+L60+N60+J60+H60+F60 -> 0
A61: 29 | B61: CHIMALTENANGO | C61: EL TEJAR | D61: Desayuno | E61: 0 | F61: 0 | G61: 0 | H61: 0 | I61: 0 | J61: 0 | K61: 600 | L61: 0 | M61: 3000 | N61: 44574 | O61: 3150 | P61: 222870 | Q61: 3450 | R61: 234013.5 | AC61: =AA61+Y61+W61+U61+S61+Q61+O61+K61+M61+I61+G61+E61 -> 10200 | AD61: =AB61+Z61+X61+V61+T61+R61+P61+L61+N61+J61+H61+F61 -> 501457.5
B62: CHIMALTENANGO | C62: EL TEJAR | D62: Almuerzo | E62: 0 | G62: 0 | I62: 0 | K62: 800 | M62: 4000 | O62: 4200 | Q62: 4600 | AC62: =AA62+Y62+W62+U62+S62+Q62+O62+K62+M62+I62+G62+E62 -> 13600 | AD62: =AB62+Z62+X62+V62+T62+R62+P62+L62+N62+J62+H62+F62 -> 0
A63: 30 | B63: CHIQUIMULA | C63: CAMOTÁN | D63: Desayuno | E63: 1800 | F63: 0 | G63: 2000 | H63: 0 | I63: 2200 | J63: 275613.25 | K63: 1894 | L63: 171436 | M63: 2000 | N63: 0 | O63: 2100 | P63: 261150 | Q63: 2300 | R63: 140336 | AC63: =AA63+Y63+W63+U63+S63+Q63+O63+K63+M63+I63+G63+E63 -> 14294 | AD63: =AB63+Z63+X63+V63+T63+R63+P63+L63+N63+J63+H63+F63 -> 848535.25
B64: CHIQUIMULA | C64: CAMOTÁN | D64: Almuerzo | E64: 2797 | G64: 2778 | I64: 3300 | K64: 2850 | M64: 3000 | O64: 3137 | Q64: 3450 | AC64: =AA64+Y64+W64+U64+S64+Q64+O64+K64+M64+I64+G64+E64 -> 21312 | AD64: =AB64+Z64+X64+V64+T64+R64+P64+L64+N64+J64+H64+F64 -> 0
A65: 31 | B65: CHIQUIMULA | C65: CHIQUIMULA | D65: Desayuno | E65: 0 | F65: 0 | G65: 0 | H65: 0 | I65: 0 | J65: 0 | K65: 0 | L65: 0 | M65: 0 | N65: 0 | O65: 0 | P65: 0 | Q65: 2547 | R65: 0 | AC65: =AA65+Y65+W65+U65+S65+Q65+O65+K65+M65+I65+G65+E65 -> 2547 | AD65: =AB65+Z65+X65+V65+T65+R65+P65+L65+N65+J65+H65+F65 -> 0
B66: CHIQUIMULA | C66: CHIQUIMULA | D66: Almuerzo | E66: 0 | G66: 0 | I66: 0 | K66: 0 | M66: 0 | O66: 0 | Q66: 3400 | AC66: =AA66+Y66+W66+U66+S66+Q66+O66+K66+M66+I66+G66+E66 -> 3400 | AD66: =AB66+Z66+X66+V66+T66+R66+P66+L66+N66+J66+H66+F66 -> 0
A67: 32 | B67: CHIQUIMULA | C67: IPALA | D67: Desayuno | E67: 0 | F67: 0 | G67: 0 | H67: 0 | I67: 0 | J67: 0 | K67: 0 | L67: 0 | M67: 0 | N67: 0 | O67: 1400 | P67: 0 | Q67: 2300 | R67: 115812.95 | AC67: =AA67+Y67+W67+U67+S67+Q67+O67+K67+M67+I67+G67+E67 -> 3700 | AD67: =AB67+Z67+X67+V67+T67+R67+P67+L67+N67+J67+H67+F67 -> 115812.95
B68: CHIQUIMULA | C68: IPALA | D68: Almuerzo | E68: 0 | G68: 0 | I68: 0 | K68: 0 | M68: 0 | O68: 2091 | Q68: 3407 | AC68: =AA68+Y68+W68+U68+S68+Q68+O68+K68+M68+I68+G68+E68 -> 5498 | AD68: =AB68+Z68+X68+V68+T68+R68+P68+L68+N68+J68+H68+F68 -> 0
A69: 33 | B69: CHIQUIMULA | C69: JOCOTÁN | D69: Desayuno | E69: 2700 | F69: 0 | G69: 2875 | H69: 0 | I69: 2750 | J69: 389046.5 | K69: 2375 | L69: 234315 | M69: 2499 | N69: 0 | O69: 2625 | P69: 340000 | Q69: 2875 | R69: 183085 | AC69: =AA69+Y69+W69+U69+S69+Q69+O69+K69+M69+I69+G69+E69 -> 18699 | AD69: =AB69+Z69+X69+V69+T69+R69+P69+L69+N69+J69+H69+F69 -> 1146446.5
B70: CHIQUIMULA | C70: JOCOTÁN | D70: Almuerzo | E70: 3800 | G70: 4000 | I70: 4400 | K70: 3800 | M70: 4000 | O70: 4195 | Q70: 4600 | AC70: =AA70+Y70+W70+U70+S70+Q70+O70+K70+M70+I70+G70+E70 -> 28795 | AD70: =AB70+Z70+X70+V70+T70+R70+P70+L70+N70+J70+H70+F70 -> 0
A71: 34 | B71: CHIQUIMULA | C71: OLOPA | D71: Desayuno | E71: 1350 | F71: 0 | G71: 1500 | H71: 0 | I71: 1650 | J71: 245679.91 | K71: 1386 | L71: 140744 | M71: 1493 | N71: 0 | O71: 1565 | P71: 202091 | Q71: 1725 | R71: 110861 | AC71: =AA71+Y71+W71+U71+S71+Q71+O71+K71+M71+I71+G71+E71 -> 10669 | AD71: =AB71+Z71+X71+V71+T71+R71+P71+L71+N71+J71+H71+F71 -> 699375.91
B72: CHIQUIMULA | C72: OLOPA | D72: Almuerzo | E72: 2830 | G72: 2709 | I72: 2750 | K72: 2237 | M72: 2410 | O72: 2562 | Q72: 2847 | AC72: =AA72+Y72+W72+U72+S72+Q72+O72+K72+M72+I72+G72+E72 -> 18345 | AD72: =AB72+Z72+X72+V72+T72+R72+P72+L72+N72+J72+H72+F72 -> 0
A73: 35 | B73: CHIQUIMULA | C73: SAN JUAN ERMITA | D73: Desayuno | E73: 0 | F73: 0 | G73: 0 | H73: 0 | I73: 0 | J73: 0 | K73: 0 | L73: 0 | M73: 0 | N73: 0 | O73: 0 | P73: 0 | Q73: 2195 | R73: 0 | AC73: =AA73+Y73+W73+U73+S73+Q73+O73+K73+M73+I73+G73+E73 -> 2195 | AD73: =AB73+Z73+X73+V73+T73+R73+P73+L73+N73+J73+H73+F73 -> 0
B74: CHIQUIMULA | C74: SAN JUAN ERMITA | D74: Almuerzo | E74: 0 | G74: 0 | I74: 0 | K74: 0 | M74: 0 | O74: 0 | Q74: 3060 | AC74: =AA74+Y74+W74+U74+S74+Q74+O74+K74+M74+I74+G74+E74 -> 3060 | AD74: =AB74+Z74+X74+V74+T74+R74+P74+L74+N74+J74+H74+F74 -> 0
A75: 36 | B75: EL PROGRESO | C75: EL JÍCARO | D75: Desayuno | E75: 1795 | F75: 0 | G75: 2000 | H75: 84770 | I75: 2200 | J75: 140490 | K75: 1900 | L75: 218700 | M75: 2000 | N75: 153900 | O75: 2100 | P75: 162000 | Q75: 2300 | R75: 170100 | AC75: =AA75+Y75+W75+U75+S75+Q75+O75+K75+M75+I75+G75+E75 -> 14295 | AD75: =AB75+Z75+X75+V75+T75+R75+P75+L75+N75+J75+H75+F75 -> 929960
B76: EL PROGRESO | C76: EL JÍCARO | D76: Almuerzo | E76: 3783 | G76: 4000 | I76: 4400 | K76: 3800 | M76: 4000 | O76: 4200 | Q76: 4600 | AC76: =AA76+Y76+W76+U76+S76+Q76+O76+K76+M76+I76+G76+E76 -> 28783 | AD76: =AB76+Z76+X76+V76+T76+R76+P76+L76+N76+J76+H76+F76 -> 0
A77: 37 | B77: EL PROGRESO | C77: MORAZÁN | D77: Desayuno | E77: 2700 | F77: 0 | G77: 3000 | H77: =82390+77900 -> 160290 | I77: 3300 | J77: 101270 | K77: 2850 | L77: 253800 | M77: 3000 | N77: 178600 | O77: 3150 | P77: 188000 | Q77: 3450 | R77: 197400 | AC77: =AA77+Y77+W77+U77+S77+Q77+O77+K77+M77+I77+G77+E77 -> 21450 | AD77: =AB77+Z77+X77+V77+T77+R77+P77+L77+N77+J77+H77+F77 -> 1079360
B78: EL PROGRESO | C78: MORAZÁN | D78: Almuerzo | E78: 3800 | G78: 4000 | I78: 4400 | K78: 3800 | M78: 4000 | O78: 4200 | Q78: 4600 | AC78: =AA78+Y78+W78+U78+S78+Q78+O78+K78+M78+I78+G78+E78 -> 28800 | AD78: =AB78+Z78+X78+V78+T78+R78+P78+L78+N78+J78+H78+F78 -> 0
A79: 38 | B79: EL PROGRESO | C79: SAN AGUSTIN ACASAGUASTLAN (Fijo) | D79: Desayuno | E79: 0 | F79: 0 | G79: 0 | H79: 0 | I79: 0 | J79: 0 | K79: 0 | L79: 0 | M79: 0 | N79: 0 | O79: 0 | P79: 0 | Q79: 600 | R79: 0 | AC79: =AA79+Y79+W79+U79+S79+Q79+O79+K79+M79+I79+G79+E79 -> 600 | AD79: =AB79+Z79+X79+V79+T79+R79+P79+L79+N79+J79+H79+F79 -> 0
B80: EL PROGRESO | C80: SAN AGUSTIN ACASAGUASTLAN (Fijo) | D80: Almuerzo | E80: 0 | G80: 0 | I80: 0 | K80: 0 | M80: 0 | O80: 0 | Q80: 900 | AC80: =AA80+Y80+W80+U80+S80+Q80+O80+K80+M80+I80+G80+E80 -> 900 | AD80: =AB80+Z80+X80+V80+T80+R80+P80+L80+N80+J80+H80+F80 -> 0
A81: 39 | B81: EL PROGRESO | C81: SAN AGUSTIN ACASAGUASTLAN | D81: Desayuno | E81: 0 | F81: 0 | G81: 0 | H81: 0 | I81: 0 | J81: 0 | K81: 0 | L81: 0 | M81: 0 | N81: 0 | O81: 0 | P81: 0 | Q81: 1700 | R81: 0 | AC81: =AA81+Y81+W81+U81+S81+Q81+O81+K81+M81+I81+G81+E81 -> 1700 | AD81: =AB81+Z81+X81+V81+T81+R81+P81+L81+N81+J81+H81+F81 -> 0
B82: EL PROGRESO | C82: SAN AGUSTIN ACASAGUASTLAN | D82: Almuerzo | E82: 0 | G82: 0 | I82: 0 | K82: 0 | M82: 0 | O82: 0 | Q82: 2550 | AC82: =AA82+Y82+W82+U82+S82+Q82+O82+K82+M82+I82+G82+E82 -> 2550 | AD82: =AB82+Z82+X82+V82+T82+R82+P82+L82+N82+J82+H82+F82 -> 0
A83: 40 | B83: EL PROGRESO | C83: SAN AGUSTIN ACASAGUASTLAN 2 | D83: Desayuno | E83: 0 | F83: 0 | G83: 0 | H83: 0 | I83: 0 | J83: 0 | K83: 0 | L83: 0 | M83: 0 | N83: 0 | O83: 0 | P83: 0 | Q83: 1700 | R83: 0 | AC83: =AA83+Y83+W83+U83+S83+Q83+O83+K83+M83+I83+G83+E83 -> 1700 | AD83: =AB83+Z83+X83+V83+T83+R83+P83+L83+N83+J83+H83+F83 -> 0
B84: EL PROGRESO | C84: SAN AGUSTIN ACASAGUASTLAN 2 | D84: Almuerzo | E84: 0 | G84: 0 | I84: 0 | K84: 0 | M84: 0 | O84: 0 | Q84: 2550 | AC84: =AA84+Y84+W84+U84+S84+Q84+O84+K84+M84+I84+G84+E84 -> 2550 | AD84: =AB84+Z84+X84+V84+T84+R84+P84+L84+N84+J84+H84+F84 -> 0
A85: 41 | B85: EL PROGRESO | C85: SAN ANTONIO LA PAZ | D85: Desayuno | E85: 1800 | F85: 0 | G85: 2000 | H85: 84770 | I85: 2200 | J85: 140490 | K85: 1900 | L85: 218700 | M85: 2000 | N85: 153900 | O85: 2100 | P85: 162000 | Q85: 2300 | R85: 170100 | AC85: =AA85+Y85+W85+U85+S85+Q85+O85+K85+M85+I85+G85+E85 -> 14300 | AD85: =AB85+Z85+X85+V85+T85+R85+P85+L85+N85+J85+H85+F85 -> 929960
B86: EL PROGRESO | C86: SAN ANTONIO LA PAZ | D86: Almuerzo | E86: 3800 | G86: 4000 | I86: 4400 | K86: 3800 | M86: 4000 | O86: 4200 | Q86: 4600 | AC86: =AA86+Y86+W86+U86+S86+Q86+O86+K86+M86+I86+G86+E86 -> 28800 | AD86: =AB86+Z86+X86+V86+T86+R86+P86+L86+N86+J86+H86+F86 -> 0
A87: 42 | B87: EL PROGRESO | C87: SANSARE | D87: Desayuno | E87: 0 | F87: 0 | G87: 0 | H87: 0 | I87: 0 | J87: 0 | K87: 0 | L87: 0 | M87: 300 | N87: 0 | O87: 2400 | P87: 0 | Q87: 2300 | R87: 199068 | AC87: =AA87+Y87+W87+U87+S87+Q87+O87+K87+M87+I87+G87+E87 -> 5000 | AD87: =AB87+Z87+X87+V87+T87+R87+P87+L87+N87+J87+H87+F87 -> 199068
B88: EL PROGRESO | C88: SANSARE | D88: Almuerzo | E88: 0 | G88: 0 | I88: 0 | K88: 0 | M88: 450 | O88: 3600 | Q88: 3450 | AC88: =AA88+Y88+W88+U88+S88+Q88+O88+K88+M88+I88+G88+E88 -> 7500 | AD88: =AB88+Z88+X88+V88+T88+R88+P88+L88+N88+J88+H88+F88 -> 0
A89: 43 | B89: ESCUINTLA | C89: GUANAGAZAPA | D89: Desayuno | E89: 1700 | F89: 0 | G89: 2000 | H89: 0 | I89: 2200 | J89: 331389.33 | K89: 1900 | L89: 191836.5 | M89: 2000 | N89: 167394.75 | O89: 2100 | P89: 159630 | Q89: 2276 | R89: 167611.5 | AC89: =AA89+Y89+W89+U89+S89+Q89+O89+K89+M89+I89+G89+E89 -> 14176 | AD89: =AB89+Z89+X89+V89+T89+R89+P89+L89+N89+J89+H89+F89 -> 1017862.1
B90: ESCUINTLA | C90: GUANAGAZAPA | D90: Almuerzo | E90: 3150 | G90: 3500 | I90: 3850 | K90: 3325 | M90: 3000 | O90: 3150 | Q90: 3300 | AC90: =AA90+Y90+W90+U90+S90+Q90+O90+K90+M90+I90+G90+E90 -> 23275 | AD90: =AB90+Z90+X90+V90+T90+R90+P90+L90+N90+J90+H90+F90 -> 0
A91: 44 | B91: ESCUINTLA | C91: IZTAPA | D91: Desayuno | E91: 0 | F91: 0 | G91: 0 | H91: 0 | I91: 0 | J91: 0 | K91: 0 | L91: 0 | M91: 0 | N91: 0 | O91: 891 | P91: 0 | Q91: 2300 | R91: 71297.49 | AC91: =AA91+Y91+W91+U91+S91+Q91+O91+K91+M91+I91+G91+E91 -> 3191 | AD91: =AB91+Z91+X91+V91+T91+R91+P91+L91+N91+J91+H91+F91 -> 71297.49
B92: ESCUINTLA | C92: IZTAPA | D92: Almuerzo | E92: 0 | G92: 0 | I92: 0 | K92: 0 | M92: 0 | O92: 1342 | Q92: 3300 | AC92: =AA92+Y92+W92+U92+S92+Q92+O92+K92+M92+I92+G92+E92 -> 4642 | AD92: =AB92+Z92+X92+V92+T92+R92+P92+L92+N92+J92+H92+F92 -> 0
A93: 45 | B93: ESCUINTLA | C93: LA DEMOCRACIA | D93: Desayuno | E93: 1700 | F93: 0 | G93: 2000 | H93: 0 | I93: 2200 | J93: 300288 | K93: 1896 | L93: 175593 | M93: 2000 | N93: 151528.14 | O93: 2100 | P93: 159630 | Q93: 2300 | R93: 167611.5 | AC93: =AA93+Y93+W93+U93+S93+Q93+O93+K93+M93+I93+G93+E93 -> 14196 | AD93: =AB93+Z93+X93+V93+T93+R93+P93+L93+N93+J93+H93+F93 -> 954650.64
B94: ESCUINTLA | C94: LA DEMOCRACIA | D94: Almuerzo | E94: 2626 | G94: 3000 | I94: 3300 | K94: 2850 | M94: 3000 | O94: 3150 | Q94: 3450 | AC94: =AA94+Y94+W94+U94+S94+Q94+O94+K94+M94+I94+G94+E94 -> 21376 | AD94: =AB94+Z94+X94+V94+T94+R94+P94+L94+N94+J94+H94+F94 -> 0
A95: 46 | B95: ESCUINTLA | C95: LA GOMERA | D95: Desayuno | E95: 3400 | F95: 0 | G95: 4000 | H95: 0 | I95: 4400 | J95: 599316.3 | K95: 3800 | L95: 351186 | M95: 3000 | N95: 303297 | O95: 3150 | P95: 256020 | Q95: 3450 | R95: 268821 | AC95: =AA95+Y95+W95+U95+S95+Q95+O95+K95+M95+I95+G95+E95 -> 25200 | AD95: =AB95+Z95+X95+V95+T95+R95+P95+L95+N95+J95+H95+F95 -> 1778640.3
B96: ESCUINTLA | C96: LA GOMERA | D96: Almuerzo | E96: 5362 | G96: 6000 | I96: 6600 | K96: 5700 | M96: 5000 | O96: 5250 | Q96: 5700 | AC96: =AA96+Y96+W96+U96+S96+Q96+O96+K96+M96+I96+G96+E96 -> 39612 | AD96: =AB96+Z96+X96+V96+T96+R96+P96+L96+N96+J96+H96+F96 -> 0
A97: 47 | B97: ESCUINTLA | C97: MASAGUA | D97: Desayuno | E97: 3400 | F97: 0 | G97: 3727 | H97: 0 | I97: 3300 | J97: 529376.43 | K97: 2850 | L97: 281622 | M97: 2850 | N97: 243219 | O97: 3150 | P97: 243219 | Q97: 3450 | R97: 268821 | AC97: =AA97+Y97+W97+U97+S97+Q97+O97+K97+M97+I97+G97+E97 -> 22727 | AD97: =AB97+Z97+X97+V97+T97+R97+P97+L97+N97+J97+H97+F97 -> 1566257.4
B98: ESCUINTLA | C98: MASAGUA | D98: Almuerzo | E98: 4500 | G98: 5000 | I98: 5500 | K98: 4750 | M98: 4750 | O98: 5250 | Q98: 5670 | AC98: =AA98+Y98+W98+U98+S98+Q98+O98+K98+M98+I98+G98+E98 -> 35420 | AD98: =AB98+Z98+X98+V98+T98+R98+P98+L98+N98+J98+H98+F98 -> 0
A99: 48 | B99: ESCUINTLA | C99: NUEVA CONCEPCIÓN | D99: Desayuno | E99: 2550 | F99: 0 | G99: 2750 | H99: 0 | I99: 2200 | J99: 457827 | K99: 1900 | L99: 212058 | M99: 2000 | N99: 183141 | O99: 2100 | P99: 191884.95 | Q99: 2300 | R99: 202419 | AC99: =AA99+Y99+W99+U99+S99+Q99+O99+K99+M99+I99+G99+E99 -> 15800 | AD99: =AB99+Z99+X99+V99+T99+R99+P99+L99+N99+J99+H99+F99 -> 1247329.9
B100: ESCUINTLA | C100: NUEVA CONCEPCIÓN | D100: Almuerzo | E100: 4500 | G100: 4500 | I100: 4400 | K100: 3800 | M100: 3973 | O100: 4200 | Q100: 4600 | AC100: =AA100+Y100+W100+U100+S100+Q100+O100+K100+M100+I100+G100+E100 -> 29973 | AD100: =AB100+Z100+X100+V100+T100+R100+P100+L100+N100+J100+H100+F100 -> 0
...

Sheet BASE CONSOLIDADA
A1: Programa | B1: Departamento | C1: Municipio | D1: Unidad de Medida | E1: Mes | F1: No. Mes | G1: Física | H1: Financiera
A2: Beca Educación Media | B2: ALTA VERAPAZ | C2: CAHABÓN | D2: Beca | E2: 01 Enero | F2: 1 | G2: ='BECA MEDIA'!G4 -> 0 | H2: ='BECA MEDIA'!H4 -> 0
A3: Beca Educación Media | B3: ALTA VERAPAZ | C3: CAHABÓN | D3: Beca | E3: 02 Febrero | F3: 2 | G3: ='BECA MEDIA'!J4 -> 0 | H3: ='BECA MEDIA'!K4 -> 0
A4: Beca Educación Media | B4: ALTA VERAPAZ | C4: CAHABÓN | D4: Beca | E4: 03 Marzo | F4: 3 | G4: ='BECA MEDIA'!M4 -> 5.6 | H4: ='BECA MEDIA'!N4 -> 14000
A5: Beca Educación Media | B5: ALTA VERAPAZ | C5: CAHABÓN | D5: Beca | E5: 04 Abril | F5: 4 | G5: ='BECA MEDIA'!P4 -> 4.8 | H5: ='BECA MEDIA'!Q4 -> 12000
A6: Beca Educación Media | B6: ALTA VERAPAZ | C6: CAHABÓN | D6: Beca | E6: 05 Mayo | F6: 5 | G6: ='BECA MEDIA'!S4 -> 0 | H6: ='BECA MEDIA'!T4 -> 0
A7: Beca Educación Media | B7: ALTA VERAPAZ | C7: CAHABÓN | D7: Beca | E7: 06 Junio | F7: 6 | G7: ='BECA MEDIA'!V4 -> 10.4 | H7: ='BECA MEDIA'!W4 -> 26000
A8: Beca Educación Media | B8: ALTA VERAPAZ | C8: CAHABÓN | D8: Beca | E8: 07 Julio | F8: 7 | G8: ='BECA MEDIA'!Y4 -> 0 | H8: ='BECA MEDIA'!Z4 -> 0
A9: Beca Educación Media | B9: ALTA VERAPAZ | C9: CHAHAL | D9: Beca | E9: 01 Enero | F9: 1 | G9: ='BECA MEDIA'!G5 -> 0 | H9: ='BECA MEDIA'!H5 -> 0
A10: Beca Educación Media | B10: ALTA VERAPAZ | C10: CHAHAL | D10: Beca | E10: 02 Febrero | F10: 2 | G10: ='BECA MEDIA'!J5 -> 0 | H10: ='BECA MEDIA'!K5 -> 0
A11: Beca Educación Media | B11: ALTA VERAPAZ | C11: CHAHAL | D11: Beca | E11: 03 Marzo | F11: 3 | G11: ='BECA MEDIA'!M5 -> 6 | H11: ='BECA MEDIA'!N5 -> 15000
A12: Beca Educación Media | B12: ALTA VERAPAZ | C12: CHAHAL | D12: Beca | E12: 04 Abril | F12: 4 | G12: ='BECA MEDIA'!P5 -> 6.8 | H12: ='BECA MEDIA'!Q5 -> 17000
A13: Beca Educación Media | B13: ALTA VERAPAZ | C13: CHAHAL | D13: Beca | E13: 05 Mayo | F13: 5 | G13: ='BECA MEDIA'!S5 -> 0 | H13: ='BECA MEDIA'!T5 -> 0
A14: Beca Educación Media | B14: ALTA VERAPAZ | C14: CHAHAL | D14: Beca | E14: 06 Junio | F14: 6 | G14: ='BECA MEDIA'!V5 -> 12.8 | H14: ='BECA MEDIA'!W5 -> 32000
A15: Beca Educación Media | B15: ALTA VERAPAZ | C15: CHAHAL | D15: Beca | E15: 07 Julio | F15: 7 | G15: ='BECA MEDIA'!Y5 -> 0 | H15: ='BECA MEDIA'!Z5 -> 0
A16: Beca Educación Media | B16: ALTA VERAPAZ | C16: CHISEC | D16: Beca | E16: 01 Enero | F16: 1 | G16: ='BECA MEDIA'!G6 -> 0 | H16: ='BECA MEDIA'!H6 -> 0
A17: Beca Educación Media | B17: ALTA VERAPAZ | C17: CHISEC | D17: Beca | E17: 02 Febrero | F17: 2 | G17: ='BECA MEDIA'!J6 -> 0 | H17: ='BECA MEDIA'!K6 -> 0
A18: Beca Educación Media | B18: ALTA VERAPAZ | C18: CHISEC | D18: Beca | E18: 03 Marzo | F18: 3 | G18: ='BECA MEDIA'!M6 -> 6.8 | H18: ='BECA MEDIA'!N6 -> 17000
A19: Beca Educación Media | B19: ALTA VERAPAZ | C19: CHISEC | D19: Beca | E19: 04 Abril | F19: 4 | G19: ='BECA MEDIA'!P6 -> 2.8 | H19: ='BECA MEDIA'!Q6 -> 7000
A20: Beca Educación Media | B20: ALTA VERAPAZ | C20: CHISEC | D20: Beca | E20: 05 Mayo | F20: 5 | G20: ='BECA MEDIA'!S6 -> 0 | H20: ='BECA MEDIA'!T6 -> 0
A21: Beca Educación Media | B21: ALTA VERAPAZ | C21: CHISEC | D21: Beca | E21: 06 Junio | F21: 6 | G21: ='BECA MEDIA'!V6 -> 9.2 | H21: ='BECA MEDIA'!W6 -> 23000
A22: Beca Educación Media | B22: ALTA VERAPAZ | C22: CHISEC | D22: Beca | E22: 07 Julio | F22: 7 | G22: ='BECA MEDIA'!Y6 -> 0 | H22: ='BECA MEDIA'!Z6 -> 0
A23: Beca Educación Media | B23: ALTA VERAPAZ | C23: COBÁN | D23: Beca | E23: 01 Enero | F23: 1 | G23: ='BECA MEDIA'!G7 -> 0 | H23: ='BECA MEDIA'!H7 -> 0
A24: Beca Educación Media | B24: ALTA VERAPAZ | C24: COBÁN | D24: Beca | E24: 02 Febrero | F24: 2 | G24: ='BECA MEDIA'!J7 -> 0 | H24: ='BECA MEDIA'!K7 -> 0
A25: Beca Educación Media | B25: ALTA VERAPAZ | C25: COBÁN | D25: Beca | E25: 03 Marzo | F25: 3 | G25: ='BECA MEDIA'!M7 -> 6 | H25: ='BECA MEDIA'!N7 -> 15000
A26: Beca Educación Media | B26: ALTA VERAPAZ | C26: COBÁN | D26: Beca | E26: 04 Abril | F26: 4 | G26: ='BECA MEDIA'!P7 -> 3.2 | H26: ='BECA MEDIA'!Q7 -> 8000
A27: Beca Educación Media | B27: ALTA VERAPAZ | C27: COBÁN | D27: Beca | E27: 05 Mayo | F27: 5 | G27: ='BECA MEDIA'!S7 -> 0 | H27: ='BECA MEDIA'!T7 -> 0
A28: Beca Educación Media | B28: ALTA VERAPAZ | C28: COBÁN | D28: Beca | E28: 06 Junio | F28: 6 | G28: ='BECA MEDIA'!V7 -> 8.8 | H28: ='BECA MEDIA'!W7 -> 22000
A29: Beca Educación Media | B29: ALTA VERAPAZ | C29: COBÁN | D29: Beca | E29: 07 Julio | F29: 7 | G29: ='BECA MEDIA'!Y7 -> 0 | H29: ='BECA MEDIA'!Z7 -> 0
A30: Beca Educación Media | B30: ALTA VERAPAZ | C30: FRAY BARTOLOMÉ DE LAS CASAS | D30: Beca | E30: 01 Enero | F30: 1 | G30: ='BECA MEDIA'!G8 -> 0 | H30: ='BECA MEDIA'!H8 -> 0
A31: Beca Educación Media | B31: ALTA VERAPAZ | C31: FRAY BARTOLOMÉ DE LAS CASAS | D31: Beca | E31: 02 Febrero | F31: 2 | G31: ='BECA MEDIA'!J8 -> 0 | H31: ='BECA MEDIA'!K8 -> 0
A32: Beca Educación Media | B32: ALTA VERAPAZ | C32: FRAY BARTOLOMÉ DE LAS CASAS | D32: Beca | E32: 03 Marzo | F32: 3 | G32: ='BECA MEDIA'!M8 -> 1.6 | H32: ='BECA MEDIA'!N8 -> 4000
A33: Beca Educación Media | B33: ALTA VERAPAZ | C33: FRAY BARTOLOMÉ DE LAS CASAS | D33: Beca | E33: 04 Abril | F33: 4 | G33: ='BECA MEDIA'!P8 -> 2.4 | H33: ='BECA MEDIA'!Q8 -> 6000
A34: Beca Educación Media | B34: ALTA VERAPAZ | C34: FRAY BARTOLOMÉ DE LAS CASAS | D34: Beca | E34: 05 Mayo | F34: 5 | G34: ='BECA MEDIA'!S8 -> 0 | H34: ='BECA MEDIA'!T8 -> 0
A35: Beca Educación Media | B35: ALTA VERAPAZ | C35: FRAY BARTOLOMÉ DE LAS CASAS | D35: Beca | E35: 06 Junio | F35: 6 | G35: ='BECA MEDIA'!V8 -> 4 | H35: ='BECA MEDIA'!W8 -> 10000
A36: Beca Educación Media | B36: ALTA VERAPAZ | C36: FRAY BARTOLOMÉ DE LAS CASAS | D36: Beca | E36: 07 Julio | F36: 7 | G36: ='BECA MEDIA'!Y8 -> 0 | H36: ='BECA MEDIA'!Z8 -> 0
A37: Beca Educación Media | B37: ALTA VERAPAZ | C37: LANQUÍN | D37: Beca | E37: 01 Enero | F37: 1 | G37: ='BECA MEDIA'!G9 -> 0 | H37: ='BECA MEDIA'!H9 -> 0
A38: Beca Educación Media | B38: ALTA VERAPAZ | C38: LANQUÍN | D38: Beca | E38: 02 Febrero | F38: 2 | G38: ='BECA MEDIA'!J9 -> 0 | H38: ='BECA MEDIA'!K9 -> 0
A39: Beca Educación Media | B39: ALTA VERAPAZ | C39: LANQUÍN | D39: Beca | E39: 03 Marzo | F39: 3 | G39: ='BECA MEDIA'!M9 -> 2.4 | H39: ='BECA MEDIA'!N9 -> 6000
A40: Beca Educación Media | B40: ALTA VERAPAZ | C40: LANQUÍN | D40: Beca | E40: 04 Abril | F40: 4 | G40: ='BECA MEDIA'!P9 -> 7.6 | H40: ='BECA MEDIA'!Q9 -> 19000
A41: Beca Educación Media | B41: ALTA VERAPAZ | C41: LANQUÍN | D41: Beca | E41: 05 Mayo | F41: 5 | G41: ='BECA MEDIA'!S9 -> 0 | H41: ='BECA MEDIA'!T9 -> 0
A42: Beca Educación Media | B42: ALTA VERAPAZ | C42: LANQUÍN | D42: Beca | E42: 06 Junio | F42: 6 | G42: ='BECA MEDIA'!V9 -> 9.6 | H42: ='BECA MEDIA'!W9 -> 24000
A43: Beca Educación Media | B43: ALTA VERAPAZ | C43: LANQUÍN | D43: Beca | E43: 07 Julio | F43: 7 | G43: ='BECA MEDIA'!Y9 -> 0 | H43: ='BECA MEDIA'!Z9 -> 0
A44: Beca Educación Media | B44: ALTA VERAPAZ | C44: PANZÓS | D44: Beca | E44: 01 Enero | F44: 1 | G44: ='BECA MEDIA'!G10 -> 0 | H44: ='BECA MEDIA'!H10 -> 0
A45: Beca Educación Media | B45: ALTA VERAPAZ | C45: PANZÓS | D45: Beca | E45: 02 Febrero | F45: 2 | G45: ='BECA MEDIA'!J10 -> 0 | H45: ='BECA MEDIA'!K10 -> 0
A46: Beca Educación Media | B46: ALTA VERAPAZ | C46: PANZÓS | D46: Beca | E46: 03 Marzo | F46: 3 | G46: ='BECA MEDIA'!M10 -> 6 | H46: ='BECA MEDIA'!N10 -> 15000
A47: Beca Educación Media | B47: ALTA VERAPAZ | C47: PANZÓS | D47: Beca | E47: 04 Abril | F47: 4 | G47: ='BECA MEDIA'!P10 -> 4.8 | H47: ='BECA MEDIA'!Q10 -> 12000
A48: Beca Educación Media | B48: ALTA VERAPAZ | C48: PANZÓS | D48: Beca | E48: 05 Mayo | F48: 5 | G48: ='BECA MEDIA'!S10 -> 0 | H48: ='BECA MEDIA'!T10 -> 0
A49: Beca Educación Media | B49: ALTA VERAPAZ | C49: PANZÓS | D49: Beca | E49: 06 Junio | F49: 6 | G49: ='BECA MEDIA'!V10 -> 10.4 | H49: ='BECA MEDIA'!W10 -> 26000
A50: Beca Educación Media | B50: ALTA VERAPAZ | C50: PANZÓS | D50: Beca | E50: 07 Julio | F50: 7 | G50: ='BECA MEDIA'!Y10 -> 0 | H50: ='BECA MEDIA'!Z10 -> 0
A51: Beca Educación Media | B51: ALTA VERAPAZ | C51: RAXRUHÁ | D51: Beca | E51: 01 Enero | F51: 1 | G51: ='BECA MEDIA'!G11 -> 0 | H51: ='BECA MEDIA'!H11 -> 0
A52: Beca Educación Media | B52: ALTA VERAPAZ | C52: RAXRUHÁ | D52: Beca | E52: 02 Febrero | F52: 2 | G52: ='BECA MEDIA'!J11 -> 0 | H52: ='BECA MEDIA'!K11 -> 0
A53: Beca Educación Media | B53: ALTA VERAPAZ | C53: RAXRUHÁ | D53: Beca | E53: 03 Marzo | F53: 3 | G53: ='BECA MEDIA'!M11 -> 4.4 | H53: ='BECA MEDIA'!N11 -> 11000
